num_passengers,sales_channel,trip_type,purchase_lead,length_of_stay,flight_hour,flight_day,route,booking_origin,wants_extra_baggage,wants_preferred_seat,wants_in_flight_meals,flight_duration,booking_complete
4,Mobile,RoundTrip,33,19,0,F,LTNPRG,United Kingdom,0,0,1,4.76,0
3,Internet,OneWay,127,17,3,S,JFKDXB,France,1,1,0,4.6,0
3,Mobile,OneWay,262,5,1,T,LHRBOM,United Kingdom,0,1,0,11.72,1
2,Internet,RoundTrip,154,4,10,F,LHRBOM,USA,0,0,1,6.09,0
4,Internet,OneWay,62,7,1,W,AUHBOM,United Kingdom,0,0,1,11.63,1
1,Mobile,OneWay,359,10,5,W,JFKDXB,France,1,1,0,9.38,1
2,Mobile,OneWay,73,6,11,M,LHRBOM,UAE,0,1,0,8.59,0
4,Mobile,RoundTrip,31,2,15,S,LTNPRG,France,0,0,0,13.75,1
2,Internet,RoundTrip,139,10,0,T,LTNPRG,India,0,0,0,9.51,1
1,Internet,RoundTrip,41,9,16,S,LHRBOM,India,0,0,0,5.08,1
2,Internet,OneWay,216,7,11,F,JFKDXB,India,0,0,1,14.79,0
2,Mobile,OneWay,159,17,0,T,CDGSYD,USA,1,0,0,6.03,0
3,Internet,RoundTrip,338,6,2,S,AUHBOM,UAE,1,1,0,8.16,0
1,Mobile,RoundTrip,62,18,21,M,LTNPRG,India,0,1,0,6.9,0
2,Internet,RoundTrip,98,1,10,S,LTNPRG,UAE,0,1,1,11.61,0
4,Internet,RoundTrip,250,11,21,W,LHRBOM,USA,0,0,0,8.04,0
1,Internet,OneWay,255,20,11,M,LTNPRG,France,0,0,1,6.55,0
4,Internet,RoundTrip,132,6,3,T,JFKDXB,India,0,1,0,10.42,0
1,Mobile,RoundTrip,336,14,16,T,CDGSYD,USA,1,0,0,8.4,0
2,Internet,RoundTrip,309,15,10,T,LTNPRG,USA,0,0,1,2.23,0
3,Mobile,OneWay,223,7,8,M,CDGSYD,India,1,1,1,10.38,1
4,Internet,OneWay,273,13,4,F,LTNPRG,UAE,1,0,0,4.07,0
2,Mobile,RoundTrip,196,14,10,T,CDGSYD,France,0,1,0,14.49,0
1,Mobile,RoundTrip,172,10,22,W,CDGSYD,USA,0,1,1,11.68,0
4,Mobile,OneWay,199,8,5,T,LTNPRG,United Kingdom,1,1,1,6.86,0
4,Internet,OneWay,308,10,13,S,LHRBOM,India,0,0,1,2.78,0
3,Internet,RoundTrip,6,3,0,S,LHRBOM,India,1,0,1,6.26,1
1,Internet,RoundTrip,37,10,16,T,AUHBOM,UAE,0,0,1,10.47,1
3,Internet,RoundTrip,173,7,20,W,LTNPRG,USA,1,0,1,13.68,1
2,Internet,RoundTrip,212,7,22,S,CDGSYD,USA,1,1,1,11.72,1
2,Mobile,RoundTrip,66,5,18,M,LHRBOM,India,1,0,1,12.01,1
1,Mobile,OneWay,221,11,15,S,AUHBOM,UAE,1,0,1,3.69,0
2,Internet,RoundTrip,9,1,13,W,CDGSYD,UAE,1,0,1,4.98,1
4,Internet,OneWay,90,2,20,T,JFKDXB,USA,1,1,0,12.28,1
1,Internet,RoundTrip,168,5,0,S,LTNPRG,France,1,0,0,6.89,1
4,Internet,RoundTrip,19,12,5,T,LHRBOM,USA,1,0,0,13.16,1
3,Internet,RoundTrip,231,6,1,T,AUHBOM,United Kingdom,1,1,1,2.53,1
3,Internet,RoundTrip,195,10,5,S,LHRBOM,USA,1,1,0,10.02,0
4,Internet,OneWay,206,3,5,S,LHRBOM,India,1,0,0,8.62,0
1,Internet,RoundTrip,187,9,10,W,LHRBOM,USA,1,1,1,12.46,1
4,Internet,RoundTrip,252,10,15,M,JFKDXB,UAE,1,0,0,4.2,1
2,Mobile,OneWay,238,7,20,T,AUHBOM,India,0,0,0,4.58,1
2,Mobile,RoundTrip,241,1,13,S,LTNPRG,India,0,1,1,8.4,0
2,Internet,RoundTrip,78,13,0,M,LHRBOM,USA,1,0,1,9.86,1
3,Mobile,OneWay,251,5,2,T,AUHBOM,France,0,1,0,4.11,0
2,Mobile,RoundTrip,66,10,10,W,JFKDXB,France,0,0,1,13.78,0
4,Internet,RoundTrip,8,15,14,T,LHRBOM,United Kingdom,0,0,0,12.96,1
1,Internet,RoundTrip,356,3,18,T,CDGSYD,United Kingdom,1,0,0,3.63,1
3,Internet,RoundTrip,66,14,8,S,LTNPRG,France,1,0,0,13.04,0
3,Internet,RoundTrip,42,8,4,F,JFKDXB,USA,0,1,1,13.89,0
3,Internet,OneWay,111,11,3,T,CDGSYD,UAE,1,1,1,5.18,0
3,Internet,RoundTrip,364,2,14,S,LTNPRG,United Kingdom,1,0,1,13.24,0
3,Mobile,OneWay,315,10,22,S,JFKDXB,United Kingdom,1,0,1,9.32,0
4,Internet,RoundTrip,263,8,1,F,LHRBOM,India,0,0,1,12.43,1
1,Mobile,RoundTrip,69,4,0,M,AUHBOM,UAE,1,0,1,9.83,1
2,Mobile,RoundTrip,230,11,0,T,LTNPRG,United Kingdom,1,0,0,5.87,0
3,Internet,RoundTrip,304,14,12,S,LHRBOM,France,0,0,0,11.0,0
2,Internet,RoundTrip,124,8,7,T,CDGSYD,USA,1,0,0,11.1,0
4,Internet,OneWay,95,13,18,S,JFKDXB,India,1,0,0,11.38,0
3,Internet,OneWay,316,7,18,M,LHRBOM,United Kingdom,1,0,1,11.88,0
3,Internet,RoundTrip,48,17,11,T,LHRBOM,United Kingdom,0,1,1,10.4,1
1,Internet,RoundTrip,332,6,0,T,AUHBOM,USA,1,0,1,7.64,1
2,Internet,OneWay,175,16,13,M,CDGSYD,UAE,0,0,1,6.32,1
3,Mobile,RoundTrip,263,8,8,W,LHRBOM,India,0,0,1,13.82,0
2,Internet,RoundTrip,136,12,19,S,LTNPRG,France,0,0,1,12.58,1
4,Internet,RoundTrip,259,2,16,M,JFKDXB,UAE,1,1,1,12.86,1
1,Internet,RoundTrip,337,2,22,S,AUHBOM,France,0,1,1,3.19,1
1,Internet,RoundTrip,180,20,8,M,LHRBOM,France,1,0,0,7.28,1
2,Internet,OneWay,78,1,7,M,JFKDXB,India,0,0,0,6.61,0
2,Internet,RoundTrip,29,12,11,M,CDGSYD,UAE,1,0,1,13.39,1
4,Internet,RoundTrip,337,10,18,S,AUHBOM,France,0,0,1,6.31,1
4,Internet,OneWay,364,13,11,T,LTNPRG,UAE,1,1,1,14.22,0
2,Mobile,RoundTrip,238,1,7,M,AUHBOM,France,0,0,1,12.53,0
3,Internet,RoundTrip,6,4,20,S,JFKDXB,India,0,0,0,13.29,1
2,Internet,RoundTrip,323,7,9,F,LHRBOM,France,1,1,1,3.38,1
3,Internet,OneWay,181,19,20,W,JFKDXB,UAE,1,0,1,14.69,1
3,Internet,RoundTrip,86,7,14,S,LTNPRG,USA,1,1,0,6.81,1
3,Internet,RoundTrip,134,12,1,S,JFKDXB,USA,0,1,0,3.04,1
4,Internet,RoundTrip,343,12,11,T,AUHBOM,UAE,0,0,0,10.11,1
3,Mobile,OneWay,283,9,15,S,AUHBOM,United Kingdom,0,1,1,13.24,1
2,Internet,OneWay,218,17,21,W,JFKDXB,UAE,1,0,1,11.46,1
1,Internet,RoundTrip,268,15,12,S,CDGSYD,USA,0,0,1,11.17,0
3,Mobile,OneWay,309,9,0,F,CDGSYD,USA,0,1,0,14.24,0
4,Internet,RoundTrip,229,7,8,T,LHRBOM,India,0,1,1,14.57,1
3,Internet,OneWay,115,6,22,F,AUHBOM,France,0,1,1,12.71,0
4,Internet,RoundTrip,28,19,11,W,LTNPRG,USA,0,1,0,12.19,1
2,Mobile,RoundTrip,45,3,8,M,AUHBOM,United Kingdom,0,0,0,6.56,0
1,Internet,OneWay,87,4,20,T,LHRBOM,UAE,1,0,1,8.01,1
3,Internet,RoundTrip,280,6,9,M,LTNPRG,India,0,1,0,8.89,0
1,Internet,RoundTrip,35,17,17,T,CDGSYD,United Kingdom,1,0,1,8.23,1
1,Internet,OneWay,47,14,0,S,AUHBOM,UAE,1,0,0,12.49,0
3,Internet,RoundTrip,357,20,13,M,JFKDXB,USA,1,0,1,14.91,0
2,Internet,RoundTrip,146,15,0,F,LHRBOM,France,1,0,1,4.67,0
3,Internet,RoundTrip,47,10,4,T,AUHBOM,United Kingdom,1,0,0,12.25,1
3,Internet,RoundTrip,318,1,12,F,LHRBOM,India,1,1,0,9.94,0
2,Internet,RoundTrip,353,18,14,F,JFKDXB,India,1,0,1,11.45,0
3,Internet,RoundTrip,184,14,2,S,CDGSYD,France,1,0,1,8.51,1
3,Internet,RoundTrip,42,2,11,F,LTNPRG,France,0,0,1,11.05,0
3,Internet,OneWay,229,20,9,T,JFKDXB,France,0,1,0,10.13,0
3,Mobile,RoundTrip,314,13,10,W,AUHBOM,France,1,0,1,10.52,0
2,Mobile,RoundTrip,352,13,18,F,LTNPRG,USA,1,0,0,14.36,0
3,Internet,RoundTrip,210,8,21,W,LHRBOM,UAE,0,0,1,2.6,1
3,Internet,RoundTrip,344,7,1,S,CDGSYD,UAE,1,0,1,5.85,1
1,Mobile,RoundTrip,303,8,22,F,LHRBOM,France,0,1,1,10.38,1
1,Mobile,RoundTrip,59,2,1,F,JFKDXB,USA,0,0,1,6.97,0
1,Mobile,RoundTrip,231,10,21,F,AUHBOM,USA,0,1,0,7.85,1
1,Internet,RoundTrip,243,2,14,W,AUHBOM,UAE,1,0,0,7.55,1
2,Internet,RoundTrip,280,12,16,F,AUHBOM,France,1,1,1,12.12,1
4,Internet,RoundTrip,194,5,5,F,LTNPRG,United Kingdom,1,1,0,2.74,1
4,Mobile,OneWay,267,13,13,S,AUHBOM,France,1,1,1,7.85,1
4,Internet,RoundTrip,213,8,13,W,LHRBOM,UAE,0,1,1,10.67,0
3,Internet,OneWay,95,6,7,F,CDGSYD,United Kingdom,0,0,0,7.32,0
1,Internet,RoundTrip,177,3,11,S,JFKDXB,France,0,0,1,2.84,0
2,Internet,RoundTrip,341,8,21,W,LHRBOM,France,1,0,1,14.35,0
4,Internet,RoundTrip,307,2,2,S,CDGSYD,France,1,1,0,6.93,0
4,Mobile,RoundTrip,235,5,10,W,LHRBOM,United Kingdom,1,0,0,14.22,1
4,Mobile,RoundTrip,118,10,7,M,LHRBOM,India,1,0,0,13.98,1
2,Mobile,RoundTrip,74,13,4,M,JFKDXB,UAE,1,0,1,3.78,1
2,Internet,RoundTrip,104,10,11,T,AUHBOM,UAE,0,1,0,10.29,0
3,Internet,RoundTrip,112,3,2,W,LTNPRG,UAE,1,0,1,5.73,1
1,Internet,RoundTrip,351,15,2,T,JFKDXB,United Kingdom,1,0,0,4.68,0
1,Internet,RoundTrip,195,9,19,S,AUHBOM,India,1,0,1,9.3,1
1,Internet,RoundTrip,143,13,7,S,LHRBOM,United Kingdom,0,1,1,8.97,1
3,Internet,RoundTrip,321,20,7,F,LTNPRG,UAE,0,0,0,13.5,0
1,Internet,RoundTrip,135,1,15,S,LTNPRG,USA,1,0,1,10.8,1
3,Internet,RoundTrip,291,20,17,F,AUHBOM,United Kingdom,0,1,1,11.53,0
2,Internet,RoundTrip,234,20,19,F,AUHBOM,USA,0,1,0,12.28,1
4,Internet,RoundTrip,110,11,14,T,JFKDXB,France,0,0,0,2.88,1
1,Internet,OneWay,350,1,6,M,JFKDXB,France,1,1,1,6.71,0
2,Internet,RoundTrip,251,5,6,F,JFKDXB,USA,1,1,0,9.95,1
1,Internet,RoundTrip,361,5,16,M,AUHBOM,France,1,0,1,12.09,0
2,Mobile,RoundTrip,1,12,19,T,LTNPRG,India,1,1,0,12.48,0
3,Internet,RoundTrip,103,14,21,T,LTNPRG,France,0,0,0,13.33,1
1,Internet,RoundTrip,122,10,19,W,JFKDXB,USA,0,0,1,10.77,0
3,Internet,OneWay,246,8,14,W,AUHBOM,France,0,0,1,3.83,0
4,Internet,RoundTrip,306,1,3,F,LTNPRG,France,0,1,0,5.61,0
1,Mobile,RoundTrip,45,19,9,S,JFKDXB,USA,1,0,1,9.89,1
1,Internet,OneWay,56,20,2,M,LTNPRG,UAE,0,0,0,10.21,0
4,Mobile,RoundTrip,246,1,10,T,JFKDXB,United Kingdom,1,1,0,2.07,1
3,Internet,RoundTrip,129,7,13,W,CDGSYD,UAE,0,1,1,8.45,1
4,Internet,RoundTrip,255,20,15,T,LTNPRG,UAE,0,1,0,14.72,1
3,Internet,RoundTrip,1,8,5,M,LHRBOM,France,1,1,1,2.77,0
3,Mobile,OneWay,191,13,16,T,LTNPRG,United Kingdom,0,1,1,6.79,0
1,Internet,RoundTrip,9,11,7,T,LTNPRG,India,1,0,0,9.63,0
3,Internet,OneWay,347,13,16,S,LHRBOM,France,0,0,1,14.18,1
2,Internet,RoundTrip,54,18,21,W,JFKDXB,UAE,1,0,0,2.97,1
4,Internet,OneWay,65,8,6,W,CDGSYD,India,1,0,0,12.87,0
1,Internet,OneWay,38,16,4,F,LTNPRG,United Kingdom,1,0,0,6.01,1
1,Internet,OneWay,81,10,22,F,LTNPRG,India,0,0,0,5.88,0
3,Internet,OneWay,179,5,10,T,AUHBOM,France,1,1,1,5.54,0
4,Mobile,RoundTrip,225,2,5,W,LHRBOM,USA,0,0,1,13.52,1
4,Mobile,RoundTrip,328,15,6,M,AUHBOM,India,0,0,1,4.15,0
3,Internet,RoundTrip,320,13,10,T,LTNPRG,France,1,1,0,2.95,1
2,Internet,RoundTrip,31,18,8,W,JFKDXB,France,1,1,0,12.35,0
2,Internet,RoundTrip,156,5,20,W,CDGSYD,UAE,0,0,1,13.35,0
4,Internet,RoundTrip,317,15,8,T,JFKDXB,USA,1,1,1,5.34,0
1,Internet,RoundTrip,61,1,10,S,JFKDXB,USA,0,1,0,14.65,0
1,Internet,RoundTrip,244,3,5,S,LTNPRG,India,1,0,0,14.12,0
3,Mobile,OneWay,156,12,16,T,JFKDXB,United Kingdom,0,0,0,3.58,0
2,Mobile,RoundTrip,62,11,17,S,CDGSYD,France,0,0,0,4.02,0
2,Internet,OneWay,23,12,12,W,JFKDXB,United Kingdom,0,1,0,6.93,1
4,Mobile,RoundTrip,106,17,18,F,LTNPRG,UAE,0,0,0,10.74,0
2,Internet,OneWay,1,17,6,S,CDGSYD,UAE,0,1,1,2.1,1
4,Internet,OneWay,71,4,12,F,CDGSYD,USA,0,1,1,9.96,1
1,Internet,RoundTrip,200,5,16,W,LHRBOM,United Kingdom,1,0,1,13.13,0
2,Internet,RoundTrip,288,11,20,S,JFKDXB,India,1,1,1,8.22,1
1,Mobile,OneWay,184,20,7,M,CDGSYD,France,0,1,0,3.04,1
3,Mobile,RoundTrip,264,14,3,W,CDGSYD,France,0,1,0,4.47,1
4,Internet,OneWay,27,3,18,S,LHRBOM,UAE,0,0,0,10.0,0
4,Mobile,OneWay,111,13,11,F,JFKDXB,India,0,0,1,10.02,1
1,Internet,RoundTrip,240,7,1,W,LHRBOM,India,0,1,1,3.89,1
4,Internet,OneWay,20,3,19,W,LTNPRG,UAE,1,0,1,10.12,1
1,Internet,OneWay,213,15,11,W,LTNPRG,France,1,0,0,6.0,0
3,Mobile,OneWay,62,6,14,T,JFKDXB,USA,1,1,1,3.34,0
3,Internet,RoundTrip,153,16,8,T,LHRBOM,United Kingdom,0,1,0,9.22,1
1,Internet,RoundTrip,230,12,22,S,CDGSYD,France,1,0,0,10.89,1
1,Internet,RoundTrip,360,9,9,M,JFKDXB,UAE,1,1,0,5.41,0
1,Mobile,RoundTrip,33,5,13,S,CDGSYD,France,0,1,0,12.09,1
3,Mobile,OneWay,201,6,12,T,JFKDXB,USA,1,1,0,2.83,0
3,Mobile,OneWay,196,7,22,W,LHRBOM,India,0,0,0,5.5,1
1,Mobile,RoundTrip,24,14,14,S,LTNPRG,USA,0,1,0,7.78,1
3,Mobile,RoundTrip,224,9,2,S,JFKDXB,India,0,0,1,8.28,1
4,Internet,RoundTrip,28,1,19,W,LTNPRG,USA,1,0,0,10.03,0
1,Internet,OneWay,251,1,0,T,CDGSYD,United Kingdom,0,0,1,6.07,1
3,Mobile,RoundTrip,76,6,12,T,CDGSYD,USA,0,1,1,4.11,1
2,Internet,RoundTrip,46,11,8,T,LTNPRG,United Kingdom,0,0,0,14.58,1
2,Internet,RoundTrip,27,7,11,W,JFKDXB,USA,0,0,1,3.5,1
2,Internet,RoundTrip,168,20,19,T,CDGSYD,France,1,0,1,2.07,0
2,Mobile,RoundTrip,86,5,2,M,CDGSYD,USA,1,1,1,9.06,1
2,Internet,OneWay,169,9,1,S,CDGSYD,USA,0,1,0,3.99,1
1,Mobile,OneWay,327,8,20,M,CDGSYD,France,1,1,1,10.59,1
2,Internet,RoundTrip,305,6,5,S,LTNPRG,India,1,0,0,10.55,0
3,Internet,RoundTrip,274,18,10,W,CDGSYD,USA,1,1,0,8.54,0
2,Mobile,RoundTrip,171,6,22,F,AUHBOM,India,0,1,0,6.38,1
3,Internet,RoundTrip,41,1,16,M,LHRBOM,India,1,0,1,10.96,1
1,Internet,RoundTrip,149,11,14,W,AUHBOM,United Kingdom,0,0,0,9.7,1
1,Internet,RoundTrip,8,13,0,S,AUHBOM,United Kingdom,1,0,1,5.62,0
4,Mobile,RoundTrip,45,10,9,T,AUHBOM,India,0,1,1,3.49,0
2,Internet,OneWay,110,9,11,T,AUHBOM,UAE,0,0,0,3.72,0
3,Internet,RoundTrip,253,18,1,W,LTNPRG,France,0,0,0,9.43,1
3,Mobile,OneWay,287,8,14,F,JFKDXB,France,0,0,0,7.9,0
1,Mobile,RoundTrip,226,13,17,F,AUHBOM,India,0,1,1,10.79,1
4,Internet,RoundTrip,94,17,8,T,LTNPRG,USA,1,1,1,2.59,1
2,Internet,RoundTrip,261,8,21,S,LTNPRG,India,0,0,1,14.63,0
4,Internet,RoundTrip,363,11,21,T,JFKDXB,UAE,1,0,0,9.24,0
2,Internet,RoundTrip,239,8,17,S,JFKDXB,UAE,0,0,1,4.76,1
2,Internet,OneWay,278,13,7,T,CDGSYD,UAE,1,0,0,4.64,1
3,Internet,OneWay,319,11,2,T,LHRBOM,United Kingdom,0,1,0,13.38,0
1,Internet,RoundTrip,261,18,16,F,CDGSYD,United Kingdom,1,1,1,3.09,0
3,Internet,RoundTrip,320,6,12,W,JFKDXB,UAE,0,1,0,3.4,1
4,Internet,RoundTrip,108,4,16,S,LHRBOM,France,0,1,1,12.16,1
3,Internet,OneWay,112,9,9,T,JFKDXB,United Kingdom,0,1,1,14.32,1
1,Internet,RoundTrip,64,13,3,T,AUHBOM,India,0,1,1,7.73,0
3,Mobile,RoundTrip,67,6,20,W,AUHBOM,India,1,0,1,3.26,0
1,Mobile,OneWay,202,20,22,W,AUHBOM,USA,0,0,0,10.96,0
1,Mobile,OneWay,338,11,17,S,LTNPRG,France,1,0,1,5.54,0
2,Internet,RoundTrip,81,17,0,W,LTNPRG,UAE,0,1,0,14.34,1
2,Internet,RoundTrip,260,11,18,T,LHRBOM,UAE,0,0,0,13.72,1
1,Mobile,RoundTrip,29,8,22,F,CDGSYD,India,0,0,0,13.43,0
1,Internet,RoundTrip,354,17,9,S,AUHBOM,France,1,0,0,2.04,0
4,Internet,RoundTrip,192,4,11,W,CDGSYD,India,1,0,0,14.22,0
2,Internet,OneWay,181,6,0,W,JFKDXB,United Kingdom,0,1,0,10.9,1
1,Internet,RoundTrip,131,16,13,F,JFKDXB,India,1,0,0,2.63,0
2,Mobile,OneWay,351,19,17,F,AUHBOM,India,1,1,0,11.34,1
3,Internet,RoundTrip,153,6,4,M,CDGSYD,France,0,1,0,13.96,0
3,Mobile,OneWay,45,11,14,S,AUHBOM,USA,0,0,0,6.48,1
2,Internet,RoundTrip,206,10,5,W,JFKDXB,USA,1,0,1,10.83,1
1,Internet,RoundTrip,215,15,3,F,JFKDXB,UAE,0,1,1,6.32,1
4,Internet,RoundTrip,272,10,0,M,CDGSYD,USA,0,1,0,10.52,1
3,Internet,RoundTrip,181,13,17,F,LHRBOM,United Kingdom,0,1,1,8.85,1
4,Internet,RoundTrip,102,14,4,M,AUHBOM,United Kingdom,0,0,1,3.68,1
2,Internet,RoundTrip,1,17,3,M,LTNPRG,UAE,0,1,1,2.1,0
1,Mobile,OneWay,360,3,22,S,CDGSYD,India,0,0,0,11.93,0
2,Internet,RoundTrip,71,14,17,M,AUHBOM,United Kingdom,1,1,1,4.88,0
2,Mobile,RoundTrip,128,4,5,S,LHRBOM,India,0,1,1,7.32,1
3,Mobile,RoundTrip,56,1,16,T,LTNPRG,France,0,0,1,13.62,1
3,Internet,RoundTrip,86,15,11,T,LTNPRG,UAE,0,0,0,13.0,0
1,Mobile,RoundTrip,23,8,0,W,LHRBOM,United Kingdom,1,0,0,10.29,1
3,Internet,RoundTrip,124,15,6,M,CDGSYD,UAE,0,0,0,5.6,1
2,Internet,RoundTrip,346,19,17,F,CDGSYD,United Kingdom,0,0,1,3.62,0
3,Mobile,RoundTrip,82,3,16,S,LTNPRG,USA,0,0,1,4.33,1
2,Mobile,RoundTrip,352,10,9,W,CDGSYD,USA,0,0,0,14.34,0
3,Internet,RoundTrip,231,2,22,S,AUHBOM,UAE,0,1,0,10.2,0
3,Internet,RoundTrip,325,17,11,T,CDGSYD,UAE,0,1,0,7.37,0
2,Internet,RoundTrip,226,20,0,S,JFKDXB,UAE,0,0,1,14.28,1
1,Mobile,OneWay,360,18,22,S,LTNPRG,UAE,1,1,0,8.93,0
3,Internet,RoundTrip,201,20,0,M,LHRBOM,USA,0,1,0,7.24,0
4,Internet,RoundTrip,303,7,21,S,CDGSYD,UAE,0,0,1,3.64,0
2,Internet,OneWay,14,6,1,M,AUHBOM,UAE,0,1,1,3.1,0
4,Internet,RoundTrip,340,18,8,S,CDGSYD,France,0,1,0,10.71,1
1,Internet,RoundTrip,7,14,1,F,LHRBOM,USA,1,1,1,2.72,0
4,Mobile,RoundTrip,72,8,16,T,LHRBOM,France,1,0,0,3.07,1
4,Internet,RoundTrip,269,5,7,S,LTNPRG,UAE,0,0,0,14.5,1
2,Internet,RoundTrip,94,1,11,W,CDGSYD,France,0,0,1,9.71,1
1,Internet,OneWay,16,1,4,M,CDGSYD,UAE,1,1,0,13.63,0
3,Mobile,RoundTrip,314,14,18,T,LTNPRG,UAE,1,1,1,4.2,0
4,Mobile,RoundTrip,187,6,10,S,JFKDXB,France,0,1,1,14.35,1
1,Internet,RoundTrip,175,17,7,S,LTNPRG,UAE,0,0,1,11.19,1
3,Internet,RoundTrip,116,17,0,S,AUHBOM,France,0,0,0,6.1,0
4,Internet,RoundTrip,261,10,10,F,LTNPRG,France,1,1,0,13.77,0
1,Internet,RoundTrip,115,6,16,T,LHRBOM,France,1,1,1,3.36,1
3,Mobile,OneWay,205,4,2,S,JFKDXB,France,1,0,1,13.63,1
1,Internet,RoundTrip,48,6,11,T,AUHBOM,France,0,1,1,10.59,0
1,Internet,RoundTrip,112,13,21,S,JFKDXB,UAE,0,0,0,8.61,0
2,Mobile,RoundTrip,11,16,19,M,AUHBOM,India,1,1,1,13.45,0
2,Internet,RoundTrip,104,15,20,T,LTNPRG,India,1,0,0,2.18,1
1,Internet,RoundTrip,139,20,20,T,LTNPRG,UAE,1,0,0,9.23,1
4,Internet,RoundTrip,273,14,6,W,LHRBOM,UAE,0,1,0,8.6,0
1,Internet,RoundTrip,300,11,3,S,LHRBOM,France,0,1,0,4.02,1
4,Internet,RoundTrip,194,8,13,W,CDGSYD,United Kingdom,1,0,0,5.37,0
1,Internet,RoundTrip,337,7,16,F,LHRBOM,United Kingdom,1,0,0,4.39,0
3,Internet,OneWay,131,8,8,T,LHRBOM,India,0,0,1,5.2,1
3,Internet,RoundTrip,180,18,5,S,JFKDXB,USA,1,1,1,11.15,0
2,Internet,RoundTrip,225,11,3,S,AUHBOM,France,0,0,1,14.55,0
2,Internet,RoundTrip,65,5,11,S,LHRBOM,USA,1,0,1,10.45,0
4,Internet,RoundTrip,153,4,1,T,JFKDXB,France,1,0,1,9.18,0
1,Internet,RoundTrip,328,1,15,S,LTNPRG,United Kingdom,1,0,1,8.4,0
4,Internet,RoundTrip,173,17,18,S,LHRBOM,United Kingdom,0,0,1,3.82,0
3,Mobile,RoundTrip,339,5,19,W,LHRBOM,India,0,1,1,11.75,0
4,Mobile,RoundTrip,247,3,6,T,LTNPRG,UAE,1,0,1,13.85,0
2,Internet,RoundTrip,62,6,2,S,AUHBOM,France,0,1,0,6.85,1
2,Internet,RoundTrip,167,10,11,S,CDGSYD,United Kingdom,1,0,1,3.51,0
3,Internet,OneWay,134,20,17,T,JFKDXB,UAE,0,1,1,11.08,0
3,Internet,RoundTrip,346,18,20,T,CDGSYD,UAE,0,0,0,11.7,1
4,Internet,OneWay,123,4,2,F,LTNPRG,India,0,0,1,3.84,0
4,Internet,RoundTrip,177,11,0,T,LTNPRG,UAE,0,0,0,5.14,0
1,Internet,RoundTrip,252,17,3,S,CDGSYD,France,0,0,0,6.42,0
1,Internet,OneWay,351,16,12,F,LTNPRG,United Kingdom,1,1,1,6.21,1
4,Internet,RoundTrip,199,10,3,S,AUHBOM,United Kingdom,0,0,0,5.58,0
2,Internet,OneWay,309,5,21,T,LTNPRG,France,1,0,0,9.62,1
3,Mobile,RoundTrip,43,16,7,S,CDGSYD,India,1,0,0,13.07,1
1,Internet,RoundTrip,325,9,18,S,LHRBOM,France,0,1,0,9.63,0
1,Mobile,OneWay,76,5,7,S,LTNPRG,India,1,0,1,4.09,0
2,Internet,RoundTrip,278,15,5,F,LTNPRG,France,0,1,0,3.84,0
3,Mobile,OneWay,195,18,1,W,LTNPRG,India,0,0,0,14.57,1
4,Mobile,OneWay,221,18,4,T,CDGSYD,USA,1,0,1,2.11,0
4,Mobile,RoundTrip,34,19,17,T,AUHBOM,France,0,0,0,14.15,1
1,Mobile,RoundTrip,194,13,17,W,JFKDXB,USA,0,1,0,8.05,0
1,Mobile,OneWay,32,16,15,T,JFKDXB,UAE,0,1,0,2.07,0
3,Internet,RoundTrip,201,5,1,W,AUHBOM,USA,1,0,0,5.18,0
3,Mobile,RoundTrip,148,7,7,S,LHRBOM,UAE,0,1,0,10.01,1
1,Internet,RoundTrip,74,3,13,W,JFKDXB,USA,0,1,0,4.7,1
2,Internet,RoundTrip,179,2,21,M,LHRBOM,USA,0,0,0,14.0,0
4,Internet,RoundTrip,79,17,5,T,JFKDXB,United Kingdom,1,1,0,2.4,0
1,Mobile,RoundTrip,31,10,4,T,JFKDXB,UAE,1,1,0,6.4,1
4,Internet,RoundTrip,13,12,19,T,AUHBOM,United Kingdom,1,1,1,6.49,0
2,Internet,RoundTrip,125,2,10,T,CDGSYD,United Kingdom,1,1,0,11.12,1
3,Internet,RoundTrip,272,4,8,S,LTNPRG,India,0,1,1,14.82,0
3,Internet,RoundTrip,210,2,8,W,LHRBOM,UAE,1,0,0,14.35,1
3,Internet,RoundTrip,46,10,9,S,AUHBOM,USA,1,1,1,7.45,0
3,Internet,RoundTrip,162,12,11,S,LHRBOM,UAE,0,0,0,10.28,1
1,Internet,RoundTrip,212,3,18,T,LTNPRG,United Kingdom,1,0,0,13.94,0
2,Internet,RoundTrip,86,15,15,F,LHRBOM,United Kingdom,1,1,1,11.75,0
4,Internet,RoundTrip,51,3,2,S,LHRBOM,India,1,1,1,3.97,0
1,Internet,RoundTrip,91,17,3,F,JFKDXB,United Kingdom,0,0,1,13.95,0
3,Internet,RoundTrip,25,19,13,T,AUHBOM,France,0,1,1,7.84,0
3,Internet,RoundTrip,89,13,19,F,LTNPRG,USA,1,1,0,7.51,0
1,Internet,OneWay,195,11,22,T,LTNPRG,United Kingdom,0,0,0,2.88,1
1,Internet,RoundTrip,292,15,20,T,LTNPRG,France,1,1,1,13.17,0
4,Mobile,RoundTrip,318,5,14,T,LTNPRG,UAE,0,1,0,13.89,0
1,Mobile,OneWay,245,19,5,W,JFKDXB,France,1,1,0,13.64,0
1,Internet,RoundTrip,130,18,1,T,JFKDXB,France,1,1,0,4.52,0
1,Internet,OneWay,340,14,16,T,AUHBOM,UAE,0,1,0,3.42,1
3,Internet,RoundTrip,335,20,20,W,JFKDXB,UAE,1,1,0,4.89,0
4,Mobile,RoundTrip,131,7,9,M,JFKDXB,United Kingdom,0,1,1,5.27,1
1,Internet,RoundTrip,4,18,2,F,LHRBOM,United Kingdom,0,0,1,6.36,1
4,Mobile,RoundTrip,158,1,16,M,LTNPRG,India,0,0,0,8.64,1
3,Internet,RoundTrip,170,15,8,T,CDGSYD,USA,0,1,1,14.82,1
1,Internet,RoundTrip,247,6,14,M,AUHBOM,India,0,0,0,6.79,0
1,Internet,RoundTrip,54,20,4,S,LTNPRG,France,1,1,0,4.9,0
2,Mobile,RoundTrip,199,12,8,W,CDGSYD,United Kingdom,0,1,0,4.68,1
1,Internet,OneWay,115,4,16,M,LHRBOM,UAE,0,1,0,9.7,1
1,Internet,RoundTrip,181,7,19,T,AUHBOM,France,0,1,1,10.96,0
2,Mobile,OneWay,9,18,6,F,CDGSYD,UAE,1,1,0,7.98,1
4,Internet,RoundTrip,193,17,18,S,AUHBOM,UAE,1,0,1,12.59,0
4,Internet,RoundTrip,13,8,6,M,AUHBOM,India,0,1,1,2.2,1
3,Internet,RoundTrip,311,6,16,W,CDGSYD,UAE,0,0,0,9.93,1
2,Mobile,RoundTrip,260,1,9,M,AUHBOM,India,0,1,0,9.87,1
2,Internet,OneWay,336,3,16,T,CDGSYD,USA,0,1,1,13.69,0
3,Mobile,RoundTrip,239,1,6,W,AUHBOM,France,0,1,1,4.66,1
1,Internet,RoundTrip,357,7,1,F,LHRBOM,India,0,1,0,6.85,1
3,Mobile,RoundTrip,76,4,18,M,LTNPRG,France,0,0,1,8.42,1
4,Mobile,RoundTrip,3,1,0,F,CDGSYD,UAE,1,0,1,8.81,1
4,Internet,RoundTrip,329,16,12,S,LTNPRG,France,0,1,1,5.67,0
1,Mobile,RoundTrip,241,18,1,S,LHRBOM,France,0,0,0,8.63,0
2,Mobile,RoundTrip,251,18,12,T,CDGSYD,UAE,0,1,1,4.12,1
2,Mobile,RoundTrip,106,17,2,T,AUHBOM,United Kingdom,1,1,1,6.82,0
3,Internet,RoundTrip,123,3,3,F,JFKDXB,USA,0,0,1,14.28,1
1,Internet,RoundTrip,248,4,22,S,AUHBOM,United Kingdom,1,1,0,4.41,0
4,Internet,RoundTrip,149,17,21,M,JFKDXB,USA,1,1,1,3.78,1
4,Internet,RoundTrip,28,1,10,T,CDGSYD,India,1,0,0,2.39,1
2,Internet,OneWay,107,16,8,T,AUHBOM,India,1,1,0,11.52,0
2,Internet,RoundTrip,140,3,15,T,CDGSYD,USA,1,1,0,10.05,1
2,Internet,RoundTrip,303,2,8,T,LHRBOM,USA,0,1,1,4.62,1
1,Internet,RoundTrip,126,16,3,M,LHRBOM,USA,1,0,0,7.25,0
4,Internet,RoundTrip,180,15,5,M,JFKDXB,India,0,1,1,4.5,0
4,Mobile,RoundTrip,218,2,14,F,LTNPRG,USA,0,1,0,11.08,0
2,Mobile,RoundTrip,50,1,22,T,LHRBOM,USA,0,1,1,3.79,1
3,Internet,RoundTrip,212,18,15,W,LTNPRG,India,1,1,1,11.82,0
2,Internet,RoundTrip,74,6,13,M,JFKDXB,USA,0,1,0,6.42,1
1,Mobile,RoundTrip,320,20,18,S,AUHBOM,United Kingdom,0,1,1,8.18,1
2,Internet,RoundTrip,108,11,1,S,LTNPRG,United Kingdom,1,1,0,12.49,1
1,Internet,RoundTrip,111,20,14,F,LTNPRG,United Kingdom,1,0,1,8.91,1
4,Internet,RoundTrip,147,19,4,T,AUHBOM,USA,1,1,1,7.02,1
3,Internet,RoundTrip,132,13,9,W,CDGSYD,USA,1,0,1,6.98,0
4,Internet,RoundTrip,216,3,11,M,JFKDXB,United Kingdom,1,1,0,8.8,1
1,Mobile,OneWay,264,18,16,T,LTNPRG,United Kingdom,0,1,1,4.14,0
3,Internet,RoundTrip,351,7,4,T,LHRBOM,UAE,0,1,0,5.61,0
3,Internet,RoundTrip,324,6,21,M,AUHBOM,USA,0,0,0,9.24,1
3,Mobile,RoundTrip,96,12,13,S,LTNPRG,India,0,1,1,4.64,0
4,Mobile,RoundTrip,220,8,8,F,AUHBOM,USA,1,1,0,9.97,0
2,Internet,RoundTrip,120,15,7,T,LTNPRG,France,0,1,1,5.34,1
1,Internet,OneWay,294,6,2,S,AUHBOM,India,0,1,1,10.28,1
1,Internet,RoundTrip,9,19,8,T,LTNPRG,UAE,0,1,1,3.61,1
2,Internet,RoundTrip,363,2,2,F,JFKDXB,United Kingdom,0,1,1,8.53,0
1,Internet,RoundTrip,136,10,18,S,LTNPRG,France,0,0,1,11.75,0
1,Mobile,RoundTrip,272,20,18,W,LHRBOM,USA,1,1,0,6.1,1
1,Internet,RoundTrip,246,17,12,S,CDGSYD,UAE,0,1,0,11.93,0
2,Internet,OneWay,134,17,22,S,LTNPRG,USA,0,0,1,6.29,0
1,Mobile,OneWay,351,13,2,T,LTNPRG,UAE,0,0,1,12.04,0
2,Internet,RoundTrip,98,12,20,F,LTNPRG,USA,0,1,1,13.27,0
3,Mobile,RoundTrip,270,5,8,T,LHRBOM,India,0,0,0,2.62,1
2,Mobile,RoundTrip,339,6,17,S,LHRBOM,UAE,1,0,1,5.44,0
1,Internet,RoundTrip,43,12,20,T,CDGSYD,United Kingdom,1,0,0,14.57,0
3,Internet,RoundTrip,334,7,2,W,AUHBOM,United Kingdom,0,1,0,3.22,1
1,Mobile,RoundTrip,324,7,19,S,JFKDXB,France,0,1,1,3.69,1
3,Mobile,OneWay,139,14,22,T,LHRBOM,United Kingdom,1,1,1,2.2,0
2,Mobile,RoundTrip,306,15,17,F,LTNPRG,India,1,1,1,5.46,0
2,Internet,OneWay,3,10,3,W,JFKDXB,United Kingdom,0,1,1,9.66,0
1,Mobile,OneWay,69,6,19,W,JFKDXB,USA,1,1,1,5.32,0
2,Internet,RoundTrip,274,4,6,S,LTNPRG,UAE,1,1,1,14.59,1
1,Internet,RoundTrip,341,6,2,M,LTNPRG,USA,1,0,1,7.99,1
3,Internet,RoundTrip,46,7,14,S,LTNPRG,United Kingdom,0,0,1,9.96,1
1,Internet,OneWay,260,19,2,M,JFKDXB,India,1,0,0,4.98,0
3,Internet,RoundTrip,38,7,13,S,LTNPRG,India,0,0,1,10.2,1
2,Internet,OneWay,285,19,0,S,JFKDXB,India,1,0,0,5.54,0
3,Mobile,RoundTrip,327,11,17,F,LTNPRG,UAE,0,1,1,14.22,1
3,Internet,RoundTrip,168,10,2,F,JFKDXB,UAE,0,1,1,12.67,1
3,Internet,OneWay,37,6,15,M,AUHBOM,France,0,0,1,2.15,0
4,Internet,RoundTrip,74,16,18,W,JFKDXB,USA,0,0,0,7.35,0
3,Internet,RoundTrip,185,17,2,S,LTNPRG,India,0,1,0,7.39,0
4,Mobile,RoundTrip,291,20,0,F,JFKDXB,France,0,1,0,9.08,0
2,Mobile,RoundTrip,190,17,20,T,LHRBOM,United Kingdom,0,1,1,12.45,0
4,Internet,RoundTrip,174,2,10,S,CDGSYD,India,1,0,0,13.31,0
2,Mobile,RoundTrip,219,18,11,W,CDGSYD,USA,0,0,0,9.52,1
3,Mobile,RoundTrip,353,13,5,F,LTNPRG,United Kingdom,0,1,0,11.06,0
2,Internet,RoundTrip,288,11,10,F,AUHBOM,USA,1,1,0,5.71,0
4,Mobile,RoundTrip,56,6,19,T,LHRBOM,USA,0,1,1,3.13,0
2,Internet,RoundTrip,72,11,19,M,JFKDXB,India,1,1,1,2.09,1
3,Mobile,RoundTrip,130,17,18,S,AUHBOM,USA,0,0,0,2.3,1
1,Internet,OneWay,99,12,6,S,LTNPRG,France,1,1,1,11.47,1
3,Internet,RoundTrip,268,3,17,M,CDGSYD,UAE,0,1,0,4.7,0
1,Internet,OneWay,362,16,10,T,AUHBOM,UAE,1,1,0,11.2,0
2,Mobile,RoundTrip,209,16,8,T,JFKDXB,India,1,0,1,3.2,1
1,Internet,RoundTrip,325,14,7,S,LHRBOM,France,1,0,0,12.56,0
2,Internet,RoundTrip,158,5,21,T,LHRBOM,India,1,1,1,10.13,1
2,Internet,RoundTrip,251,6,3,T,AUHBOM,France,0,1,0,6.93,0
2,Mobile,RoundTrip,256,10,20,F,AUHBOM,USA,0,1,1,12.7,1
2,Internet,OneWay,107,18,20,S,LHRBOM,United Kingdom,1,1,1,11.03,0
1,Mobile,RoundTrip,267,17,14,T,CDGSYD,USA,1,0,1,12.85,1
3,Internet,OneWay,195,2,0,W,AUHBOM,France,0,1,0,11.23,1
4,Internet,RoundTrip,211,2,14,T,LHRBOM,India,1,1,0,2.65,1
2,Internet,RoundTrip,92,1,2,T,CDGSYD,UAE,0,1,1,9.39,0
1,Internet,RoundTrip,117,19,7,T,LHRBOM,France,1,0,0,9.06,1
1,Internet,RoundTrip,313,18,1,S,LHRBOM,United Kingdom,1,1,0,12.69,0
3,Mobile,RoundTrip,226,5,16,T,AUHBOM,France,1,1,0,4.33,0
4,Internet,OneWay,48,19,11,S,JFKDXB,United Kingdom,1,0,0,4.93,0
4,Mobile,OneWay,199,11,21,W,LTNPRG,United Kingdom,1,0,1,3.24,1
2,Internet,RoundTrip,226,7,15,T,CDGSYD,India,1,0,1,7.87,0
2,Mobile,RoundTrip,291,15,7,M,LHRBOM,United Kingdom,1,0,0,2.07,1
1,Mobile,RoundTrip,311,2,17,T,LHRBOM,USA,0,0,0,10.05,0
1,Mobile,RoundTrip,238,3,6,T,JFKDXB,India,0,1,1,3.97,1
4,Internet,RoundTrip,5,6,6,W,CDGSYD,USA,0,1,0,3.97,1
2,Mobile,RoundTrip,181,13,6,S,LHRBOM,USA,1,1,1,3.29,1
2,Internet,OneWay,76,17,16,F,CDGSYD,USA,1,1,1,7.94,0
2,Internet,RoundTrip,7,11,22,T,LTNPRG,United Kingdom,0,1,1,4.8,1
2,Internet,RoundTrip,337,9,19,T,AUHBOM,France,0,1,1,2.46,1
4,Internet,OneWay,61,12,12,T,CDGSYD,France,1,1,1,4.88,1
4,Mobile,RoundTrip,90,1,0,S,LHRBOM,India,0,1,1,11.44,0
3,Internet,RoundTrip,123,14,22,W,LTNPRG,United Kingdom,1,0,1,2.07,0
2,Mobile,OneWay,170,17,8,F,AUHBOM,USA,1,1,1,5.28,1
3,Internet,RoundTrip,219,9,14,S,LHRBOM,USA,0,0,1,4.95,0
2,Mobile,RoundTrip,113,13,9,S,LHRBOM,United Kingdom,0,1,0,5.36,0
3,Internet,RoundTrip,289,6,6,F,AUHBOM,France,1,1,0,4.87,1
1,Internet,OneWay,58,19,6,M,AUHBOM,USA,1,0,0,6.59,1
3,Mobile,RoundTrip,350,4,13,S,JFKDXB,United Kingdom,0,1,0,11.98,0
1,Mobile,RoundTrip,312,3,9,S,CDGSYD,USA,1,0,0,10.29,1
3,Internet,RoundTrip,219,19,3,F,JFKDXB,France,1,1,1,6.27,0
3,Internet,RoundTrip,18,11,8,F,LTNPRG,France,0,1,0,11.31,0
1,Internet,RoundTrip,266,9,10,T,LHRBOM,France,1,1,1,6.34,0
3,Internet,RoundTrip,257,17,14,M,JFKDXB,France,1,0,1,8.16,0
1,Mobile,OneWay,227,6,10,S,LHRBOM,United Kingdom,0,1,1,9.8,0
2,Mobile,RoundTrip,102,6,4,W,LHRBOM,United Kingdom,0,1,0,9.24,1
1,Internet,OneWay,157,2,13,F,JFKDXB,UAE,1,1,0,6.9,1
3,Internet,OneWay,152,11,19,T,LHRBOM,France,0,1,1,5.43,1
3,Internet,OneWay,222,16,8,F,CDGSYD,France,1,0,0,10.52,0
2,Mobile,RoundTrip,121,20,14,M,CDGSYD,United Kingdom,1,0,0,7.16,0
4,Internet,RoundTrip,146,11,10,F,CDGSYD,France,1,1,1,9.54,1
3,Mobile,OneWay,331,2,6,T,LTNPRG,UAE,1,1,0,7.37,1
3,Internet,RoundTrip,166,4,20,T,LTNPRG,India,1,1,0,12.29,0
1,Internet,RoundTrip,217,6,22,S,CDGSYD,USA,1,0,1,14.21,1
3,Internet,RoundTrip,332,18,4,F,LHRBOM,United Kingdom,0,1,1,14.27,0
3,Mobile,RoundTrip,344,12,14,S,CDGSYD,UAE,0,0,1,2.47,0
4,Internet,RoundTrip,206,19,21,F,JFKDXB,UAE,0,1,0,8.16,1
3,Internet,OneWay,97,17,12,S,LTNPRG,UAE,0,0,1,6.73,1
1,Internet,RoundTrip,37,18,12,S,JFKDXB,UAE,0,1,1,3.18,1
3,Internet,RoundTrip,314,6,22,S,CDGSYD,India,1,0,0,12.9,1
1,Mobile,RoundTrip,191,12,14,S,AUHBOM,USA,0,1,0,10.68,1
2,Internet,OneWay,207,2,19,T,LHRBOM,United Kingdom,1,0,0,9.4,0
4,Internet,RoundTrip,347,8,2,T,LHRBOM,USA,0,0,0,13.96,0
4,Internet,RoundTrip,136,7,13,M,JFKDXB,United Kingdom,0,0,1,10.36,1
4,Internet,OneWay,37,4,3,F,LTNPRG,USA,0,1,1,13.96,0
2,Internet,OneWay,246,2,4,F,LTNPRG,United Kingdom,0,1,0,10.71,1
3,Internet,RoundTrip,354,8,16,W,JFKDXB,France,1,1,1,3.02,0
3,Internet,RoundTrip,62,2,20,M,CDGSYD,UAE,1,1,0,2.23,1
1,Internet,RoundTrip,360,13,20,S,LHRBOM,United Kingdom,1,1,1,13.39,1
4,Internet,OneWay,197,6,17,M,JFKDXB,United Kingdom,1,0,1,8.96,0
4,Internet,RoundTrip,205,5,11,F,LHRBOM,UAE,1,1,1,6.31,1
1,Internet,RoundTrip,350,3,9,S,JFKDXB,France,1,1,1,9.81,0
4,Internet,RoundTrip,122,10,3,S,LTNPRG,UAE,0,1,1,7.68,1
2,Internet,RoundTrip,272,4,18,T,JFKDXB,India,0,0,1,5.84,1
3,Internet,RoundTrip,4,12,18,F,LTNPRG,USA,0,0,1,6.56,1
3,Internet,RoundTrip,245,20,2,S,LHRBOM,UAE,1,0,1,10.11,0
1,Internet,RoundTrip,6,15,21,F,CDGSYD,USA,0,0,1,10.3,1
1,Internet,OneWay,2,3,7,W,LTNPRG,India,1,0,1,14.13,1
3,Internet,RoundTrip,142,2,15,M,LTNPRG,France,0,1,1,12.35,1
4,Internet,OneWay,136,18,2,T,LTNPRG,USA,0,0,0,11.72,0
4,Internet,RoundTrip,286,18,4,F,JFKDXB,UAE,1,0,0,12.31,0
2,Internet,RoundTrip,325,8,13,T,LTNPRG,India,0,0,1,2.22,1
4,Internet,RoundTrip,344,10,9,W,AUHBOM,France,1,0,1,14.75,0
2,Mobile,RoundTrip,227,8,0,W,JFKDXB,UAE,1,1,0,14.45,1
3,Internet,OneWay,57,12,21,T,CDGSYD,India,1,0,0,5.01,0
2,Internet,RoundTrip,245,5,20,M,CDGSYD,France,1,0,0,12.94,1
3,Internet,OneWay,178,19,4,W,JFKDXB,United Kingdom,1,0,0,6.93,0
3,Mobile,RoundTrip,193,9,14,S,LTNPRG,France,0,0,1,11.31,0
3,Internet,RoundTrip,183,4,3,W,LTNPRG,France,0,1,1,5.44,0
2,Internet,RoundTrip,322,7,16,S,AUHBOM,India,1,0,0,14.24,0
3,Internet,RoundTrip,139,18,16,S,LHRBOM,UAE,0,0,1,13.65,1
3,Internet,OneWay,352,6,17,S,LTNPRG,United Kingdom,0,1,1,12.61,1
2,Internet,RoundTrip,197,17,12,T,CDGSYD,USA,0,1,1,2.76,0
3,Mobile,RoundTrip,251,16,0,W,LHRBOM,UAE,0,0,1,2.9,1
1,Mobile,OneWay,337,20,4,T,LTNPRG,India,0,0,0,8.87,1
4,Mobile,RoundTrip,297,4,22,T,LTNPRG,United Kingdom,1,0,0,13.43,0
1,Internet,RoundTrip,160,8,14,S,CDGSYD,India,0,1,0,4.86,1
4,Internet,RoundTrip,75,17,7,S,JFKDXB,United Kingdom,1,1,0,3.69,0
4,Mobile,RoundTrip,51,3,21,M,LTNPRG,India,1,1,1,7.96,0
4,Internet,OneWay,133,1,9,S,CDGSYD,France,0,1,1,14.14,0
1,Mobile,RoundTrip,243,1,19,W,LTNPRG,France,0,0,1,14.28,1
1,Internet,RoundTrip,291,2,18,T,AUHBOM,France,0,0,0,14.1,1
1,Internet,OneWay,12,16,0,W,LHRBOM,India,1,1,0,8.62,1
2,Internet,RoundTrip,169,7,21,W,LHRBOM,USA,1,0,0,14.19,0
4,Mobile,RoundTrip,343,3,20,T,CDGSYD,United Kingdom,0,1,0,14.76,1
4,Internet,OneWay,300,15,22,W,JFKDXB,USA,1,1,1,13.83,1
3,Internet,RoundTrip,343,7,14,S,CDGSYD,France,1,0,1,7.68,1
4,Internet,RoundTrip,349,3,16,M,LTNPRG,United Kingdom,1,0,1,5.26,1
1,Internet,OneWay,34,20,6,F,JFKDXB,UAE,1,0,0,11.77,1
4,Internet,RoundTrip,248,12,3,S,LHRBOM,France,0,1,0,5.41,0
2,Mobile,OneWay,201,9,2,F,JFKDXB,India,1,0,1,6.59,0
3,Internet,RoundTrip,174,19,4,T,AUHBOM,USA,1,0,0,8.98,1
4,Mobile,RoundTrip,291,5,22,F,LTNPRG,France,0,1,1,13.2,1
3,Mobile,RoundTrip,341,12,6,T,LTNPRG,France,1,1,0,8.24,1
2,Internet,RoundTrip,170,16,0,W,LTNPRG,United Kingdom,0,0,0,3.02,1
3,Internet,OneWay,237,1,15,S,AUHBOM,UAE,1,0,0,9.54,0
2,Internet,RoundTrip,175,6,4,F,LHRBOM,UAE,0,0,1,3.01,1
3,Internet,RoundTrip,232,2,11,M,AUHBOM,France,0,0,1,5.09,0
2,Internet,RoundTrip,354,11,15,S,LHRBOM,France,0,0,0,3.44,1
2,Mobile,RoundTrip,296,14,13,T,AUHBOM,France,0,0,0,9.54,1
1,Mobile,RoundTrip,84,4,17,T,AUHBOM,United Kingdom,0,0,1,5.2,0
2,Mobile,RoundTrip,316,3,0,T,LTNPRG,USA,0,1,1,10.0,1
3,Internet,RoundTrip,192,10,6,T,AUHBOM,India,0,1,0,10.61,1
4,Internet,OneWay,213,8,9,T,LHRBOM,USA,1,1,0,8.18,0
1,Mobile,OneWay,42,3,16,T,LHRBOM,United Kingdom,1,1,0,2.03,0
1,Internet,RoundTrip,162,14,12,S,JFKDXB,United Kingdom,0,0,1,2.4,0
3,Internet,OneWay,111,16,17,M,AUHBOM,UAE,1,0,1,8.26,1
3,Internet,RoundTrip,32,9,17,W,LTNPRG,UAE,1,1,0,4.73,0
1,Internet,RoundTrip,310,8,18,M,LTNPRG,USA,0,1,0,8.27,1
2,Internet,RoundTrip,48,4,13,T,JFKDXB,United Kingdom,1,0,1,9.5,1
1,Internet,OneWay,261,7,17,F,AUHBOM,France,0,1,1,8.06,1
1,Internet,RoundTrip,272,11,15,T,AUHBOM,United Kingdom,0,1,1,8.99,1
1,Mobile,RoundTrip,223,20,0,W,JFKDXB,India,0,0,0,14.56,1
3,Mobile,RoundTrip,306,4,6,M,LHRBOM,India,1,1,1,10.22,1
4,Internet,RoundTrip,42,17,20,F,LHRBOM,UAE,0,1,0,4.56,1
2,Mobile,RoundTrip,6,11,2,T,LHRBOM,United Kingdom,0,0,1,4.11,0
1,Mobile,RoundTrip,310,12,12,T,LTNPRG,United Kingdom,0,1,1,14.36,0
4,Internet,OneWay,67,7,17,M,LHRBOM,UAE,1,1,0,14.75,1
2,Internet,RoundTrip,109,19,9,T,LHRBOM,India,1,1,1,7.96,1
1,Internet,RoundTrip,252,2,4,S,LTNPRG,United Kingdom,0,0,0,13.2,1
1,Internet,OneWay,195,5,0,F,CDGSYD,France,0,1,0,10.28,0
2,Mobile,RoundTrip,74,7,15,T,JFKDXB,France,0,0,1,2.57,0
3,Internet,RoundTrip,85,12,13,T,JFKDXB,USA,0,1,0,12.05,1
2,Internet,RoundTrip,305,9,15,T,CDGSYD,France,1,0,0,6.8,1
2,Internet,RoundTrip,190,19,3,S,AUHBOM,UAE,1,1,1,9.51,0
2,Internet,RoundTrip,336,4,10,S,JFKDXB,France,1,0,0,13.57,0
4,Mobile,RoundTrip,205,12,12,W,AUHBOM,United Kingdom,1,1,0,8.85,0
3,Internet,OneWay,242,10,19,F,LTNPRG,USA,0,1,1,9.61,0
3,Internet,OneWay,124,7,4,S,LHRBOM,India,0,1,1,12.5,0
2,Internet,RoundTrip,11,1,15,W,CDGSYD,India,0,1,1,12.48,1
3,Internet,RoundTrip,185,17,15,T,JFKDXB,France,0,1,1,10.18,1
4,Internet,RoundTrip,266,5,13,W,JFKDXB,UAE,0,0,0,2.49,1
3,Internet,OneWay,148,3,2,T,CDGSYD,India,1,0,1,13.37,1
4,Internet,RoundTrip,314,12,2,W,JFKDXB,India,1,1,1,10.12,1
1,Internet,RoundTrip,254,4,13,T,JFKDXB,India,1,1,1,9.08,0
4,Mobile,RoundTrip,185,13,14,T,CDGSYD,UAE,0,1,1,13.03,0
4,Internet,RoundTrip,198,15,14,W,LTNPRG,USA,1,0,1,6.9,0
3,Internet,RoundTrip,83,5,17,T,LHRBOM,India,1,1,1,3.28,1
4,Internet,RoundTrip,320,2,9,W,JFKDXB,United Kingdom,0,1,0,5.34,1
3,Mobile,RoundTrip,22,2,6,T,JFKDXB,India,0,1,1,13.86,0
2,Internet,RoundTrip,19,2,21,T,LHRBOM,USA,1,0,1,12.27,0
3,Internet,OneWay,286,10,15,S,CDGSYD,United Kingdom,0,1,1,8.37,0
3,Internet,RoundTrip,10,8,12,S,JFKDXB,United Kingdom,0,0,0,12.67,1
1,Internet,OneWay,186,16,12,F,CDGSYD,India,1,1,0,13.33,1
1,Mobile,RoundTrip,69,8,17,T,JFKDXB,United Kingdom,0,0,0,12.4,1
2,Internet,RoundTrip,248,14,7,W,AUHBOM,India,0,1,0,14.95,0
3,Mobile,RoundTrip,44,10,10,M,JFKDXB,United Kingdom,0,1,1,14.47,0
1,Mobile,RoundTrip,97,9,0,F,LHRBOM,France,1,1,0,9.3,1
4,Internet,RoundTrip,192,15,18,T,CDGSYD,USA,0,1,0,10.68,1
1,Mobile,RoundTrip,138,11,11,M,LTNPRG,USA,1,1,0,14.87,0
4,Internet,RoundTrip,73,12,20,S,AUHBOM,France,0,1,0,13.8,0
3,Mobile,OneWay,23,10,6,T,JFKDXB,USA,1,0,1,8.26,1
2,Internet,RoundTrip,6,15,9,M,AUHBOM,United Kingdom,1,1,1,4.91,0
2,Internet,RoundTrip,70,7,1,F,JFKDXB,France,1,1,0,4.17,0
3,Internet,OneWay,103,1,22,F,LTNPRG,India,1,1,1,3.81,0
1,Internet,RoundTrip,44,9,7,T,LTNPRG,USA,0,0,0,2.26,0
3,Internet,OneWay,186,7,3,T,AUHBOM,France,1,1,1,11.77,1
3,Mobile,RoundTrip,323,18,14,M,LTNPRG,India,0,0,0,8.93,0
1,Internet,RoundTrip,260,20,19,T,CDGSYD,France,1,0,0,7.9,0
4,Internet,RoundTrip,112,5,2,W,CDGSYD,France,1,1,1,2.02,1
3,Internet,RoundTrip,160,9,12,W,JFKDXB,India,1,0,0,8.16,0
1,Internet,RoundTrip,281,9,10,S,CDGSYD,United Kingdom,1,1,1,2.19,0
3,Internet,RoundTrip,351,5,3,S,JFKDXB,USA,0,1,0,10.97,1
2,Mobile,RoundTrip,201,1,6,S,CDGSYD,France,0,0,1,14.82,1
4,Internet,RoundTrip,73,20,14,T,JFKDXB,United Kingdom,0,0,1,13.57,0
2,Internet,RoundTrip,316,14,22,S,CDGSYD,France,0,0,0,4.51,0
4,Internet,RoundTrip,188,9,3,T,LHRBOM,USA,0,1,0,10.32,0
4,Internet,RoundTrip,11,4,14,S,LHRBOM,United Kingdom,1,1,1,5.47,1
1,Internet,RoundTrip,93,10,20,F,AUHBOM,USA,1,1,1,9.03,1
2,Mobile,RoundTrip,194,6,17,F,LTNPRG,USA,0,1,0,7.97,1
1,Internet,RoundTrip,294,5,18,M,LHRBOM,India,0,1,1,5.35,1
2,Mobile,RoundTrip,311,20,21,T,LTNPRG,India,1,1,0,9.01,1
1,Internet,RoundTrip,69,14,15,S,LTNPRG,United Kingdom,1,1,1,10.81,1
3,Internet,OneWay,264,7,0,T,LTNPRG,France,0,0,0,10.92,0
1,Mobile,RoundTrip,351,5,5,W,CDGSYD,UAE,0,0,0,4.37,0
3,Mobile,RoundTrip,291,16,9,F,CDGSYD,UAE,0,1,1,2.27,0
2,Mobile,RoundTrip,261,13,22,S,CDGSYD,United Kingdom,1,0,1,12.35,1
4,Mobile,RoundTrip,290,18,4,W,AUHBOM,UAE,0,1,1,10.58,1
4,Mobile,RoundTrip,203,16,19,S,LHRBOM,United Kingdom,1,0,1,7.9,0
3,Mobile,OneWay,221,9,14,F,LTNPRG,France,0,1,0,10.24,0
2,Internet,RoundTrip,194,14,16,T,LHRBOM,France,0,0,1,13.51,0
3,Mobile,OneWay,348,8,2,T,LHRBOM,United Kingdom,0,0,0,6.75,0
3,Internet,OneWay,132,2,8,S,CDGSYD,United Kingdom,1,1,1,7.8,1
1,Internet,RoundTrip,283,1,10,S,LHRBOM,India,0,0,0,8.79,1
2,Internet,RoundTrip,8,2,11,S,LTNPRG,UAE,0,1,1,10.93,1
4,Mobile,RoundTrip,153,19,20,M,AUHBOM,United Kingdom,1,1,0,8.4,1
2,Mobile,OneWay,334,17,7,S,LHRBOM,USA,0,1,0,11.28,1
1,Internet,RoundTrip,89,8,19,T,LTNPRG,France,0,1,1,5.56,0
4,Mobile,RoundTrip,290,19,19,T,AUHBOM,UAE,1,1,0,3.59,1
4,Mobile,RoundTrip,183,15,14,W,LHRBOM,India,1,1,1,2.82,1
3,Internet,RoundTrip,50,3,7,F,CDGSYD,India,0,0,1,3.08,1
3,Internet,RoundTrip,39,5,2,T,CDGSYD,UAE,0,0,0,2.28,0
2,Internet,OneWay,45,8,5,M,JFKDXB,United Kingdom,1,0,0,14.76,0
2,Mobile,RoundTrip,170,17,13,W,AUHBOM,USA,0,1,1,11.86,0
4,Internet,OneWay,113,14,4,S,AUHBOM,France,1,0,1,8.99,0
4,Mobile,RoundTrip,326,8,20,M,AUHBOM,USA,1,1,1,5.41,1
2,Internet,RoundTrip,278,17,9,T,JFKDXB,France,0,1,1,11.5,0
2,Mobile,RoundTrip,53,7,6,M,LTNPRG,France,1,1,1,14.95,1
1,Internet,RoundTrip,184,19,14,S,LHRBOM,UAE,1,1,1,6.7,0
1,Mobile,RoundTrip,279,15,3,S,JFKDXB,France,0,0,0,6.96,1
2,Internet,RoundTrip,239,14,19,S,CDGSYD,UAE,1,0,0,13.06,0
3,Internet,RoundTrip,4,2,12,M,CDGSYD,UAE,0,0,1,7.02,1
3,Mobile,OneWay,3,3,21,S,LTNPRG,USA,0,0,1,13.43,0
4,Mobile,RoundTrip,213,20,19,S,CDGSYD,UAE,1,0,1,4.21,0
2,Mobile,RoundTrip,337,16,1,S,LTNPRG,USA,0,0,0,13.88,0
1,Internet,RoundTrip,19,6,20,S,LHRBOM,United Kingdom,0,0,0,3.77,1
4,Internet,RoundTrip,61,18,1,S,LHRBOM,United Kingdom,1,0,0,11.56,1
4,Internet,OneWay,69,7,18,M,LTNPRG,USA,0,1,1,6.13,0
3,Internet,OneWay,117,8,8,F,LTNPRG,India,1,0,1,12.53,0
1,Internet,OneWay,325,7,7,S,LHRBOM,France,1,1,1,4.2,1
2,Mobile,OneWay,345,10,18,F,LHRBOM,United Kingdom,1,0,0,10.25,1
3,Mobile,RoundTrip,112,16,6,S,LHRBOM,USA,0,1,0,8.59,1
4,Mobile,OneWay,267,4,20,M,CDGSYD,UAE,0,1,1,5.74,1
3,Mobile,RoundTrip,4,20,0,F,CDGSYD,India,0,0,1,8.32,1
2,Mobile,RoundTrip,187,7,3,S,CDGSYD,India,1,0,0,14.48,1
2,Internet,RoundTrip,229,20,8,T,CDGSYD,France,0,1,0,11.86,1
2,Internet,RoundTrip,315,18,6,T,AUHBOM,UAE,0,1,1,2.76,1
1,Internet,RoundTrip,300,11,20,W,JFKDXB,UAE,1,1,0,14.71,1
1,Mobile,RoundTrip,23,2,20,S,AUHBOM,India,1,0,1,11.36,1
4,Internet,RoundTrip,151,12,9,S,LHRBOM,France,0,0,1,5.28,1
2,Internet,OneWay,28,16,13,W,AUHBOM,UAE,0,0,0,14.48,1
4,Internet,RoundTrip,4,20,7,T,CDGSYD,India,0,1,0,8.44,0
2,Internet,RoundTrip,57,2,9,T,JFKDXB,United Kingdom,0,0,0,9.06,0
4,Internet,RoundTrip,340,15,7,F,LTNPRG,USA,1,0,1,5.22,1
1,Mobile,OneWay,97,6,5,T,LTNPRG,United Kingdom,1,1,0,14.95,0
1,Internet,OneWay,270,15,15,S,CDGSYD,United Kingdom,0,1,0,5.95,1
3,Internet,RoundTrip,259,12,2,S,CDGSYD,UAE,0,0,1,10.35,0
4,Mobile,OneWay,316,18,6,W,LTNPRG,United Kingdom,0,1,1,9.58,1
1,Internet,RoundTrip,194,1,2,T,AUHBOM,India,0,1,0,11.28,1
3,Mobile,OneWay,355,11,10,T,JFKDXB,UAE,1,1,0,2.96,0
1,Internet,RoundTrip,156,14,15,T,CDGSYD,UAE,1,0,1,8.46,0
3,Internet,RoundTrip,287,8,11,W,CDGSYD,France,0,1,0,4.99,1
3,Internet,RoundTrip,285,7,16,T,CDGSYD,USA,1,1,1,3.59,1
3,Internet,RoundTrip,198,7,13,M,AUHBOM,United Kingdom,1,1,1,8.83,0
2,Mobile,RoundTrip,116,15,8,T,AUHBOM,USA,0,0,1,7.89,1
2,Internet,RoundTrip,58,5,20,S,LTNPRG,USA,1,0,0,7.91,1
3,Internet,RoundTrip,32,20,13,T,LHRBOM,France,1,1,1,6.94,1
2,Internet,RoundTrip,182,5,0,S,LHRBOM,India,0,1,0,6.06,1
3,Mobile,RoundTrip,145,9,3,M,LHRBOM,France,1,1,1,2.37,1
1,Mobile,RoundTrip,77,20,15,S,LHRBOM,France,1,0,0,9.71,0
2,Mobile,OneWay,279,1,0,F,LTNPRG,UAE,1,1,0,13.84,0
1,Internet,RoundTrip,60,7,3,F,AUHBOM,United Kingdom,1,0,0,8.38,1
1,Internet,RoundTrip,173,17,2,S,CDGSYD,France,0,1,1,5.82,0
2,Internet,OneWay,157,7,18,S,AUHBOM,USA,1,1,1,6.01,0
2,Internet,RoundTrip,356,6,2,S,JFKDXB,France,1,1,1,5.39,0
1,Mobile,RoundTrip,38,1,4,T,CDGSYD,United Kingdom,1,1,1,7.7,1
1,Mobile,RoundTrip,312,3,22,S,JFKDXB,UAE,0,1,1,2.7,0
4,Internet,OneWay,250,4,2,W,LHRBOM,United Kingdom,0,0,1,5.07,1
3,Internet,RoundTrip,288,18,5,M,JFKDXB,UAE,0,1,1,14.26,1
3,Mobile,RoundTrip,284,11,18,S,AUHBOM,USA,0,0,1,7.92,0
3,Internet,RoundTrip,282,5,3,F,LHRBOM,United Kingdom,0,1,1,2.61,0
1,Internet,OneWay,159,17,5,S,LHRBOM,UAE,1,1,1,2.15,0
3,Internet,RoundTrip,212,13,18,F,LHRBOM,France,0,1,1,14.73,0
4,Internet,OneWay,133,7,0,W,JFKDXB,UAE,0,0,0,12.15,1
2,Internet,RoundTrip,329,6,8,S,AUHBOM,India,0,1,1,5.44,0
4,Internet,RoundTrip,83,5,5,W,JFKDXB,India,1,0,0,6.3,1
4,Internet,RoundTrip,215,15,4,F,AUHBOM,UAE,0,0,1,11.82,0
3,Internet,OneWay,77,15,9,S,AUHBOM,France,0,0,1,10.33,0
1,Internet,RoundTrip,136,13,5,F,JFKDXB,France,0,0,1,10.58,0
3,Internet,RoundTrip,351,9,17,T,LHRBOM,UAE,1,1,1,6.86,1
4,Mobile,RoundTrip,72,11,3,S,JFKDXB,France,1,0,1,12.89,1
3,Mobile,RoundTrip,323,18,9,M,LTNPRG,India,1,1,0,11.2,0
4,Internet,RoundTrip,296,12,1,S,JFKDXB,USA,0,1,0,11.45,0
3,Internet,RoundTrip,134,13,2,T,AUHBOM,UAE,0,1,0,4.56,0
2,Mobile,RoundTrip,136,5,15,T,JFKDXB,UAE,1,1,1,5.95,0
4,Internet,RoundTrip,3,10,10,T,AUHBOM,France,1,1,1,6.71,1
1,Internet,RoundTrip,288,1,10,T,CDGSYD,UAE,0,0,1,5.96,0
2,Mobile,RoundTrip,243,10,6,W,LHRBOM,India,0,1,1,4.62,1
1,Internet,OneWay,358,17,3,S,CDGSYD,USA,0,1,0,10.76,1
3,Mobile,RoundTrip,107,14,20,M,AUHBOM,UAE,0,0,1,10.45,0
4,Internet,RoundTrip,146,18,18,F,LTNPRG,USA,1,1,1,9.15,1
4,Internet,RoundTrip,250,7,10,S,AUHBOM,UAE,1,1,0,9.97,0
1,Internet,RoundTrip,125,16,0,F,LHRBOM,India,0,1,1,14.65,0
3,Internet,RoundTrip,117,15,20,W,AUHBOM,France,0,1,1,2.89,0
4,Internet,RoundTrip,62,15,9,W,AUHBOM,USA,1,0,0,10.76,0
4,Internet,OneWay,360,16,4,W,AUHBOM,France,1,1,1,12.53,1
3,Mobile,RoundTrip,174,10,2,T,LTNPRG,United Kingdom,1,0,1,7.68,1
1,Internet,RoundTrip,281,7,22,F,LHRBOM,France,1,0,0,6.02,1
2,Internet,RoundTrip,239,12,0,S,AUHBOM,India,1,1,1,9.13,0
4,Mobile,RoundTrip,219,8,8,T,JFKDXB,USA,0,1,0,11.91,0
3,Mobile,RoundTrip,114,14,12,M,JFKDXB,UAE,0,0,1,13.25,1
2,Internet,OneWay,115,18,6,S,CDGSYD,USA,0,1,1,10.61,1
1,Internet,OneWay,177,1,3,W,JFKDXB,France,1,1,1,10.37,0
3,Mobile,RoundTrip,50,13,14,T,LHRBOM,India,1,0,1,13.64,0
2,Internet,RoundTrip,196,9,1,T,JFKDXB,India,0,0,1,8.93,0
2,Mobile,RoundTrip,34,3,22,F,LHRBOM,India,0,0,0,6.69,0
4,Mobile,RoundTrip,101,5,11,M,LTNPRG,UAE,0,0,0,4.45,1
1,Mobile,RoundTrip,231,17,16,T,AUHBOM,India,0,0,1,3.74,1
1,Internet,OneWay,9,8,19,F,LTNPRG,United Kingdom,0,0,0,6.83,1
4,Internet,RoundTrip,17,2,18,W,LTNPRG,USA,0,0,0,2.37,0
4,Internet,RoundTrip,79,15,11,M,JFKDXB,France,1,0,0,10.3,0
2,Internet,RoundTrip,276,5,1,S,JFKDXB,USA,1,1,0,13.38,0
4,Mobile,RoundTrip,293,8,1,T,LTNPRG,France,1,1,1,10.34,0
1,Internet,OneWay,1,4,8,T,AUHBOM,India,1,1,1,14.75,1
1,Internet,OneWay,102,15,7,S,LHRBOM,USA,0,0,0,14.02,1
2,Internet,OneWay,21,19,20,T,LHRBOM,India,0,1,0,9.72,1
3,Mobile,OneWay,6,20,10,T,LTNPRG,India,1,0,1,3.7,0
1,Internet,RoundTrip,343,2,22,T,CDGSYD,USA,1,1,0,4.55,1
1,Internet,RoundTrip,155,19,6,S,LTNPRG,USA,1,1,0,6.62,0
4,Internet,RoundTrip,290,13,22,S,JFKDXB,United Kingdom,1,0,1,4.22,1
3,Internet,RoundTrip,249,17,7,T,LHRBOM,USA,0,0,1,7.38,1
3,Internet,RoundTrip,164,2,22,M,AUHBOM,India,1,1,1,14.93,0
4,Internet,RoundTrip,274,18,11,S,LHRBOM,United Kingdom,1,1,1,14.96,1
1,Internet,OneWay,91,7,0,F,LHRBOM,United Kingdom,1,1,0,11.78,0
4,Internet,RoundTrip,151,8,21,M,CDGSYD,United Kingdom,0,1,0,9.97,0
2,Internet,OneWay,138,18,4,M,CDGSYD,France,1,0,0,13.08,0
4,Internet,OneWay,209,15,18,W,LHRBOM,UAE,0,1,0,14.51,1
4,Internet,OneWay,77,11,18,S,JFKDXB,India,1,1,1,13.04,1
1,Internet,RoundTrip,272,14,4,T,AUHBOM,UAE,0,0,0,10.46,1
1,Internet,RoundTrip,307,8,13,S,JFKDXB,USA,0,0,1,8.33,0
3,Internet,RoundTrip,324,20,18,M,LTNPRG,India,1,1,1,6.87,1
3,Internet,RoundTrip,326,2,21,T,JFKDXB,France,0,1,1,7.69,1
1,Internet,RoundTrip,233,12,9,S,CDGSYD,UAE,1,0,1,4.08,1
2,Internet,OneWay,291,1,9,F,LTNPRG,France,0,0,0,5.42,1
4,Internet,RoundTrip,252,9,18,T,LHRBOM,USA,0,0,1,11.95,0
4,Mobile,RoundTrip,347,11,11,W,LTNPRG,USA,1,0,1,10.32,1
1,Internet,OneWay,36,17,14,F,AUHBOM,USA,0,0,1,6.11,0
3,Internet,RoundTrip,73,19,2,T,JFKDXB,France,1,1,1,8.68,1
1,Internet,OneWay,154,15,15,T,JFKDXB,France,0,1,0,6.85,1
2,Internet,RoundTrip,227,20,7,M,CDGSYD,France,1,0,1,5.11,1
1,Internet,RoundTrip,324,3,8,T,AUHBOM,India,1,1,1,3.38,1
3,Mobile,RoundTrip,35,11,20,S,LTNPRG,USA,0,0,1,8.9,1
1,Mobile,RoundTrip,59,12,16,S,AUHBOM,UAE,0,1,1,10.18,1
1,Internet,RoundTrip,314,2,12,W,JFKDXB,India,0,0,0,2.02,0
1,Internet,OneWay,113,12,13,F,LTNPRG,United Kingdom,0,0,0,2.5,1
1,Internet,OneWay,7,1,19,T,LTNPRG,India,1,1,0,4.43,1
1,Internet,RoundTrip,247,13,14,M,LHRBOM,India,0,0,1,11.75,1
3,Internet,RoundTrip,320,5,4,S,JFKDXB,France,1,1,1,11.54,1
4,Internet,RoundTrip,329,19,12,T,JFKDXB,United Kingdom,1,0,1,7.43,0
2,Internet,RoundTrip,311,7,14,M,LTNPRG,India,0,0,1,14.98,1
4,Mobile,RoundTrip,22,13,1,M,LTNPRG,France,0,0,1,8.57,0
3,Internet,RoundTrip,50,13,3,T,CDGSYD,USA,0,0,1,10.54,0
2,Internet,RoundTrip,317,18,10,F,JFKDXB,India,1,0,0,8.96,1
1,Mobile,RoundTrip,253,7,13,W,AUHBOM,India,0,0,1,14.11,1
4,Internet,RoundTrip,81,8,1,T,LHRBOM,USA,1,0,0,3.67,1
1,Internet,RoundTrip,142,14,10,T,LTNPRG,USA,0,1,0,2.72,0
2,Internet,RoundTrip,314,2,3,S,LHRBOM,India,1,0,1,9.15,0
1,Mobile,RoundTrip,339,12,15,S,LTNPRG,India,1,0,0,10.51,1
4,Internet,RoundTrip,324,8,10,S,JFKDXB,United Kingdom,1,1,0,12.89,0
4,Internet,RoundTrip,168,20,2,F,AUHBOM,UAE,0,0,1,8.37,1
2,Internet,OneWay,283,11,9,M,JFKDXB,USA,0,1,0,4.19,1
2,Internet,RoundTrip,17,16,21,M,JFKDXB,India,0,0,1,6.7,1
3,Internet,OneWay,337,17,1,M,LTNPRG,India,0,1,0,12.15,1
3,Internet,RoundTrip,81,3,9,T,LTNPRG,France,1,1,0,5.74,1
2,Internet,RoundTrip,350,13,3,S,JFKDXB,India,0,1,0,13.16,0
2,Internet,RoundTrip,6,14,20,S,AUHBOM,India,1,0,1,3.56,0
1,Mobile,RoundTrip,337,9,10,T,LHRBOM,USA,1,0,0,7.52,1
2,Internet,RoundTrip,192,4,14,S,CDGSYD,France,0,0,1,11.25,1
3,Mobile,RoundTrip,187,10,22,T,LTNPRG,UAE,0,1,0,6.63,1
3,Internet,RoundTrip,247,2,1,F,CDGSYD,United Kingdom,1,1,1,10.62,1
4,Internet,RoundTrip,169,20,11,T,AUHBOM,USA,1,1,1,14.79,0
3,Mobile,RoundTrip,347,2,1,F,CDGSYD,United Kingdom,0,1,0,2.56,0
4,Mobile,RoundTrip,39,3,17,T,CDGSYD,USA,1,1,0,2.42,1
3,Internet,RoundTrip,239,3,13,S,CDGSYD,India,1,0,0,9.83,0
2,Mobile,OneWay,79,5,10,F,AUHBOM,France,1,1,0,14.38,0
2,Internet,RoundTrip,14,4,6,T,JFKDXB,UAE,0,1,1,8.38,0
3,Internet,RoundTrip,238,13,4,S,JFKDXB,USA,1,1,1,8.05,0
2,Mobile,RoundTrip,247,3,21,T,LTNPRG,United Kingdom,0,1,1,4.94,0
4,Internet,RoundTrip,47,15,0,F,LTNPRG,United Kingdom,1,1,0,6.75,0
1,Mobile,RoundTrip,265,9,2,T,LHRBOM,India,0,0,1,2.06,1
1,Internet,RoundTrip,344,8,8,W,LTNPRG,USA,0,0,0,8.82,1
2,Mobile,OneWay,254,11,9,M,CDGSYD,United Kingdom,1,0,0,12.61,0
1,Internet,OneWay,83,1,21,T,JFKDXB,USA,1,1,1,12.15,1
1,Internet,RoundTrip,31,11,7,S,JFKDXB,USA,0,0,1,7.73,1
2,Internet,OneWay,33,11,7,S,AUHBOM,United Kingdom,0,1,1,7.68,0
1,Internet,RoundTrip,226,15,5,T,LTNPRG,France,0,0,0,10.81,1
1,Internet,OneWay,86,3,8,F,LHRBOM,USA,0,0,1,14.16,1
3,Internet,RoundTrip,136,2,6,T,LHRBOM,UAE,1,1,0,11.65,0
2,Internet,OneWay,18,2,15,T,AUHBOM,UAE,1,0,0,8.48,0
4,Internet,RoundTrip,161,20,18,F,LHRBOM,UAE,0,1,1,13.84,1
1,Internet,RoundTrip,61,7,16,M,AUHBOM,USA,1,0,1,14.84,0
3,Mobile,OneWay,156,5,18,S,CDGSYD,USA,0,0,0,11.32,1
3,Mobile,RoundTrip,214,3,13,S,JFKDXB,UAE,0,0,0,13.75,0
3,Mobile,RoundTrip,350,6,15,S,LHRBOM,India,1,0,1,14.23,1
3,Internet,RoundTrip,106,9,7,T,LHRBOM,United Kingdom,1,1,0,9.41,1
1,Mobile,RoundTrip,117,20,22,S,CDGSYD,India,0,0,1,5.82,0
4,Internet,RoundTrip,292,16,21,S,JFKDXB,UAE,0,1,0,11.53,1
2,Internet,RoundTrip,347,18,1,T,JFKDXB,UAE,1,0,0,4.15,1
3,Internet,RoundTrip,148,1,8,T,CDGSYD,UAE,1,0,1,6.34,1
2,Internet,OneWay,126,12,15,S,AUHBOM,United Kingdom,1,0,1,7.18,0
2,Internet,RoundTrip,260,10,6,W,LHRBOM,France,1,0,1,13.02,1
3,Internet,OneWay,274,4,11,T,JFKDXB,India,1,0,0,7.64,0
4,Mobile,RoundTrip,258,10,19,T,LTNPRG,USA,1,0,1,10.09,1
4,Internet,OneWay,233,12,20,F,AUHBOM,France,0,0,1,13.24,0
3,Internet,OneWay,50,1,21,W,AUHBOM,United Kingdom,1,1,1,3.77,0
3,Mobile,OneWay,96,20,14,W,JFKDXB,UAE,0,1,0,10.8,0
3,Internet,RoundTrip,21,15,22,S,CDGSYD,UAE,0,0,0,10.78,0
4,Internet,RoundTrip,142,19,14,S,CDGSYD,USA,1,1,0,9.15,1
1,Mobile,OneWay,307,2,12,W,AUHBOM,France,1,0,1,13.79,0
4,Mobile,RoundTrip,82,2,4,T,LHRBOM,USA,1,1,0,8.88,0
3,Internet,RoundTrip,256,19,19,S,JFKDXB,India,1,0,0,4.05,0
3,Internet,RoundTrip,154,19,5,S,JFKDXB,UAE,1,0,0,10.72,0
3,Internet,OneWay,64,13,4,S,CDGSYD,India,1,1,1,7.42,1
4,Internet,RoundTrip,82,5,17,T,JFKDXB,USA,0,0,1,14.89,0
3,Internet,RoundTrip,248,6,20,W,CDGSYD,India,1,0,0,12.57,1
1,Internet,OneWay,288,16,22,M,AUHBOM,USA,1,1,0,3.78,1
4,Internet,RoundTrip,120,19,17,F,LTNPRG,UAE,0,1,0,6.85,0
3,Mobile,RoundTrip,335,14,22,M,LHRBOM,India,0,1,0,4.04,0
4,Internet,RoundTrip,21,9,9,S,JFKDXB,UAE,0,1,1,13.76,1
4,Internet,RoundTrip,210,17,2,W,LHRBOM,India,0,1,1,2.4,0
4,Internet,RoundTrip,84,6,5,F,LTNPRG,United Kingdom,1,0,1,7.24,1
1,Mobile,RoundTrip,325,3,3,T,JFKDXB,USA,1,1,1,4.68,1
3,Internet,RoundTrip,276,8,17,T,LTNPRG,USA,0,0,0,7.9,1
4,Internet,OneWay,22,10,9,T,JFKDXB,USA,1,1,1,12.3,0
4,Internet,OneWay,143,13,9,S,CDGSYD,UAE,0,1,1,2.31,0
3,Internet,OneWay,272,14,21,S,JFKDXB,India,0,0,1,5.42,1
4,Internet,RoundTrip,199,15,22,T,AUHBOM,India,1,1,0,12.88,1
4,Mobile,RoundTrip,179,5,3,M,CDGSYD,France,0,0,0,5.8,0
1,Internet,RoundTrip,50,14,19,S,AUHBOM,France,0,1,0,6.02,0
4,Mobile,RoundTrip,208,1,14,W,CDGSYD,India,0,1,0,5.68,1
3,Mobile,RoundTrip,34,19,18,F,JFKDXB,India,1,0,0,10.87,1
3,Internet,RoundTrip,117,9,21,T,LHRBOM,United Kingdom,0,1,0,13.51,0
1,Internet,RoundTrip,88,20,7,T,CDGSYD,UAE,0,0,1,6.88,0
4,Internet,RoundTrip,240,18,18,M,LHRBOM,United Kingdom,1,0,0,14.64,0
2,Mobile,RoundTrip,173,4,16,T,LTNPRG,India,0,1,1,3.99,0
2,Internet,RoundTrip,155,3,15,F,LTNPRG,UAE,0,1,1,13.33,1
2,Internet,RoundTrip,309,19,17,S,JFKDXB,UAE,1,0,0,6.6,1
4,Internet,RoundTrip,142,10,17,S,LHRBOM,France,0,1,1,4.2,1
2,Mobile,RoundTrip,278,3,9,S,AUHBOM,USA,0,0,1,10.83,0
1,Internet,OneWay,324,13,21,S,LTNPRG,USA,0,1,1,5.28,1
1,Internet,OneWay,59,20,2,W,AUHBOM,USA,1,0,1,3.82,1
4,Internet,OneWay,272,13,4,T,LHRBOM,UAE,0,1,0,8.37,1
1,Mobile,RoundTrip,27,6,16,T,AUHBOM,UAE,0,0,1,4.3,1
4,Internet,RoundTrip,234,7,10,T,CDGSYD,France,0,1,0,8.78,1
1,Internet,RoundTrip,83,6,6,M,LHRBOM,India,1,0,0,14.15,1
4,Mobile,RoundTrip,94,11,11,F,LTNPRG,USA,1,0,0,2.05,0
3,Mobile,RoundTrip,311,9,3,W,CDGSYD,India,0,1,1,6.77,1
1,Internet,OneWay,68,7,0,T,CDGSYD,United Kingdom,0,0,1,10.02,0
4,Internet,RoundTrip,188,4,0,W,JFKDXB,France,1,0,1,8.35,0
2,Mobile,RoundTrip,285,1,20,T,AUHBOM,United Kingdom,1,0,0,9.67,0
4,Mobile,OneWay,294,17,7,W,CDGSYD,UAE,0,0,0,2.3,0
3,Internet,RoundTrip,75,17,20,F,JFKDXB,USA,1,1,0,8.94,1
2,Internet,OneWay,135,3,11,T,LTNPRG,India,1,0,1,10.58,1
1,Mobile,RoundTrip,205,5,6,S,CDGSYD,France,1,0,1,9.78,0
2,Mobile,RoundTrip,215,9,0,T,LTNPRG,France,0,1,0,2.55,1
1,Mobile,OneWay,60,12,2,F,LHRBOM,USA,0,0,0,3.37,0
4,Internet,OneWay,217,19,12,S,AUHBOM,UAE,0,1,0,10.95,0
1,Internet,OneWay,1,14,14,M,CDGSYD,United Kingdom,0,0,1,3.89,0
1,Mobile,RoundTrip,229,13,20,T,JFKDXB,USA,0,0,0,6.03,0
1,Mobile,RoundTrip,268,15,4,T,AUHBOM,UAE,1,0,1,7.79,0
4,Mobile,RoundTrip,172,13,13,F,AUHBOM,USA,0,0,1,7.73,1
4,Internet,RoundTrip,90,19,1,T,LHRBOM,India,0,0,1,2.72,1
3,Internet,RoundTrip,88,20,12,M,LTNPRG,United Kingdom,0,1,1,7.87,1
1,Mobile,RoundTrip,252,10,4,F,AUHBOM,UAE,1,0,0,7.48,0
3,Internet,RoundTrip,156,1,5,F,AUHBOM,France,0,0,1,5.66,0
4,Mobile,RoundTrip,339,20,9,M,AUHBOM,UAE,1,0,1,8.73,0
1,Internet,RoundTrip,355,7,10,S,AUHBOM,USA,1,0,1,11.5,0
4,Mobile,RoundTrip,159,6,2,S,LHRBOM,USA,1,0,1,14.9,0
1,Mobile,RoundTrip,100,3,13,T,LTNPRG,India,1,0,1,14.6,0
4,Internet,RoundTrip,296,16,9,F,JFKDXB,USA,1,1,1,10.94,1
3,Internet,RoundTrip,264,4,19,S,JFKDXB,India,0,0,1,5.06,0
4,Internet,RoundTrip,60,20,14,T,JFKDXB,USA,1,0,0,12.78,1
2,Internet,RoundTrip,344,5,20,M,AUHBOM,UAE,0,1,0,6.34,1
4,Internet,RoundTrip,73,2,0,W,AUHBOM,France,0,1,0,4.5,1
4,Internet,RoundTrip,207,13,10,W,LTNPRG,UAE,0,0,1,6.23,0
2,Mobile,RoundTrip,69,5,19,S,AUHBOM,India,0,1,1,2.73,1
3,Internet,RoundTrip,179,6,4,M,JFKDXB,France,0,0,0,7.14,0
2,Internet,RoundTrip,228,3,5,S,LTNPRG,USA,0,1,1,12.42,1
2,Internet,RoundTrip,44,14,16,W,JFKDXB,India,0,1,0,2.1,0
4,Internet,RoundTrip,95,5,0,W,LTNPRG,United Kingdom,1,1,1,2.0,0
1,Internet,RoundTrip,275,15,21,W,LTNPRG,UAE,0,0,0,4.29,1
1,Internet,RoundTrip,348,6,21,M,JFKDXB,India,0,0,1,4.55,0
2,Internet,OneWay,332,9,22,F,LTNPRG,France,0,1,1,10.37,1
4,Internet,RoundTrip,274,10,17,S,LTNPRG,France,1,1,0,4.08,0
1,Mobile,RoundTrip,357,11,22,W,JFKDXB,India,1,0,1,7.18,1
2,Internet,OneWay,61,17,22,M,CDGSYD,UAE,1,0,1,10.29,1
3,Internet,RoundTrip,74,3,5,S,LTNPRG,United Kingdom,0,0,0,5.16,0
2,Mobile,OneWay,148,5,3,F,AUHBOM,India,0,0,1,4.21,1
3,Mobile,RoundTrip,335,16,19,W,AUHBOM,United Kingdom,1,1,1,13.53,0
3,Internet,RoundTrip,291,18,10,F,JFKDXB,United Kingdom,0,1,0,4.85,1
4,Internet,OneWay,135,9,1,T,LTNPRG,France,1,0,1,13.61,1
4,Internet,OneWay,6,1,10,F,JFKDXB,India,0,0,1,14.31,0
2,Internet,RoundTrip,226,17,0,T,LTNPRG,UAE,1,0,1,14.06,0
2,Internet,RoundTrip,113,13,13,T,LTNPRG,India,1,1,1,8.27,0
2,Internet,RoundTrip,82,11,15,F,AUHBOM,UAE,0,1,1,11.38,0
2,Internet,RoundTrip,78,8,1,T,LTNPRG,France,0,1,0,5.21,1
4,Internet,OneWay,91,14,2,S,CDGSYD,India,0,0,0,2.84,1
3,Mobile,RoundTrip,117,6,20,M,CDGSYD,USA,1,1,0,8.76,1
3,Internet,OneWay,226,8,8,S,LHRBOM,India,1,0,0,3.32,0
2,Internet,RoundTrip,60,16,1,W,JFKDXB,India,1,0,1,12.13,1
3,Internet,RoundTrip,177,8,0,T,JFKDXB,India,1,1,0,8.59,0
3,Internet,RoundTrip,336,19,9,S,JFKDXB,USA,1,0,0,2.83,1
3,Internet,RoundTrip,352,9,1,S,JFKDXB,France,0,1,0,11.36,1
4,Mobile,RoundTrip,302,12,3,T,JFKDXB,UAE,0,1,1,8.32,1
4,Mobile,RoundTrip,97,13,4,W,AUHBOM,UAE,1,1,0,8.02,0
1,Mobile,OneWay,54,14,16,S,AUHBOM,USA,0,0,1,9.32,1
1,Mobile,OneWay,320,11,12,S,AUHBOM,United Kingdom,1,0,0,12.25,0
4,Mobile,OneWay,148,8,17,W,AUHBOM,India,0,1,0,3.83,1
2,Mobile,RoundTrip,168,17,7,W,JFKDXB,France,1,1,1,3.48,1
2,Internet,RoundTrip,156,15,1,S,AUHBOM,USA,1,1,0,4.23,1
4,Internet,RoundTrip,49,2,12,T,LHRBOM,UAE,1,1,1,5.97,0
3,Internet,RoundTrip,263,13,22,T,LTNPRG,India,1,1,1,11.75,1
1,Internet,RoundTrip,88,19,14,W,CDGSYD,France,1,1,1,9.72,1
1,Internet,OneWay,85,12,5,T,AUHBOM,India,0,0,1,2.81,0
4,Mobile,RoundTrip,276,19,0,F,AUHBOM,France,0,1,0,12.67,1
4,Internet,OneWay,260,8,1,T,LTNPRG,France,0,0,0,2.59,1
2,Internet,RoundTrip,301,5,19,T,LTNPRG,USA,1,1,1,4.69,1
4,Internet,RoundTrip,258,10,6,W,LTNPRG,USA,1,1,0,13.54,0
1,Internet,RoundTrip,15,3,1,M,AUHBOM,United Kingdom,0,1,1,6.55,0
4,Internet,OneWay,152,2,7,S,LHRBOM,UAE,0,1,0,6.43,0
1,Mobile,RoundTrip,150,12,20,W,AUHBOM,United Kingdom,1,1,1,4.46,1
3,Internet,OneWay,118,1,9,M,LTNPRG,India,1,1,0,4.32,1
4,Mobile,RoundTrip,180,2,22,T,LHRBOM,United Kingdom,1,0,1,2.39,1
3,Internet,OneWay,181,10,11,S,JFKDXB,USA,0,1,1,13.03,0
4,Internet,RoundTrip,224,5,20,F,LHRBOM,India,1,0,1,11.5,1
2,Internet,RoundTrip,350,4,4,F,CDGSYD,France,0,1,0,6.89,0
2,Mobile,OneWay,237,11,12,S,LHRBOM,USA,1,0,1,11.82,0
2,Mobile,OneWay,340,7,10,F,LTNPRG,UAE,1,1,0,5.68,0
1,Internet,RoundTrip,303,13,17,S,AUHBOM,UAE,0,1,0,6.45,0
2,Mobile,RoundTrip,268,9,3,S,AUHBOM,India,1,1,0,13.49,1
1,Internet,OneWay,100,4,3,T,LHRBOM,United Kingdom,0,1,0,4.92,0
4,Mobile,RoundTrip,211,15,5,M,LTNPRG,USA,1,1,0,13.11,0
1,Internet,OneWay,41,19,21,T,AUHBOM,United Kingdom,1,0,1,5.21,1
1,Internet,RoundTrip,337,15,20,S,LHRBOM,France,1,0,1,13.85,1
3,Mobile,RoundTrip,68,4,0,F,AUHBOM,India,1,1,0,4.96,1
3,Internet,RoundTrip,87,12,9,T,CDGSYD,India,0,0,1,5.8,0
1,Internet,RoundTrip,342,4,12,S,CDGSYD,United Kingdom,1,1,0,9.18,1
3,Internet,RoundTrip,45,1,20,S,CDGSYD,USA,0,1,0,4.61,1
1,Internet,OneWay,199,4,10,S,LTNPRG,USA,1,1,1,2.33,0
4,Mobile,RoundTrip,210,17,17,T,JFKDXB,India,1,1,1,5.92,0
1,Mobile,RoundTrip,80,19,18,S,LHRBOM,UAE,0,1,0,7.61,0
3,Mobile,RoundTrip,142,12,11,S,CDGSYD,France,0,0,0,2.16,0
3,Internet,OneWay,287,18,17,T,JFKDXB,India,1,0,1,12.21,0
2,Internet,OneWay,259,9,1,F,LHRBOM,USA,0,1,1,5.63,1
3,Internet,RoundTrip,214,1,7,S,LTNPRG,USA,1,0,0,4.28,0
2,Internet,OneWay,198,19,19,S,CDGSYD,India,1,0,0,10.14,1
3,Internet,RoundTrip,134,15,3,F,CDGSYD,India,1,0,0,13.41,1
1,Mobile,RoundTrip,227,14,11,W,LHRBOM,USA,0,0,1,7.87,1
3,Mobile,OneWay,7,2,18,T,LHRBOM,France,1,1,0,7.54,1
4,Mobile,RoundTrip,26,20,11,T,AUHBOM,USA,0,1,1,8.46,0
4,Internet,RoundTrip,285,2,22,F,LTNPRG,France,1,1,0,4.06,0
2,Internet,RoundTrip,64,1,19,S,CDGSYD,UAE,0,1,1,6.03,1
2,Internet,RoundTrip,262,2,2,W,CDGSYD,United Kingdom,1,0,0,7.92,0
2,Internet,RoundTrip,6,19,12,W,LHRBOM,United Kingdom,0,1,1,14.93,0
4,Internet,RoundTrip,96,17,16,T,LTNPRG,United Kingdom,0,1,1,7.07,0
4,Internet,OneWay,342,3,17,W,AUHBOM,India,1,0,1,2.65,0
3,Internet,RoundTrip,97,9,11,F,AUHBOM,France,1,0,1,5.33,1
4,Mobile,RoundTrip,358,11,9,M,JFKDXB,United Kingdom,0,0,0,14.08,0
1,Internet,OneWay,99,12,7,F,CDGSYD,USA,0,0,0,12.92,1
4,Mobile,OneWay,232,5,8,M,LTNPRG,France,1,1,1,10.09,1
4,Internet,RoundTrip,245,1,0,S,LTNPRG,France,1,1,1,8.95,1
3,Internet,RoundTrip,231,1,19,S,AUHBOM,France,0,0,0,10.33,0
3,Internet,RoundTrip,108,19,16,S,AUHBOM,United Kingdom,0,1,0,14.51,0
4,Internet,RoundTrip,277,13,6,W,LTNPRG,United Kingdom,1,1,1,7.72,1
3,Internet,RoundTrip,113,20,3,W,LTNPRG,France,1,1,0,12.4,0
4,Internet,RoundTrip,297,18,12,T,LTNPRG,United Kingdom,0,0,1,13.4,0
1,Mobile,RoundTrip,138,5,19,T,LTNPRG,France,1,0,0,4.73,1
3,Internet,RoundTrip,305,2,22,S,JFKDXB,France,0,1,0,7.02,1
2,Internet,RoundTrip,357,14,6,M,JFKDXB,UAE,0,0,1,11.36,0
4,Internet,RoundTrip,275,5,10,S,CDGSYD,France,0,0,1,5.05,1
4,Internet,OneWay,168,14,13,S,LTNPRG,United Kingdom,0,0,1,6.15,0
4,Internet,RoundTrip,154,20,13,T,AUHBOM,United Kingdom,1,0,1,6.58,0
1,Internet,RoundTrip,138,20,6,W,AUHBOM,UAE,1,0,0,14.66,0
2,Mobile,RoundTrip,128,6,18,M,CDGSYD,UAE,1,0,0,11.04,0
1,Mobile,RoundTrip,172,10,16,W,AUHBOM,India,0,1,0,8.78,0
4,Mobile,RoundTrip,177,15,19,T,LTNPRG,UAE,1,0,0,7.81,1
2,Internet,RoundTrip,262,5,2,F,CDGSYD,UAE,0,1,1,10.89,1
3,Internet,OneWay,324,12,15,S,LHRBOM,UAE,0,0,1,13.61,0
2,Mobile,RoundTrip,322,8,7,M,JFKDXB,United Kingdom,1,0,1,5.0,0
4,Internet,RoundTrip,220,12,17,T,CDGSYD,USA,0,1,0,11.64,0
4,Internet,RoundTrip,361,13,11,F,JFKDXB,France,1,0,1,5.19,1
4,Internet,RoundTrip,326,18,11,T,LTNPRG,India,1,0,0,12.1,0
3,Mobile,RoundTrip,177,10,13,S,JFKDXB,UAE,0,1,0,11.6,0
1,Internet,RoundTrip,151,6,5,S,CDGSYD,France,0,0,1,10.99,0
4,Mobile,RoundTrip,168,2,13,S,LTNPRG,France,1,1,1,5.47,1
1,Mobile,RoundTrip,9,14,20,S,AUHBOM,India,0,0,1,14.89,0
2,Internet,OneWay,121,17,1,W,AUHBOM,UAE,1,0,0,6.34,0
2,Mobile,RoundTrip,140,9,3,F,LHRBOM,USA,1,0,1,13.45,0
2,Internet,OneWay,284,18,0,M,JFKDXB,France,0,1,1,4.34,0
4,Internet,RoundTrip,96,10,11,M,AUHBOM,United Kingdom,0,0,1,6.9,0
1,Internet,RoundTrip,239,10,5,T,JFKDXB,UAE,0,0,0,2.3,1
3,Mobile,RoundTrip,118,1,13,W,JFKDXB,France,1,0,0,3.31,0
1,Internet,RoundTrip,133,11,0,T,CDGSYD,United Kingdom,1,1,0,7.8,1
4,Internet,RoundTrip,26,12,2,F,JFKDXB,UAE,0,0,0,12.71,0
3,Internet,OneWay,189,10,5,W,CDGSYD,France,0,1,0,10.69,1
2,Internet,OneWay,36,11,15,F,JFKDXB,France,1,1,1,9.46,1
1,Internet,RoundTrip,75,11,1,M,AUHBOM,UAE,1,1,1,2.17,0
1,Internet,RoundTrip,183,14,12,W,JFKDXB,France,1,1,1,12.82,1
1,Internet,OneWay,253,3,12,F,AUHBOM,UAE,0,0,0,6.25,0
2,Mobile,OneWay,148,11,7,S,CDGSYD,UAE,1,0,1,9.17,1
4,Internet,RoundTrip,92,9,2,W,LHRBOM,India,1,0,0,12.68,0
1,Mobile,RoundTrip,327,7,16,T,CDGSYD,India,0,1,1,2.69,1
3,Internet,RoundTrip,128,9,9,T,AUHBOM,USA,1,1,1,6.11,1
2,Internet,RoundTrip,117,14,13,M,CDGSYD,UAE,1,0,0,14.41,0
1,Internet,RoundTrip,25,20,17,T,AUHBOM,USA,1,0,1,3.26,1
3,Internet,RoundTrip,129,5,0,W,AUHBOM,United Kingdom,1,1,0,6.74,0
3,Mobile,RoundTrip,81,1,17,T,AUHBOM,United Kingdom,1,0,0,13.69,1
4,Internet,RoundTrip,129,7,1,T,AUHBOM,UAE,1,1,0,3.56,0
3,Internet,RoundTrip,71,7,12,F,AUHBOM,France,1,0,1,10.89,0
2,Internet,RoundTrip,72,2,2,T,LTNPRG,USA,1,1,1,10.96,0
4,Mobile,RoundTrip,268,10,0,M,LHRBOM,United Kingdom,1,1,1,5.16,0
1,Internet,RoundTrip,173,11,9,W,CDGSYD,United Kingdom,0,1,0,3.89,1
3,Internet,RoundTrip,253,17,12,T,LTNPRG,France,1,0,1,11.88,1
4,Mobile,OneWay,210,14,7,T,CDGSYD,India,0,0,0,4.98,1
1,Mobile,RoundTrip,196,10,5,F,AUHBOM,USA,1,0,1,12.11,0
4,Mobile,RoundTrip,170,14,4,S,CDGSYD,UAE,1,0,0,13.79,1
1,Internet,RoundTrip,141,6,13,F,JFKDXB,UAE,0,0,1,2.61,0
2,Internet,OneWay,96,4,9,F,LHRBOM,United Kingdom,0,0,0,5.64,1
2,Internet,RoundTrip,324,11,20,S,AUHBOM,India,1,0,1,11.46,1
1,Mobile,RoundTrip,149,10,10,T,JFKDXB,India,1,1,0,9.36,1
3,Internet,RoundTrip,322,6,13,S,LHRBOM,India,1,1,0,8.71,1
2,Mobile,RoundTrip,280,18,22,W,AUHBOM,France,0,1,0,8.09,0
3,Internet,OneWay,220,11,21,S,LHRBOM,USA,1,1,0,14.44,0
2,Internet,RoundTrip,307,12,11,F,LTNPRG,France,1,0,0,12.1,1
3,Mobile,OneWay,240,14,4,S,AUHBOM,USA,0,0,1,9.19,1
4,Internet,RoundTrip,297,6,9,M,JFKDXB,United Kingdom,1,0,1,6.25,0
3,Mobile,OneWay,290,11,6,S,JFKDXB,India,1,0,0,2.31,1
1,Internet,OneWay,236,18,11,T,AUHBOM,France,1,1,0,10.81,1
2,Internet,RoundTrip,264,13,3,S,LTNPRG,USA,1,1,0,4.02,1
2,Internet,RoundTrip,298,18,9,W,CDGSYD,United Kingdom,0,0,0,4.04,1
1,Internet,RoundTrip,82,1,1,F,CDGSYD,United Kingdom,1,1,1,3.36,0
1,Internet,RoundTrip,320,15,22,W,AUHBOM,United Kingdom,0,0,1,13.45,1
1,Internet,OneWay,184,14,0,S,JFKDXB,USA,1,1,1,9.51,1
4,Internet,RoundTrip,45,18,20,S,LTNPRG,India,1,0,0,12.44,1
2,Internet,RoundTrip,56,20,21,W,AUHBOM,India,1,0,0,2.2,1
4,Internet,RoundTrip,274,3,22,M,LTNPRG,France,0,1,0,8.18,0
3,Internet,RoundTrip,295,10,10,S,AUHBOM,France,0,0,0,10.12,1
3,Internet,RoundTrip,239,19,17,S,CDGSYD,United Kingdom,0,1,1,13.91,0
4,Internet,OneWay,238,17,21,T,JFKDXB,France,1,0,1,9.79,0
3,Internet,RoundTrip,316,3,19,W,JFKDXB,France,1,1,1,3.71,0
1,Mobile,RoundTrip,357,11,19,T,CDGSYD,United Kingdom,1,0,0,11.24,0
2,Mobile,RoundTrip,303,7,11,T,AUHBOM,France,1,0,0,6.63,0
3,Internet,RoundTrip,50,15,17,T,LTNPRG,USA,1,0,0,5.15,0
1,Internet,RoundTrip,293,11,4,S,LTNPRG,UAE,0,1,0,13.04,0
1,Internet,RoundTrip,186,7,21,S,CDGSYD,USA,0,0,1,9.27,1
1,Internet,RoundTrip,291,9,10,F,LHRBOM,United Kingdom,0,1,0,8.4,1
3,Internet,RoundTrip,264,20,6,T,LHRBOM,USA,0,1,1,12.93,0
2,Internet,RoundTrip,247,8,6,S,LTNPRG,UAE,0,0,0,14.23,0
1,Internet,RoundTrip,316,5,19,S,JFKDXB,UAE,1,0,0,10.3,1
3,Mobile,RoundTrip,56,3,4,M,CDGSYD,USA,1,1,0,12.99,0
3,Internet,RoundTrip,311,4,15,T,AUHBOM,USA,1,0,1,7.49,1
3,Internet,RoundTrip,127,2,6,T,LTNPRG,UAE,0,0,0,13.75,1
1,Mobile,RoundTrip,74,1,13,W,LHRBOM,United Kingdom,0,0,0,11.35,0
4,Mobile,RoundTrip,263,11,12,W,CDGSYD,USA,0,1,1,13.84,1
1,Internet,OneWay,358,11,14,S,AUHBOM,France,0,1,1,13.23,0
3,Internet,RoundTrip,32,16,5,S,LHRBOM,France,0,1,0,6.62,0
3,Internet,OneWay,358,13,20,T,LHRBOM,India,0,1,0,13.5,1
1,Internet,RoundTrip,125,4,20,S,AUHBOM,India,1,1,1,9.09,1
2,Mobile,RoundTrip,353,13,21,F,AUHBOM,United Kingdom,0,0,0,12.34,0
1,Internet,RoundTrip,18,9,11,T,CDGSYD,UAE,1,1,0,11.22,0
2,Internet,OneWay,224,4,4,S,CDGSYD,USA,0,1,0,14.02,1
3,Internet,OneWay,195,14,12,F,CDGSYD,USA,1,0,0,11.15,1
2,Internet,RoundTrip,303,14,1,T,CDGSYD,UAE,1,0,0,11.37,0
3,Mobile,RoundTrip,172,9,16,W,LHRBOM,France,1,0,1,14.96,1
4,Internet,OneWay,28,4,6,W,LTNPRG,UAE,0,1,1,13.3,0
1,Internet,OneWay,67,1,4,S,AUHBOM,USA,0,0,0,9.96,0
2,Mobile,OneWay,93,16,18,T,CDGSYD,USA,0,1,0,11.76,1
1,Mobile,RoundTrip,318,4,15,T,JFKDXB,India,1,0,1,5.32,0
3,Internet,RoundTrip,34,6,2,T,LHRBOM,UAE,1,1,1,9.13,1
1,Internet,RoundTrip,306,14,20,S,LTNPRG,USA,1,0,1,14.76,1
4,Internet,RoundTrip,185,9,15,S,CDGSYD,UAE,1,0,1,4.23,1
2,Internet,RoundTrip,206,17,6,T,LHRBOM,France,0,1,1,13.66,0
3,Internet,RoundTrip,352,8,9,M,AUHBOM,USA,1,1,0,11.67,1
1,Internet,RoundTrip,280,18,10,M,JFKDXB,India,0,0,0,5.76,1
2,Mobile,RoundTrip,237,8,20,M,CDGSYD,UAE,0,1,0,14.3,0
1,Mobile,RoundTrip,301,2,12,W,JFKDXB,United Kingdom,1,0,1,7.53,1
3,Mobile,RoundTrip,168,15,18,S,LHRBOM,United Kingdom,0,0,0,8.14,1
1,Mobile,OneWay,339,14,0,F,JFKDXB,UAE,1,0,0,8.27,0
1,Mobile,RoundTrip,289,20,11,F,AUHBOM,UAE,1,1,1,4.54,0
3,Mobile,RoundTrip,356,2,1,T,JFKDXB,USA,0,1,0,10.3,0
3,Mobile,RoundTrip,201,11,8,W,CDGSYD,India,1,1,0,8.78,1
2,Internet,RoundTrip,234,15,12,S,LTNPRG,United Kingdom,1,0,1,14.78,0
2,Internet,RoundTrip,167,9,19,W,CDGSYD,India,0,1,1,12.08,0
2,Internet,OneWay,337,6,6,F,LHRBOM,USA,0,0,0,7.7,1
4,Internet,RoundTrip,230,6,5,T,AUHBOM,India,1,1,1,13.56,0
2,Internet,RoundTrip,58,1,19,W,LHRBOM,USA,1,0,0,14.02,1
4,Internet,RoundTrip,187,13,12,M,LTNPRG,France,0,1,1,9.44,1
1,Internet,RoundTrip,49,16,16,F,CDGSYD,India,1,1,1,14.48,0
1,Internet,RoundTrip,234,10,21,T,LHRBOM,UAE,1,1,1,8.76,0
2,Internet,RoundTrip,255,1,1,W,LTNPRG,USA,0,1,0,4.85,0
1,Mobile,RoundTrip,293,16,13,F,LTNPRG,France,1,1,0,8.83,0
3,Mobile,RoundTrip,56,19,1,M,LHRBOM,USA,0,1,1,8.34,0
2,Internet,RoundTrip,169,13,21,S,CDGSYD,India,0,1,1,8.66,1
2,Internet,RoundTrip,129,2,10,M,AUHBOM,United Kingdom,0,1,0,4.28,1
3,Internet,RoundTrip,152,9,10,T,LHRBOM,USA,0,0,1,4.65,0
1,Mobile,RoundTrip,343,12,4,T,AUHBOM,USA,0,1,0,7.12,0
2,Mobile,RoundTrip,204,20,14,T,CDGSYD,India,1,0,1,11.82,1
4,Internet,RoundTrip,162,10,12,T,LHRBOM,USA,0,0,0,5.01,1
3,Mobile,RoundTrip,330,1,21,W,LTNPRG,United Kingdom,0,0,0,3.06,0
3,Internet,RoundTrip,194,15,0,F,AUHBOM,France,1,0,1,5.47,1
3,Internet,RoundTrip,154,14,16,S,CDGSYD,India,1,1,0,7.16,0
2,Mobile,OneWay,197,5,22,S,CDGSYD,France,1,1,1,2.72,1
4,Internet,RoundTrip,309,9,20,F,LTNPRG,USA,0,0,0,7.33,0
4,Internet,RoundTrip,165,1,14,T,AUHBOM,USA,1,0,1,9.63,1
2,Internet,RoundTrip,225,3,19,S,JFKDXB,UAE,1,0,0,12.72,0
4,Internet,RoundTrip,66,7,0,S,LHRBOM,UAE,0,1,0,8.3,0
1,Mobile,RoundTrip,5,2,1,W,LHRBOM,UAE,0,0,1,11.5,0
2,Mobile,RoundTrip,25,6,16,W,LTNPRG,UAE,1,0,0,10.81,0
2,Internet,RoundTrip,174,13,5,M,CDGSYD,USA,1,1,1,9.02,1
3,Internet,RoundTrip,262,8,16,M,JFKDXB,United Kingdom,1,1,1,9.28,1
3,Mobile,RoundTrip,77,3,17,S,LHRBOM,USA,1,1,0,5.77,0
2,Internet,RoundTrip,344,13,15,S,LHRBOM,United Kingdom,1,0,0,3.9,0
2,Mobile,RoundTrip,55,18,20,W,CDGSYD,India,0,0,0,8.89,0
3,Internet,RoundTrip,254,12,4,S,AUHBOM,UAE,1,0,0,5.52,1
2,Internet,RoundTrip,86,7,18,M,LTNPRG,USA,0,1,1,6.81,0
2,Mobile,OneWay,22,17,18,S,AUHBOM,UAE,1,1,0,11.74,0
2,Internet,RoundTrip,260,7,7,F,CDGSYD,France,0,1,0,10.71,1
4,Internet,RoundTrip,189,1,4,T,AUHBOM,France,0,1,1,3.92,1
3,Internet,OneWay,229,14,14,S,JFKDXB,India,1,0,0,3.69,1
1,Internet,RoundTrip,343,15,20,T,LHRBOM,United Kingdom,0,1,1,13.14,0
4,Internet,RoundTrip,196,5,15,T,LTNPRG,USA,1,0,0,7.05,1
3,Internet,RoundTrip,307,8,2,T,JFKDXB,USA,0,0,0,4.37,0
2,Mobile,RoundTrip,181,1,10,F,AUHBOM,United Kingdom,1,0,0,9.97,0
3,Mobile,RoundTrip,128,10,9,W,CDGSYD,India,0,0,1,14.58,0
1,Internet,OneWay,142,9,13,W,AUHBOM,United Kingdom,1,0,1,9.85,0
1,Internet,RoundTrip,126,6,13,S,AUHBOM,UAE,1,0,0,9.82,1
2,Mobile,RoundTrip,323,11,22,S,JFKDXB,USA,1,0,1,13.55,0
4,Mobile,RoundTrip,187,14,19,S,JFKDXB,India,0,0,0,4.59,1
2,Internet,OneWay,340,9,12,S,LTNPRG,USA,1,0,0,9.3,1
2,Internet,OneWay,92,16,3,T,LHRBOM,India,1,0,0,5.13,1
4,Internet,OneWay,279,10,4,S,CDGSYD,UAE,0,1,1,10.88,1
4,Internet,RoundTrip,43,9,3,F,AUHBOM,United Kingdom,0,1,1,9.38,1
2,Internet,RoundTrip,105,14,11,M,AUHBOM,USA,1,1,1,13.13,1
1,Internet,RoundTrip,13,4,3,T,JFKDXB,India,1,0,0,9.56,1
3,Mobile,OneWay,333,17,4,T,LHRBOM,United Kingdom,0,0,0,9.8,0
3,Mobile,RoundTrip,109,13,3,W,LHRBOM,United Kingdom,0,1,0,8.32,1
4,Mobile,OneWay,299,8,15,S,CDGSYD,USA,0,0,1,2.72,0
4,Internet,RoundTrip,155,5,6,S,AUHBOM,France,0,0,1,8.12,1
3,Internet,OneWay,46,16,20,T,LTNPRG,UAE,0,0,0,2.56,0
1,Mobile,RoundTrip,126,1,11,M,JFKDXB,France,1,1,1,9.98,0
1,Mobile,OneWay,125,2,15,T,JFKDXB,India,1,0,0,5.06,1
3,Internet,RoundTrip,186,13,12,S,JFKDXB,India,0,0,0,2.17,0
3,Mobile,RoundTrip,120,10,20,S,LTNPRG,France,1,0,1,11.9,0
2,Internet,RoundTrip,247,4,2,T,LHRBOM,USA,1,0,0,6.27,0
2,Mobile,OneWay,266,8,16,S,CDGSYD,India,1,0,1,10.47,1
3,Internet,RoundTrip,57,16,13,T,LHRBOM,United Kingdom,1,1,0,10.93,0
2,Internet,RoundTrip,191,10,10,S,LHRBOM,India,0,0,1,8.49,1
1,Internet,OneWay,211,11,16,T,CDGSYD,UAE,0,0,0,2.01,0
4,Internet,OneWay,98,2,12,T,CDGSYD,United Kingdom,0,1,0,12.4,0
2,Internet,RoundTrip,281,15,14,T,AUHBOM,India,1,0,1,6.85,0
2,Internet,OneWay,85,3,12,M,LTNPRG,United Kingdom,0,1,0,5.3,0
1,Internet,RoundTrip,318,5,2,T,AUHBOM,France,1,1,1,11.66,1
2,Mobile,RoundTrip,167,6,9,M,LTNPRG,France,0,0,1,12.26,0
4,Internet,RoundTrip,134,9,22,S,LTNPRG,USA,0,0,1,12.56,1
1,Internet,OneWay,243,6,2,F,LHRBOM,France,1,0,0,12.0,1
1,Mobile,RoundTrip,226,17,5,T,LHRBOM,France,0,1,1,4.41,1
1,Internet,RoundTrip,186,8,16,S,LHRBOM,France,0,0,0,12.1,0
1,Internet,RoundTrip,250,1,3,T,AUHBOM,United Kingdom,1,0,1,5.17,0
3,Mobile,RoundTrip,96,10,1,W,LHRBOM,France,1,0,1,5.99,1
2,Mobile,OneWay,295,3,17,T,AUHBOM,UAE,0,0,1,5.37,0
4,Internet,RoundTrip,226,5,4,W,CDGSYD,United Kingdom,0,0,1,4.84,1
2,Mobile,OneWay,78,12,5,W,LTNPRG,France,1,0,0,9.52,1
3,Internet,RoundTrip,364,13,10,S,LHRBOM,USA,0,0,0,10.03,1
1,Internet,OneWay,316,14,19,S,LTNPRG,India,1,1,1,11.72,1
2,Mobile,RoundTrip,65,8,22,T,AUHBOM,United Kingdom,0,1,1,4.58,1
2,Internet,RoundTrip,286,17,6,S,JFKDXB,UAE,0,1,1,8.15,0
1,Mobile,RoundTrip,193,2,7,M,CDGSYD,USA,0,1,0,9.75,0
2,Internet,OneWay,281,8,11,S,LTNPRG,USA,1,0,0,6.76,1
2,Mobile,RoundTrip,137,5,18,S,JFKDXB,USA,1,1,0,4.88,0
2,Internet,RoundTrip,89,1,1,S,AUHBOM,UAE,0,1,0,3.01,1
3,Internet,RoundTrip,80,12,9,T,AUHBOM,USA,1,1,1,5.62,0
4,Internet,OneWay,25,2,2,S,LTNPRG,United Kingdom,0,1,0,8.78,0
4,Internet,RoundTrip,319,13,5,S,LHRBOM,UAE,1,1,0,4.19,1
1,Mobile,RoundTrip,114,18,14,S,AUHBOM,United Kingdom,1,0,1,13.39,1
3,Internet,RoundTrip,349,16,0,S,LHRBOM,France,0,0,1,11.19,0
4,Internet,RoundTrip,83,14,19,T,JFKDXB,UAE,0,1,0,3.32,0
4,Internet,RoundTrip,128,5,2,S,CDGSYD,India,1,0,0,4.63,0
2,Internet,OneWay,320,14,18,S,CDGSYD,United Kingdom,1,1,1,2.67,1
4,Mobile,RoundTrip,127,12,9,T,AUHBOM,France,0,1,0,13.13,1
4,Internet,OneWay,277,10,12,S,AUHBOM,UAE,0,0,0,5.01,1
2,Mobile,OneWay,34,10,9,F,LTNPRG,India,0,1,1,14.57,1
4,Internet,RoundTrip,348,3,8,S,AUHBOM,UAE,1,0,1,14.69,1
3,Internet,RoundTrip,225,17,14,F,LTNPRG,UAE,1,1,0,5.18,1
4,Internet,OneWay,274,17,7,S,AUHBOM,UAE,0,1,0,14.03,1
3,Internet,RoundTrip,10,15,1,S,AUHBOM,France,0,0,1,6.59,0
4,Mobile,RoundTrip,352,11,0,M,JFKDXB,United Kingdom,1,1,1,6.32,1
4,Mobile,OneWay,181,3,6,M,LHRBOM,France,0,1,1,13.82,0
4,Mobile,OneWay,78,13,5,W,CDGSYD,UAE,0,0,0,9.72,1
2,Internet,RoundTrip,56,20,0,F,AUHBOM,United Kingdom,1,1,1,10.9,0
3,Internet,RoundTrip,32,3,2,T,AUHBOM,France,1,1,1,7.4,1
3,Internet,RoundTrip,245,8,20,S,JFKDXB,India,1,0,0,8.79,0
4,Internet,RoundTrip,78,19,11,M,LTNPRG,France,0,0,1,12.06,0
2,Mobile,RoundTrip,339,20,9,W,AUHBOM,United Kingdom,1,0,0,4.22,0
2,Internet,RoundTrip,83,9,21,T,AUHBOM,United Kingdom,1,0,1,14.84,0
3,Internet,RoundTrip,33,6,13,F,JFKDXB,France,1,1,1,12.41,1
4,Mobile,RoundTrip,311,6,2,T,LHRBOM,UAE,0,1,0,5.48,0
4,Mobile,RoundTrip,284,10,16,T,AUHBOM,India,0,1,1,11.1,0
1,Internet,RoundTrip,189,7,16,F,JFKDXB,United Kingdom,0,0,1,2.17,1
4,Internet,OneWay,303,12,6,M,CDGSYD,UAE,0,1,1,11.76,0
4,Internet,RoundTrip,265,2,15,S,LHRBOM,India,1,0,1,12.37,1
1,Internet,OneWay,65,2,3,M,AUHBOM,United Kingdom,0,1,0,3.82,0
1,Internet,RoundTrip,152,1,22,W,LHRBOM,USA,1,0,0,5.97,1
1,Internet,OneWay,336,15,13,T,LTNPRG,UAE,1,1,0,10.44,1
4,Mobile,OneWay,247,19,6,M,AUHBOM,France,0,1,0,11.19,1
4,Mobile,RoundTrip,227,3,20,M,JFKDXB,UAE,1,0,0,2.89,0
3,Internet,OneWay,65,19,11,S,JFKDXB,USA,0,0,1,7.55,1
3,Internet,RoundTrip,195,4,20,F,LTNPRG,France,1,0,1,8.24,1
2,Internet,RoundTrip,61,1,2,M,LHRBOM,USA,0,0,0,10.87,0
4,Internet,OneWay,245,6,7,W,AUHBOM,France,1,1,0,6.55,1
1,Internet,OneWay,81,6,9,W,JFKDXB,USA,1,1,1,6.68,0
2,Internet,RoundTrip,105,20,6,M,JFKDXB,India,1,0,1,4.82,1
1,Internet,OneWay,209,3,11,T,LHRBOM,France,0,0,1,13.82,0
4,Internet,RoundTrip,10,20,8,T,LHRBOM,France,0,1,1,3.23,0
3,Internet,RoundTrip,255,18,20,F,AUHBOM,France,1,1,1,8.36,0
3,Internet,RoundTrip,161,10,5,S,LTNPRG,USA,1,0,0,3.86,1
4,Mobile,RoundTrip,187,14,4,W,JFKDXB,United Kingdom,0,1,1,2.39,0
1,Internet,RoundTrip,271,11,22,W,CDGSYD,USA,0,0,1,11.03,1
4,Internet,RoundTrip,281,19,16,F,LHRBOM,UAE,0,0,1,4.15,0
1,Mobile,RoundTrip,335,5,0,S,CDGSYD,UAE,0,0,1,9.57,0
4,Internet,RoundTrip,66,20,19,W,LHRBOM,USA,0,0,0,10.12,1
3,Internet,RoundTrip,157,9,4,S,LTNPRG,USA,1,1,0,14.69,1
4,Mobile,RoundTrip,35,19,15,W,AUHBOM,United Kingdom,1,1,1,7.6,0
1,Internet,RoundTrip,96,20,0,S,CDGSYD,France,0,1,0,2.98,0
4,Internet,RoundTrip,201,17,5,W,LTNPRG,USA,1,0,1,7.98,0
4,Internet,OneWay,48,16,19,F,LTNPRG,France,1,0,1,3.74,0
1,Internet,RoundTrip,163,9,0,S,JFKDXB,France,1,0,1,8.74,0
3,Internet,OneWay,341,14,10,S,AUHBOM,India,0,0,0,8.23,1
4,Internet,OneWay,26,5,9,W,JFKDXB,UAE,0,0,1,7.91,1
2,Internet,RoundTrip,85,6,5,T,AUHBOM,United Kingdom,0,0,0,12.3,1
2,Internet,RoundTrip,103,15,2,T,LHRBOM,USA,1,1,0,6.85,1
2,Internet,RoundTrip,332,16,9,T,JFKDXB,UAE,1,1,0,11.88,1
3,Internet,RoundTrip,268,6,8,F,LTNPRG,India,1,0,0,12.17,0
4,Internet,RoundTrip,67,20,2,M,JFKDXB,USA,0,0,1,6.74,0
3,Mobile,RoundTrip,256,14,16,W,JFKDXB,India,0,0,1,6.1,0
3,Internet,OneWay,7,20,2,S,LHRBOM,United Kingdom,0,0,1,2.26,0
4,Internet,RoundTrip,291,10,8,S,AUHBOM,France,0,1,1,12.12,0
4,Internet,OneWay,82,12,21,S,AUHBOM,India,0,0,1,11.56,1
2,Internet,RoundTrip,260,14,8,S,JFKDXB,USA,1,1,1,3.96,1
4,Internet,RoundTrip,180,4,16,F,AUHBOM,USA,1,0,0,4.04,1
2,Internet,RoundTrip,267,6,10,T,AUHBOM,UAE,1,1,1,11.98,0
3,Internet,RoundTrip,127,20,14,F,LHRBOM,France,1,0,0,3.67,0
2,Mobile,RoundTrip,194,14,17,T,LHRBOM,France,1,0,0,12.36,1
4,Mobile,RoundTrip,331,11,10,F,LHRBOM,USA,0,1,1,4.88,1
3,Internet,RoundTrip,293,1,15,T,LHRBOM,France,1,0,1,8.27,1
3,Internet,RoundTrip,199,1,11,M,LTNPRG,USA,1,1,1,4.46,0
2,Internet,RoundTrip,336,12,7,T,AUHBOM,UAE,0,1,1,5.32,0
3,Internet,RoundTrip,43,2,17,W,JFKDXB,UAE,1,0,0,9.52,0
4,Internet,RoundTrip,255,3,8,F,LTNPRG,France,1,0,1,13.08,1
2,Mobile,RoundTrip,228,12,1,W,AUHBOM,USA,1,0,1,9.69,1
4,Mobile,RoundTrip,94,20,6,T,LTNPRG,India,1,1,1,4.74,0
2,Mobile,RoundTrip,142,17,15,S,AUHBOM,France,1,0,1,9.19,1
1,Internet,OneWay,148,10,15,T,LTNPRG,India,1,1,1,4.28,1
3,Mobile,RoundTrip,248,19,12,F,LHRBOM,India,1,0,1,8.71,1
3,Internet,RoundTrip,228,13,10,W,LHRBOM,United Kingdom,0,0,0,4.88,0
2,Internet,RoundTrip,287,19,7,W,JFKDXB,France,0,0,0,12.17,0
3,Internet,RoundTrip,240,5,1,F,LHRBOM,United Kingdom,0,0,0,13.09,0
3,Mobile,RoundTrip,359,12,4,W,LHRBOM,UAE,0,0,1,10.12,0
4,Internet,RoundTrip,303,19,22,S,AUHBOM,USA,0,0,0,7.13,1
4,Mobile,OneWay,210,20,19,S,LHRBOM,USA,1,0,0,12.9,1
4,Internet,OneWay,7,18,1,S,AUHBOM,USA,0,1,1,6.72,0
2,Mobile,RoundTrip,134,3,21,S,CDGSYD,France,0,0,1,6.58,0
1,Internet,RoundTrip,47,13,17,M,AUHBOM,India,0,0,0,3.62,1
1,Internet,RoundTrip,158,2,2,S,CDGSYD,France,0,0,1,13.29,1
3,Mobile,RoundTrip,362,8,9,T,LTNPRG,India,1,1,1,3.8,0
3,Internet,RoundTrip,147,1,3,W,CDGSYD,India,1,1,1,14.31,1
3,Internet,RoundTrip,298,16,16,W,CDGSYD,UAE,1,0,0,11.51,1
1,Internet,RoundTrip,164,16,15,T,JFKDXB,India,1,1,0,12.94,1
3,Internet,RoundTrip,210,2,5,S,CDGSYD,India,1,0,1,8.3,0
4,Internet,RoundTrip,11,19,17,F,CDGSYD,France,0,0,0,5.27,0
3,Internet,RoundTrip,251,17,6,T,CDGSYD,United Kingdom,0,1,1,8.38,0
3,Internet,RoundTrip,91,17,11,T,CDGSYD,India,0,1,1,12.42,0
1,Mobile,RoundTrip,168,9,2,S,CDGSYD,United Kingdom,0,0,0,8.12,0
2,Internet,RoundTrip,360,19,21,W,CDGSYD,United Kingdom,0,0,0,5.57,1
3,Internet,RoundTrip,82,20,4,F,JFKDXB,India,0,0,0,9.27,0
3,Internet,RoundTrip,338,11,20,T,CDGSYD,India,0,0,0,2.41,0
3,Internet,OneWay,302,8,19,F,LTNPRG,UAE,0,0,0,11.65,0
3,Internet,RoundTrip,18,16,2,F,AUHBOM,USA,0,1,1,10.64,1
3,Mobile,RoundTrip,135,1,2,T,CDGSYD,United Kingdom,1,0,0,4.92,0
2,Mobile,OneWay,357,7,3,T,JFKDXB,USA,0,0,0,4.83,0
3,Internet,RoundTrip,166,1,19,F,LTNPRG,India,1,1,0,12.06,1
2,Internet,RoundTrip,289,16,1,T,LTNPRG,United Kingdom,1,1,0,5.83,1
2,Internet,RoundTrip,335,1,14,S,CDGSYD,France,0,1,0,9.34,0
2,Internet,RoundTrip,1,16,20,W,LTNPRG,India,1,0,1,9.24,1
3,Internet,RoundTrip,267,12,6,S,LTNPRG,India,0,0,1,9.89,0
4,Internet,OneWay,333,9,12,T,CDGSYD,USA,0,0,0,2.49,1
3,Internet,RoundTrip,211,13,1,M,LHRBOM,India,0,1,0,7.99,1
1,Internet,RoundTrip,350,1,21,F,JFKDXB,USA,0,1,1,12.05,1
3,Internet,RoundTrip,255,17,13,T,JFKDXB,USA,0,1,1,11.74,0
2,Internet,RoundTrip,229,6,16,S,LHRBOM,UAE,0,1,1,7.62,0
1,Internet,RoundTrip,46,17,5,S,JFKDXB,USA,0,1,0,3.48,1
1,Internet,RoundTrip,287,18,16,T,LTNPRG,USA,1,1,1,8.92,0
4,Mobile,RoundTrip,312,12,14,S,LHRBOM,United Kingdom,1,0,1,9.91,1
2,Internet,OneWay,122,12,2,T,AUHBOM,USA,1,0,0,12.63,0
1,Internet,RoundTrip,58,19,13,T,LHRBOM,UAE,1,0,1,11.98,1
1,Internet,OneWay,209,9,2,W,LHRBOM,United Kingdom,1,1,0,6.83,1
3,Mobile,OneWay,342,8,15,F,JFKDXB,USA,0,0,0,10.13,0
4,Internet,OneWay,267,19,21,F,LTNPRG,USA,1,0,1,8.84,1
2,Mobile,OneWay,296,9,19,S,CDGSYD,India,1,0,1,4.86,1
1,Mobile,RoundTrip,205,8,11,S,LHRBOM,USA,0,1,1,5.45,1
2,Internet,RoundTrip,153,1,20,T,LTNPRG,India,0,0,1,11.24,1
3,Internet,RoundTrip,111,7,22,T,JFKDXB,India,0,0,0,11.4,1
1,Internet,RoundTrip,294,5,10,S,LTNPRG,UAE,1,1,1,11.33,0
2,Mobile,RoundTrip,237,16,7,S,AUHBOM,USA,0,1,0,6.4,0
1,Internet,RoundTrip,273,11,4,T,AUHBOM,India,1,1,0,8.62,1
2,Mobile,OneWay,306,8,14,M,AUHBOM,United Kingdom,0,1,0,4.56,1
1,Internet,OneWay,357,19,8,T,AUHBOM,UAE,0,1,0,10.99,1
1,Internet,RoundTrip,305,9,13,S,CDGSYD,UAE,0,0,1,6.63,0
1,Internet,RoundTrip,163,9,21,F,LHRBOM,USA,1,0,0,6.22,0
3,Internet,RoundTrip,49,15,1,S,JFKDXB,France,0,0,0,6.53,1
2,Internet,RoundTrip,204,6,6,S,LTNPRG,United Kingdom,0,1,1,2.63,0
4,Internet,RoundTrip,163,9,11,M,AUHBOM,United Kingdom,1,1,0,7.73,0
2,Mobile,RoundTrip,341,15,16,F,LTNPRG,India,0,1,0,8.91,0
1,Mobile,RoundTrip,15,7,21,F,JFKDXB,France,0,0,1,2.91,0
1,Internet,RoundTrip,312,9,20,M,LHRBOM,UAE,1,0,0,6.83,1
4,Internet,RoundTrip,231,1,10,T,CDGSYD,USA,0,0,0,14.82,0
3,Internet,RoundTrip,26,16,12,T,AUHBOM,USA,0,1,0,7.97,1
2,Mobile,RoundTrip,89,18,10,S,LHRBOM,United Kingdom,0,1,0,7.2,1
3,Internet,OneWay,23,14,2,T,AUHBOM,UAE,1,1,0,9.62,0
3,Mobile,RoundTrip,339,11,16,W,LHRBOM,United Kingdom,0,1,0,6.75,1
1,Internet,OneWay,235,18,18,S,AUHBOM,France,1,1,0,3.58,1
3,Internet,RoundTrip,226,18,17,F,LTNPRG,United Kingdom,0,1,1,12.38,0
1,Internet,RoundTrip,190,10,8,S,LHRBOM,United Kingdom,0,0,0,12.35,1
1,Internet,OneWay,146,13,19,T,JFKDXB,USA,0,1,0,11.5,0
3,Mobile,RoundTrip,63,19,5,T,JFKDXB,United Kingdom,1,1,0,5.54,1
2,Internet,RoundTrip,267,5,10,T,AUHBOM,UAE,1,1,1,9.33,1
1,Internet,RoundTrip,49,16,5,T,CDGSYD,India,0,0,1,8.11,1
1,Mobile,RoundTrip,76,8,10,S,CDGSYD,India,0,1,0,10.83,0
3,Mobile,OneWay,356,2,21,M,LTNPRG,France,0,1,0,11.33,0
3,Mobile,RoundTrip,34,9,10,S,AUHBOM,France,1,1,0,7.12,1
1,Internet,OneWay,347,11,17,T,AUHBOM,France,1,0,0,12.1,1
2,Internet,OneWay,32,15,22,T,CDGSYD,France,1,0,0,10.11,1
2,Mobile,OneWay,178,4,3,S,LHRBOM,India,0,1,1,11.59,0
4,Internet,RoundTrip,213,11,21,S,LTNPRG,France,1,0,1,11.25,0
4,Internet,RoundTrip,42,14,2,T,LHRBOM,USA,0,1,1,12.04,0
2,Mobile,RoundTrip,324,13,14,S,LTNPRG,India,0,1,1,9.41,1
3,Internet,RoundTrip,349,17,10,S,CDGSYD,France,1,1,0,9.99,0
4,Internet,OneWay,82,16,6,S,CDGSYD,United Kingdom,0,1,0,3.41,1
2,Mobile,RoundTrip,81,10,14,M,LTNPRG,UAE,1,0,0,8.89,0
1,Internet,RoundTrip,277,6,20,T,JFKDXB,UAE,0,0,0,13.8,0
2,Internet,OneWay,136,18,1,M,CDGSYD,India,1,0,0,5.7,1
3,Internet,RoundTrip,14,18,3,S,JFKDXB,UAE,1,0,0,7.18,1
4,Internet,OneWay,274,3,11,S,AUHBOM,India,1,0,1,9.76,1
2,Internet,OneWay,129,10,2,W,LHRBOM,France,0,1,0,5.87,0
1,Mobile,RoundTrip,149,16,7,T,CDGSYD,USA,0,1,1,4.73,1
1,Mobile,RoundTrip,238,14,9,T,CDGSYD,France,0,0,0,13.77,1
2,Internet,RoundTrip,211,18,9,W,CDGSYD,UAE,1,1,1,2.82,1
1,Internet,RoundTrip,301,5,15,S,CDGSYD,UAE,1,1,0,5.16,1
1,Mobile,OneWay,291,19,10,S,LHRBOM,India,0,0,1,10.24,0
3,Internet,RoundTrip,344,5,1,T,LTNPRG,India,0,1,1,12.93,0
4,Internet,RoundTrip,335,2,14,T,JFKDXB,USA,0,0,1,3.74,0
1,Internet,RoundTrip,231,15,7,T,AUHBOM,UAE,0,0,1,6.05,0
3,Internet,OneWay,203,19,0,M,JFKDXB,United Kingdom,1,1,1,12.6,0
3,Internet,RoundTrip,169,8,18,S,AUHBOM,India,1,1,1,4.15,1
3,Internet,OneWay,242,4,9,S,LHRBOM,France,1,1,0,2.8,0
4,Internet,OneWay,23,18,15,M,CDGSYD,United Kingdom,1,1,1,2.54,0
4,Internet,RoundTrip,147,2,15,T,JFKDXB,United Kingdom,0,1,1,13.66,1
2,Internet,RoundTrip,101,14,1,T,LTNPRG,France,1,0,0,12.63,1
4,Internet,RoundTrip,203,3,19,T,JFKDXB,UAE,1,1,1,8.08,1
1,Internet,OneWay,337,14,4,W,CDGSYD,India,0,0,1,13.79,0
4,Internet,RoundTrip,176,3,17,T,CDGSYD,USA,1,0,0,3.23,0
1,Internet,OneWay,213,8,16,S,LHRBOM,USA,0,0,0,2.48,1
1,Internet,OneWay,147,10,2,M,LTNPRG,France,1,1,1,8.36,0
1,Internet,RoundTrip,125,19,2,T,LTNPRG,United Kingdom,0,1,1,12.08,1
1,Internet,RoundTrip,248,15,19,W,LTNPRG,France,1,0,0,2.95,1
2,Mobile,OneWay,91,19,0,W,CDGSYD,India,1,0,1,6.52,0
3,Internet,OneWay,320,11,5,S,AUHBOM,United Kingdom,1,1,1,3.81,1
3,Mobile,RoundTrip,42,6,22,S,AUHBOM,India,1,1,0,11.34,0
1,Mobile,RoundTrip,81,9,2,F,CDGSYD,India,1,1,0,5.47,0
2,Internet,RoundTrip,274,11,14,S,LHRBOM,United Kingdom,1,1,0,9.09,0
1,Internet,RoundTrip,31,12,8,W,CDGSYD,India,1,0,1,2.1,1
1,Mobile,OneWay,151,19,9,F,LTNPRG,United Kingdom,1,1,0,7.57,0
3,Internet,RoundTrip,138,18,2,T,JFKDXB,USA,0,1,1,3.06,0
3,Internet,OneWay,341,3,13,W,JFKDXB,USA,1,1,1,13.71,0
1,Internet,RoundTrip,58,16,7,S,AUHBOM,United Kingdom,0,0,1,10.44,1
2,Internet,OneWay,166,6,15,S,LHRBOM,India,0,1,0,9.17,0
4,Internet,RoundTrip,168,12,18,W,AUHBOM,UAE,0,0,1,6.28,0
3,Mobile,RoundTrip,298,20,11,T,CDGSYD,USA,0,1,1,2.34,0
1,Mobile,RoundTrip,197,18,0,W,CDGSYD,UAE,0,1,0,7.01,1
4,Internet,OneWay,48,10,15,S,LTNPRG,France,0,1,1,4.66,0
1,Mobile,RoundTrip,317,1,11,S,LTNPRG,India,1,1,0,8.49,1
2,Internet,RoundTrip,55,20,16,T,JFKDXB,France,1,1,0,3.35,1
3,Mobile,RoundTrip,253,19,18,F,AUHBOM,United Kingdom,0,1,1,9.25,1
3,Internet,RoundTrip,100,8,4,S,AUHBOM,France,1,0,0,12.74,0
1,Mobile,RoundTrip,45,3,2,W,CDGSYD,United Kingdom,1,0,1,7.39,0
4,Mobile,RoundTrip,70,11,9,S,AUHBOM,United Kingdom,1,0,1,2.65,1
1,Internet,RoundTrip,344,17,20,S,LTNPRG,United Kingdom,0,0,1,9.56,0
3,Internet,RoundTrip,356,10,7,T,AUHBOM,UAE,0,1,0,14.16,0
2,Mobile,RoundTrip,219,1,9,F,LTNPRG,France,0,1,0,14.22,1
4,Internet,RoundTrip,295,10,18,T,LTNPRG,USA,0,1,1,6.94,0
4,Internet,RoundTrip,329,11,18,F,AUHBOM,United Kingdom,1,1,0,7.59,0
4,Mobile,RoundTrip,127,19,17,M,AUHBOM,France,0,1,1,5.76,0
4,Internet,OneWay,276,17,21,F,LTNPRG,UAE,0,1,0,13.81,0
3,Internet,RoundTrip,190,14,18,W,JFKDXB,France,0,0,1,4.73,1
1,Internet,RoundTrip,64,9,3,T,AUHBOM,UAE,0,1,0,9.23,1
3,Internet,OneWay,195,19,10,T,LHRBOM,USA,1,0,0,8.38,1
2,Mobile,OneWay,17,5,17,S,LHRBOM,USA,1,0,1,3.14,1
3,Internet,RoundTrip,222,7,13,M,LHRBOM,France,1,0,0,8.54,1
1,Internet,RoundTrip,95,17,3,F,JFKDXB,USA,1,1,0,9.33,1
3,Internet,OneWay,38,20,16,T,AUHBOM,United Kingdom,0,1,1,5.58,1
2,Mobile,OneWay,257,17,3,F,LHRBOM,France,0,0,1,4.26,0
3,Internet,RoundTrip,128,15,7,W,JFKDXB,UAE,0,1,0,7.8,0
2,Mobile,RoundTrip,163,19,22,T,AUHBOM,France,1,0,0,14.55,0
2,Mobile,OneWay,32,3,22,T,AUHBOM,United Kingdom,0,1,1,14.45,1
1,Mobile,OneWay,30,14,0,M,LTNPRG,France,0,0,1,7.07,0
4,Mobile,RoundTrip,335,9,8,S,AUHBOM,UAE,0,1,0,12.34,0
1,Mobile,RoundTrip,219,12,7,S,AUHBOM,France,0,1,0,12.09,0
1,Mobile,RoundTrip,147,5,12,W,AUHBOM,USA,0,0,0,14.24,0
2,Internet,RoundTrip,243,10,19,W,LTNPRG,France,1,0,1,10.58,0
1,Mobile,RoundTrip,265,5,19,M,JFKDXB,United Kingdom,0,0,0,5.84,1
4,Internet,RoundTrip,42,13,3,T,AUHBOM,USA,0,0,1,14.79,0
2,Internet,RoundTrip,336,19,17,T,JFKDXB,USA,0,1,1,6.47,1
1,Mobile,RoundTrip,239,2,0,S,LHRBOM,France,1,0,1,3.74,1
2,Mobile,OneWay,113,20,11,W,JFKDXB,USA,0,0,1,8.26,1
1,Mobile,OneWay,98,14,13,S,LHRBOM,United Kingdom,0,0,0,14.51,1
3,Internet,OneWay,32,1,9,T,LHRBOM,France,0,1,0,10.4,0
2,Internet,OneWay,94,12,20,T,LHRBOM,UAE,0,0,1,9.99,1
1,Internet,OneWay,123,3,14,T,JFKDXB,France,0,0,0,6.31,0
4,Internet,RoundTrip,78,17,22,T,LTNPRG,USA,0,1,1,11.53,0
3,Internet,RoundTrip,245,6,10,T,CDGSYD,USA,0,0,1,4.35,1
2,Internet,OneWay,92,2,9,W,LTNPRG,USA,0,1,1,3.26,0
3,Internet,RoundTrip,182,17,13,W,AUHBOM,USA,1,0,0,13.36,1
3,Mobile,RoundTrip,204,11,5,T,LTNPRG,India,0,1,1,8.74,1
1,Internet,OneWay,28,13,18,T,AUHBOM,USA,1,1,1,13.52,1
4,Mobile,RoundTrip,62,17,6,W,LHRBOM,France,1,0,0,2.46,0
2,Internet,OneWay,26,12,2,F,LHRBOM,United Kingdom,0,1,1,11.15,0
1,Internet,RoundTrip,252,16,10,F,AUHBOM,France,1,0,1,3.64,0
3,Internet,RoundTrip,255,12,16,S,LHRBOM,USA,1,1,0,3.93,1
4,Internet,OneWay,48,1,12,F,LTNPRG,India,0,1,0,4.7,1
3,Mobile,OneWay,269,20,1,F,LHRBOM,France,1,0,1,2.52,0
2,Internet,RoundTrip,296,20,0,S,LHRBOM,France,0,1,1,14.84,0
2,Internet,RoundTrip,40,6,16,T,AUHBOM,India,1,1,0,10.46,0
3,Mobile,RoundTrip,43,14,22,S,LHRBOM,United Kingdom,0,0,0,13.75,0
1,Mobile,RoundTrip,290,3,4,T,LTNPRG,United Kingdom,0,0,1,3.89,0
4,Internet,RoundTrip,113,6,22,F,JFKDXB,USA,0,0,1,12.34,0
2,Internet,RoundTrip,126,13,11,S,JFKDXB,UAE,1,0,1,3.19,1
1,Internet,RoundTrip,215,7,3,T,JFKDXB,UAE,1,1,0,3.76,1
1,Internet,RoundTrip,25,20,6,T,LTNPRG,United Kingdom,1,0,1,13.37,1
3,Internet,RoundTrip,160,2,22,T,LTNPRG,UAE,1,0,1,4.31,0
1,Internet,RoundTrip,122,15,7,T,CDGSYD,USA,1,1,0,12.46,1
4,Mobile,RoundTrip,300,13,19,S,JFKDXB,USA,0,0,1,13.87,1
4,Internet,RoundTrip,266,18,14,S,JFKDXB,France,1,1,1,2.49,0
1,Internet,OneWay,105,17,18,T,LHRBOM,USA,0,0,1,14.17,1
1,Internet,OneWay,239,18,9,T,AUHBOM,United Kingdom,1,1,0,9.15,0
4,Mobile,OneWay,147,16,2,M,CDGSYD,USA,1,0,1,10.0,1
1,Internet,RoundTrip,176,5,11,W,AUHBOM,India,1,1,1,12.9,1
2,Mobile,RoundTrip,268,9,21,T,LHRBOM,United Kingdom,0,0,0,10.73,1
4,Mobile,RoundTrip,102,14,22,S,AUHBOM,USA,1,0,1,14.53,1
1,Internet,RoundTrip,211,20,9,W,AUHBOM,France,1,0,1,13.94,1
3,Internet,OneWay,153,18,2,S,LHRBOM,France,0,1,1,5.27,1
2,Internet,RoundTrip,237,13,4,T,LHRBOM,USA,1,1,0,11.62,1
2,Internet,OneWay,139,3,8,S,AUHBOM,UAE,1,0,0,7.02,0
4,Mobile,RoundTrip,341,9,22,M,CDGSYD,India,0,0,1,3.52,1
3,Internet,RoundTrip,142,14,12,S,JFKDXB,India,1,1,1,5.94,1
2,Mobile,RoundTrip,40,16,11,W,JFKDXB,India,1,1,1,2.66,0
4,Internet,OneWay,179,6,18,W,JFKDXB,United Kingdom,0,1,0,8.82,1
3,Internet,RoundTrip,87,10,4,F,JFKDXB,India,0,0,1,2.05,1
1,Internet,RoundTrip,166,17,6,T,LHRBOM,UAE,0,0,0,4.27,1
2,Internet,RoundTrip,336,17,17,W,CDGSYD,UAE,1,0,1,14.95,1
1,Internet,OneWay,38,5,9,T,CDGSYD,UAE,1,1,0,14.22,1
3,Internet,RoundTrip,16,6,13,W,LTNPRG,USA,1,1,1,9.82,0
4,Internet,OneWay,106,8,18,T,LTNPRG,United Kingdom,0,0,0,14.79,1
1,Mobile,RoundTrip,159,13,17,M,CDGSYD,India,0,1,0,8.03,1
4,Internet,RoundTrip,47,14,12,S,LHRBOM,United Kingdom,1,0,0,8.28,0
4,Mobile,RoundTrip,254,16,1,T,LTNPRG,France,1,1,1,7.76,0
4,Internet,OneWay,220,12,19,M,AUHBOM,UAE,0,1,0,2.47,0
3,Internet,RoundTrip,256,19,1,W,AUHBOM,France,1,1,1,6.45,1
2,Internet,RoundTrip,154,3,1,W,LTNPRG,United Kingdom,1,0,0,8.83,0
1,Internet,RoundTrip,339,11,4,W,LTNPRG,USA,0,0,0,8.68,1
4,Internet,OneWay,245,5,6,S,LTNPRG,France,1,1,1,8.6,0
2,Internet,RoundTrip,336,11,18,F,CDGSYD,United Kingdom,0,0,0,6.63,1
2,Mobile,RoundTrip,32,18,12,T,AUHBOM,France,1,1,0,11.31,0
3,Internet,RoundTrip,243,18,21,T,LHRBOM,France,0,0,1,14.36,0
3,Internet,RoundTrip,126,20,2,W,AUHBOM,France,1,1,1,12.41,0
4,Internet,OneWay,71,10,22,S,JFKDXB,USA,1,1,1,6.2,0
4,Internet,RoundTrip,66,14,11,S,LTNPRG,United Kingdom,0,0,1,5.72,1
4,Internet,OneWay,72,10,13,F,LHRBOM,United Kingdom,0,1,1,13.5,1
1,Internet,OneWay,34,1,0,W,LHRBOM,UAE,0,1,0,4.82,1
1,Internet,RoundTrip,166,6,16,M,AUHBOM,USA,1,1,0,3.53,1
1,Internet,OneWay,282,15,11,S,JFKDXB,India,0,1,0,5.46,0
3,Mobile,RoundTrip,169,2,17,M,LHRBOM,United Kingdom,1,1,1,8.99,0
3,Internet,RoundTrip,48,13,21,W,LTNPRG,UAE,0,0,1,2.1,1
4,Mobile,RoundTrip,258,10,5,T,LHRBOM,France,0,0,0,4.55,1
4,Internet,OneWay,64,9,21,T,LTNPRG,France,0,0,1,5.33,0
4,Internet,RoundTrip,317,15,11,S,JFKDXB,France,1,0,1,9.26,1
1,Mobile,OneWay,134,5,7,T,JFKDXB,USA,0,1,0,11.48,0
3,Internet,RoundTrip,1,6,16,S,JFKDXB,United Kingdom,1,1,0,14.77,0
4,Mobile,RoundTrip,107,4,0,M,CDGSYD,United Kingdom,0,0,0,4.59,1
4,Internet,OneWay,304,3,15,W,CDGSYD,France,1,0,0,11.06,1
2,Internet,RoundTrip,335,2,20,W,JFKDXB,United Kingdom,0,0,1,4.97,1
4,Mobile,RoundTrip,154,3,4,S,AUHBOM,USA,1,1,0,9.77,0
2,Internet,OneWay,360,13,13,F,JFKDXB,India,1,0,1,5.32,0
1,Internet,RoundTrip,85,6,18,S,LTNPRG,United Kingdom,1,1,1,8.03,1
2,Internet,OneWay,154,7,13,T,JFKDXB,France,1,0,1,8.21,0
2,Internet,OneWay,167,16,21,S,JFKDXB,France,1,0,0,14.44,0
4,Mobile,RoundTrip,74,11,18,W,LTNPRG,USA,0,0,0,5.37,1
1,Internet,RoundTrip,140,2,6,M,CDGSYD,France,1,0,0,12.72,1
1,Internet,OneWay,182,11,9,T,LHRBOM,UAE,0,1,0,11.49,0
3,Mobile,OneWay,255,14,15,W,JFKDXB,France,1,0,0,9.11,0
3,Internet,RoundTrip,181,13,9,F,CDGSYD,India,0,0,0,11.22,0
3,Mobile,RoundTrip,38,18,9,T,JFKDXB,USA,0,0,1,6.64,0
1,Internet,RoundTrip,170,12,19,T,AUHBOM,India,0,1,1,10.19,1
2,Internet,RoundTrip,309,17,2,F,JFKDXB,France,1,0,1,3.9,1
4,Mobile,RoundTrip,8,11,11,M,JFKDXB,USA,1,1,1,12.25,1
1,Internet,RoundTrip,364,13,8,S,CDGSYD,France,0,1,1,6.36,1
4,Internet,RoundTrip,47,4,16,S,LTNPRG,India,1,0,1,14.81,0
1,Internet,RoundTrip,4,20,22,S,AUHBOM,France,0,0,0,7.65,0
1,Mobile,OneWay,52,1,20,S,CDGSYD,USA,1,0,1,14.1,0
4,Mobile,RoundTrip,92,20,8,T,JFKDXB,UAE,0,0,1,5.38,1
2,Internet,RoundTrip,129,12,9,T,JFKDXB,UAE,1,0,1,5.79,0
3,Internet,RoundTrip,302,7,2,S,AUHBOM,USA,1,1,1,12.43,1
2,Mobile,RoundTrip,212,9,20,T,LHRBOM,United Kingdom,0,1,0,13.46,1
3,Internet,OneWay,233,2,6,F,LHRBOM,France,0,0,1,8.35,0
2,Internet,RoundTrip,320,9,7,F,CDGSYD,USA,1,0,0,2.83,1
2,Internet,RoundTrip,48,2,8,W,JFKDXB,India,0,1,1,6.54,0
4,Internet,OneWay,82,9,21,W,LHRBOM,France,1,1,0,12.47,0
3,Mobile,RoundTrip,353,3,22,T,LHRBOM,UAE,0,0,1,8.23,0
3,Mobile,RoundTrip,281,3,7,S,JFKDXB,France,1,1,0,11.34,1
4,Mobile,OneWay,22,15,14,T,JFKDXB,United Kingdom,1,0,0,6.92,1
2,Internet,OneWay,83,4,5,W,LHRBOM,USA,1,1,0,2.43,0
4,Internet,RoundTrip,136,7,10,F,CDGSYD,UAE,0,1,1,10.79,0
3,Internet,RoundTrip,12,14,16,M,LHRBOM,USA,1,1,0,5.87,1
4,Internet,RoundTrip,213,11,11,W,LTNPRG,UAE,0,0,0,8.34,0
2,Internet,RoundTrip,237,11,21,T,LTNPRG,UAE,0,0,0,13.86,1
3,Internet,RoundTrip,123,9,11,F,LTNPRG,UAE,1,0,1,4.89,1
1,Internet,OneWay,79,13,17,M,LTNPRG,France,1,0,0,6.55,0
1,Internet,RoundTrip,155,14,10,W,CDGSYD,India,0,0,0,4.03,1
1,Mobile,RoundTrip,335,3,17,T,CDGSYD,India,1,0,0,2.48,1
3,Internet,OneWay,262,20,18,M,JFKDXB,UAE,1,1,0,7.36,1
2,Internet,OneWay,340,17,22,F,LTNPRG,USA,0,0,0,3.28,0
2,Mobile,OneWay,202,9,7,S,JFKDXB,UAE,1,0,0,5.9,0
3,Mobile,RoundTrip,39,8,12,S,JFKDXB,India,0,0,1,13.04,1
2,Mobile,RoundTrip,22,15,16,F,LHRBOM,UAE,1,0,1,2.56,0
1,Internet,RoundTrip,71,13,20,W,LHRBOM,France,1,0,1,10.23,0
3,Mobile,RoundTrip,190,17,2,F,LTNPRG,UAE,1,0,0,7.05,1
3,Internet,RoundTrip,77,10,0,F,LHRBOM,USA,0,0,1,7.08,1
1,Internet,RoundTrip,116,9,1,M,LTNPRG,United Kingdom,0,0,0,8.51,0
2,Internet,RoundTrip,332,10,3,M,LTNPRG,UAE,1,0,1,6.48,1
1,Internet,RoundTrip,16,6,6,S,AUHBOM,India,0,0,0,3.06,1
3,Internet,OneWay,29,16,6,S,AUHBOM,France,0,0,0,13.51,1
1,Internet,RoundTrip,142,16,2,W,AUHBOM,India,1,0,1,4.5,1
1,Mobile,RoundTrip,274,3,21,W,LTNPRG,United Kingdom,0,0,0,10.9,1
2,Internet,RoundTrip,300,2,18,M,CDGSYD,France,0,0,0,11.79,0
2,Internet,RoundTrip,105,2,4,T,AUHBOM,UAE,0,1,1,4.69,0
4,Internet,RoundTrip,106,7,9,M,LHRBOM,UAE,0,0,0,4.07,0
1,Internet,RoundTrip,213,3,8,M,AUHBOM,UAE,1,1,0,13.87,0
4,Internet,RoundTrip,316,12,19,S,AUHBOM,France,1,1,1,2.33,1
2,Internet,RoundTrip,65,20,0,S,LTNPRG,UAE,1,1,0,7.67,1
2,Internet,RoundTrip,325,15,19,S,AUHBOM,France,0,0,0,2.9,1
1,Mobile,RoundTrip,294,19,1,M,LTNPRG,France,1,1,1,7.53,1
2,Mobile,RoundTrip,98,3,12,W,LTNPRG,France,1,1,1,4.49,0
2,Internet,OneWay,245,15,13,F,LTNPRG,India,1,1,0,13.94,1
3,Internet,OneWay,229,15,4,T,AUHBOM,France,0,1,1,6.09,1
4,Mobile,RoundTrip,8,9,2,W,AUHBOM,France,1,0,1,12.37,1
3,Mobile,RoundTrip,147,15,9,W,JFKDXB,UAE,1,0,1,6.86,0
1,Internet,OneWay,87,2,20,F,AUHBOM,UAE,0,0,1,8.9,1
2,Mobile,RoundTrip,25,13,12,S,LTNPRG,United Kingdom,1,0,1,10.8,0
3,Mobile,RoundTrip,170,17,20,S,LHRBOM,UAE,1,0,1,10.74,1
3,Mobile,RoundTrip,256,8,8,F,AUHBOM,India,0,1,0,13.05,1
3,Internet,RoundTrip,194,4,14,T,AUHBOM,USA,0,0,0,6.13,1
3,Internet,OneWay,33,1,20,S,JFKDXB,India,0,1,1,8.34,0
3,Internet,RoundTrip,302,6,9,F,CDGSYD,UAE,0,0,0,12.86,0
4,Internet,OneWay,26,17,22,S,CDGSYD,UAE,0,1,1,6.17,1
3,Internet,OneWay,141,17,20,W,LHRBOM,United Kingdom,1,1,0,4.73,0
3,Internet,OneWay,207,13,13,T,AUHBOM,UAE,0,0,0,5.61,0
2,Internet,OneWay,338,6,11,T,AUHBOM,United Kingdom,0,0,1,6.27,1
2,Internet,OneWay,275,6,3,S,LTNPRG,USA,0,0,1,4.05,1
3,Mobile,RoundTrip,71,17,4,M,LHRBOM,UAE,1,1,0,4.37,1
4,Internet,OneWay,156,12,20,T,JFKDXB,United Kingdom,0,0,1,2.68,0
4,Internet,RoundTrip,313,16,7,T,LHRBOM,USA,1,0,0,4.9,0
3,Mobile,RoundTrip,91,8,21,T,JFKDXB,India,0,1,1,13.79,1
4,Mobile,RoundTrip,330,17,8,S,CDGSYD,United Kingdom,0,1,0,9.95,1
1,Mobile,RoundTrip,195,10,5,T,CDGSYD,USA,0,1,1,6.3,1
2,Mobile,RoundTrip,229,14,13,W,CDGSYD,USA,0,0,1,12.42,1
1,Mobile,RoundTrip,242,18,6,F,CDGSYD,France,0,1,1,9.79,1
3,Internet,RoundTrip,353,8,9,M,JFKDXB,USA,1,1,1,4.42,1
4,Internet,RoundTrip,251,16,10,S,CDGSYD,USA,0,1,0,10.08,0
1,Internet,RoundTrip,150,14,18,W,LHRBOM,USA,1,0,1,14.16,1
1,Internet,RoundTrip,215,10,19,M,LHRBOM,USA,0,1,0,3.0,1
2,Mobile,RoundTrip,255,17,14,F,JFKDXB,USA,1,1,1,14.87,0
4,Internet,RoundTrip,218,9,21,S,JFKDXB,USA,0,1,0,7.51,1
1,Internet,RoundTrip,4,15,5,S,LTNPRG,India,1,0,1,8.35,0
4,Internet,RoundTrip,329,2,15,S,LTNPRG,United Kingdom,0,0,1,2.3,1
1,Internet,RoundTrip,100,18,9,S,JFKDXB,France,1,1,0,5.43,0
2,Internet,RoundTrip,237,20,9,W,LTNPRG,France,0,1,1,6.9,1
3,Internet,OneWay,207,20,16,S,LHRBOM,United Kingdom,1,1,0,14.58,0
3,Mobile,RoundTrip,44,17,7,M,CDGSYD,USA,1,1,1,11.6,1
4,Internet,RoundTrip,319,14,5,S,LTNPRG,USA,0,1,0,14.21,1
1,Mobile,RoundTrip,31,15,10,S,JFKDXB,UAE,1,1,0,11.52,0
1,Internet,OneWay,347,19,2,F,LTNPRG,UAE,1,0,0,13.02,1
2,Internet,RoundTrip,336,15,12,S,AUHBOM,USA,0,1,0,2.41,1
3,Internet,RoundTrip,211,6,16,T,LTNPRG,France,1,1,1,13.24,1
2,Mobile,RoundTrip,348,4,3,W,AUHBOM,UAE,0,1,0,12.57,0
3,Internet,RoundTrip,312,20,9,T,AUHBOM,USA,1,0,0,9.72,1
2,Mobile,RoundTrip,328,3,6,M,JFKDXB,India,0,1,0,11.12,1
4,Internet,OneWay,291,19,2,S,CDGSYD,United Kingdom,0,0,1,12.04,0
1,Internet,OneWay,339,19,3,T,LTNPRG,United Kingdom,1,0,0,2.66,1
3,Mobile,RoundTrip,282,1,11,M,LTNPRG,France,1,0,1,5.24,0
3,Internet,RoundTrip,321,17,12,F,CDGSYD,United Kingdom,0,0,1,14.2,1
1,Internet,RoundTrip,41,12,12,T,CDGSYD,United Kingdom,0,1,0,5.91,0
3,Mobile,OneWay,156,8,1,S,JFKDXB,UAE,1,0,0,3.34,1
1,Internet,OneWay,175,11,0,S,LHRBOM,France,1,0,0,10.88,1
3,Internet,RoundTrip,332,9,2,T,LHRBOM,USA,0,1,0,6.94,1
3,Internet,RoundTrip,177,17,18,M,LHRBOM,India,0,1,1,12.74,0
1,Internet,RoundTrip,161,9,14,T,JFKDXB,USA,0,1,1,9.52,0
1,Mobile,OneWay,287,3,11,S,AUHBOM,United Kingdom,1,0,1,14.89,1
2,Mobile,RoundTrip,237,8,0,S,CDGSYD,United Kingdom,0,0,1,11.31,0
4,Internet,RoundTrip,214,11,0,S,LHRBOM,India,0,1,1,10.45,1
1,Mobile,RoundTrip,333,10,9,S,LHRBOM,UAE,0,0,1,8.42,1
4,Internet,RoundTrip,299,11,19,T,JFKDXB,India,0,0,0,2.83,1
3,Internet,OneWay,259,20,2,S,JFKDXB,USA,0,0,1,2.43,0
4,Internet,RoundTrip,349,8,13,S,CDGSYD,UAE,0,1,1,11.73,1
4,Mobile,RoundTrip,18,17,13,M,LTNPRG,France,1,0,0,11.89,0
2,Internet,RoundTrip,202,20,22,M,LTNPRG,France,0,0,0,4.73,1
3,Internet,RoundTrip,12,17,6,T,LTNPRG,United Kingdom,0,1,1,9.17,1
3,Internet,RoundTrip,289,11,6,S,AUHBOM,United Kingdom,0,1,0,6.26,0
1,Mobile,OneWay,47,20,13,S,AUHBOM,UAE,0,0,0,11.55,1
3,Internet,RoundTrip,205,9,9,M,AUHBOM,United Kingdom,0,1,0,12.65,1
2,Internet,RoundTrip,285,6,3,S,JFKDXB,India,1,1,0,7.74,0
1,Mobile,RoundTrip,228,18,15,M,JFKDXB,UAE,0,1,0,10.97,1
4,Internet,RoundTrip,22,19,22,S,JFKDXB,USA,1,0,0,6.69,1
2,Internet,OneWay,174,3,21,T,CDGSYD,France,1,0,1,8.79,1
4,Internet,RoundTrip,284,7,2,F,CDGSYD,United Kingdom,0,0,0,11.62,0
1,Internet,OneWay,350,6,18,S,AUHBOM,United Kingdom,1,1,1,3.58,0
3,Internet,RoundTrip,327,17,16,S,JFKDXB,United Kingdom,0,0,1,2.24,1
2,Mobile,OneWay,298,6,14,F,AUHBOM,France,0,0,0,10.4,0
4,Internet,RoundTrip,112,14,10,T,AUHBOM,France,0,0,0,12.26,1
4,Internet,RoundTrip,274,19,18,T,LTNPRG,USA,1,1,1,10.16,0
4,Mobile,OneWay,61,19,13,S,JFKDXB,USA,1,0,1,4.37,1
4,Internet,OneWay,120,18,2,S,LTNPRG,USA,1,1,0,8.56,0
4,Internet,RoundTrip,104,11,2,F,AUHBOM,UAE,1,0,0,7.27,1
2,Mobile,OneWay,177,13,16,F,LHRBOM,India,1,0,0,14.28,0
4,Internet,RoundTrip,319,15,9,W,LTNPRG,France,1,0,1,10.99,0
3,Mobile,RoundTrip,315,7,13,S,LHRBOM,UAE,1,1,0,8.75,0
2,Mobile,RoundTrip,325,11,18,S,LTNPRG,United Kingdom,1,1,0,7.17,1
1,Internet,RoundTrip,341,10,6,M,JFKDXB,UAE,1,0,0,6.41,1
3,Internet,RoundTrip,11,17,20,S,LHRBOM,India,1,1,0,3.75,1
2,Internet,RoundTrip,364,12,5,S,LTNPRG,USA,1,1,0,11.14,0
3,Internet,RoundTrip,320,9,10,S,AUHBOM,India,0,1,1,9.01,0
1,Internet,RoundTrip,268,11,6,S,LHRBOM,India,1,0,1,3.01,0
3,Internet,OneWay,30,4,16,S,CDGSYD,USA,1,0,0,7.32,1
3,Mobile,RoundTrip,267,6,2,S,JFKDXB,UAE,0,1,1,11.96,0
3,Mobile,RoundTrip,246,17,7,F,CDGSYD,USA,0,1,0,3.89,0
3,Mobile,RoundTrip,35,3,6,W,LHRBOM,UAE,0,1,1,12.1,0
4,Internet,RoundTrip,74,14,16,T,LHRBOM,United Kingdom,1,0,1,7.95,0
4,Internet,RoundTrip,274,19,1,S,JFKDXB,United Kingdom,1,0,0,2.9,0
2,Internet,RoundTrip,61,14,14,F,LTNPRG,UAE,1,1,1,14.22,1
4,Internet,OneWay,127,13,15,M,LHRBOM,United Kingdom,1,0,0,4.42,0
4,Mobile,RoundTrip,222,15,16,W,JFKDXB,United Kingdom,0,0,0,2.55,1
1,Internet,RoundTrip,315,3,11,M,LHRBOM,India,1,0,1,8.89,1
2,Internet,RoundTrip,104,3,14,S,LHRBOM,France,1,0,1,3.94,0
3,Mobile,RoundTrip,5,20,2,W,JFKDXB,France,1,0,1,2.63,1
3,Internet,RoundTrip,310,9,12,M,LTNPRG,USA,0,1,1,10.74,1
1,Internet,RoundTrip,341,9,16,S,JFKDXB,France,1,0,1,3.4,1
2,Internet,RoundTrip,312,4,5,S,JFKDXB,USA,1,1,0,14.55,1
2,Internet,OneWay,177,15,4,S,JFKDXB,United Kingdom,0,1,1,12.55,0
3,Mobile,RoundTrip,263,1,6,W,CDGSYD,USA,0,0,0,13.33,0
3,Internet,RoundTrip,47,4,11,T,JFKDXB,India,1,1,0,10.7,1
1,Mobile,RoundTrip,232,5,1,T,CDGSYD,France,1,1,1,9.09,0
1,Mobile,RoundTrip,219,19,21,S,LTNPRG,UAE,1,0,1,10.9,1
2,Mobile,OneWay,232,20,15,S,CDGSYD,France,1,1,0,9.62,0
1,Internet,RoundTrip,252,2,17,T,CDGSYD,USA,0,1,1,12.5,1
4,Internet,RoundTrip,324,3,19,T,CDGSYD,USA,1,1,1,4.41,1
2,Mobile,RoundTrip,284,20,13,M,CDGSYD,United Kingdom,1,0,1,3.72,1
3,Internet,RoundTrip,14,13,17,T,JFKDXB,France,1,0,0,10.81,0
1,Internet,RoundTrip,256,15,13,F,JFKDXB,India,1,1,1,4.6,1
2,Mobile,OneWay,266,12,17,T,AUHBOM,USA,0,0,1,14.74,0
4,Internet,RoundTrip,202,5,1,T,AUHBOM,India,1,1,0,3.95,0
3,Mobile,RoundTrip,228,15,18,M,LHRBOM,United Kingdom,1,1,0,10.6,0
2,Mobile,RoundTrip,30,4,9,F,CDGSYD,India,1,0,0,12.37,1
3,Mobile,RoundTrip,96,1,10,S,AUHBOM,USA,0,1,0,5.69,1
3,Internet,RoundTrip,315,17,7,T,AUHBOM,United Kingdom,1,0,1,10.72,0
1,Mobile,RoundTrip,1,8,9,T,LTNPRG,UAE,0,1,1,14.44,1
4,Internet,RoundTrip,358,1,10,T,LHRBOM,USA,1,0,1,14.4,0
4,Mobile,RoundTrip,82,9,8,S,CDGSYD,UAE,1,1,0,3.92,0
3,Mobile,OneWay,284,3,21,F,LHRBOM,UAE,1,0,1,3.48,1
1,Mobile,RoundTrip,81,10,11,W,LHRBOM,United Kingdom,1,0,0,5.96,0
2,Internet,RoundTrip,13,14,18,T,CDGSYD,India,0,1,0,2.77,1
3,Internet,RoundTrip,221,7,22,T,JFKDXB,United Kingdom,0,1,1,3.83,0
4,Internet,RoundTrip,276,2,14,S,LHRBOM,France,1,0,0,6.99,1
3,Internet,RoundTrip,32,18,7,T,CDGSYD,United Kingdom,1,1,1,2.16,0
1,Internet,RoundTrip,99,11,16,F,CDGSYD,United Kingdom,1,1,0,2.91,1
3,Internet,RoundTrip,111,1,0,T,LHRBOM,France,0,1,1,14.54,1
1,Internet,RoundTrip,351,12,16,W,LHRBOM,UAE,0,1,0,11.35,0
2,Mobile,RoundTrip,113,19,0,F,JFKDXB,United Kingdom,0,1,0,6.06,1
3,Mobile,OneWay,24,1,10,S,LTNPRG,India,1,1,1,3.56,1
3,Internet,RoundTrip,359,16,6,S,CDGSYD,United Kingdom,0,0,1,8.23,0
2,Mobile,RoundTrip,34,8,19,M,AUHBOM,India,1,0,0,9.76,1
2,Internet,OneWay,178,15,14,S,AUHBOM,USA,0,0,0,5.56,1
4,Internet,RoundTrip,67,1,14,S,JFKDXB,India,0,1,0,9.37,0
3,Internet,RoundTrip,92,19,15,T,JFKDXB,France,0,1,1,7.89,0
1,Mobile,RoundTrip,275,20,16,W,CDGSYD,USA,1,0,0,10.28,0
3,Mobile,RoundTrip,50,11,3,F,CDGSYD,USA,0,1,1,7.45,0
3,Mobile,RoundTrip,238,5,0,W,JFKDXB,USA,1,0,0,8.53,0
3,Mobile,RoundTrip,207,4,21,W,JFKDXB,USA,1,1,0,3.59,0
3,Mobile,RoundTrip,265,14,12,T,LHRBOM,India,0,1,1,4.78,0
1,Internet,RoundTrip,59,16,15,F,LHRBOM,United Kingdom,0,0,0,8.08,1
4,Internet,RoundTrip,129,14,8,S,CDGSYD,UAE,1,0,0,8.89,1
4,Internet,RoundTrip,2,10,19,S,CDGSYD,UAE,0,0,0,12.05,1
1,Mobile,RoundTrip,321,16,1,T,LHRBOM,UAE,0,1,1,4.37,1
1,Internet,RoundTrip,361,15,10,T,CDGSYD,UAE,1,1,0,11.06,1
1,Internet,OneWay,163,7,14,S,LTNPRG,USA,0,0,0,7.93,1
4,Mobile,RoundTrip,193,16,10,S,JFKDXB,France,0,1,0,2.38,1
4,Internet,OneWay,49,4,21,F,JFKDXB,India,0,0,1,2.67,0
2,Mobile,RoundTrip,319,17,0,F,CDGSYD,India,1,0,0,8.77,1
3,Internet,RoundTrip,280,11,16,T,LTNPRG,UAE,1,1,0,10.77,0
1,Mobile,RoundTrip,42,15,20,F,AUHBOM,USA,1,1,0,13.21,0
1,Mobile,RoundTrip,193,14,1,F,LHRBOM,USA,1,1,1,5.02,0
1,Internet,RoundTrip,63,2,14,W,LTNPRG,United Kingdom,0,1,0,12.62,0
1,Mobile,RoundTrip,217,16,1,S,JFKDXB,India,1,1,1,4.29,0
4,Internet,OneWay,240,16,14,W,LTNPRG,India,0,1,0,10.46,1
4,Internet,OneWay,141,1,7,T,JFKDXB,India,0,1,1,4.21,1
1,Internet,OneWay,161,5,19,M,CDGSYD,India,0,1,1,10.14,1
3,Mobile,RoundTrip,259,16,5,M,LTNPRG,United Kingdom,0,1,1,5.54,0
1,Internet,RoundTrip,57,8,8,F,LHRBOM,USA,1,0,0,6.92,1
3,Internet,OneWay,13,3,0,S,CDGSYD,France,0,0,0,10.41,1
4,Mobile,RoundTrip,152,18,16,T,JFKDXB,United Kingdom,0,1,0,8.9,1
4,Internet,RoundTrip,179,11,0,S,LTNPRG,France,0,1,0,3.15,0
4,Internet,RoundTrip,105,8,15,S,CDGSYD,India,1,1,0,10.03,0
1,Internet,RoundTrip,156,12,7,S,JFKDXB,France,1,1,0,9.31,0
1,Internet,RoundTrip,38,8,21,S,LHRBOM,United Kingdom,1,1,0,11.63,0
1,Mobile,RoundTrip,272,3,3,S,LHRBOM,United Kingdom,1,0,0,13.08,0
1,Internet,RoundTrip,279,12,14,S,LHRBOM,United Kingdom,0,0,1,4.56,0
3,Internet,RoundTrip,97,20,4,W,LHRBOM,India,1,1,0,10.76,1
3,Mobile,RoundTrip,238,20,1,W,JFKDXB,India,0,0,0,6.59,0
4,Internet,RoundTrip,86,13,19,T,LTNPRG,France,0,0,0,5.07,0
1,Mobile,RoundTrip,144,4,20,T,AUHBOM,India,1,1,1,11.27,1
2,Internet,OneWay,117,5,22,F,CDGSYD,France,0,1,0,8.68,1
3,Mobile,RoundTrip,354,7,4,T,CDGSYD,UAE,0,1,0,13.62,1
3,Mobile,RoundTrip,175,2,18,T,JFKDXB,United Kingdom,1,1,0,5.13,0
2,Mobile,RoundTrip,231,3,11,W,LTNPRG,France,1,0,1,4.26,0
1,Internet,OneWay,77,16,5,F,CDGSYD,United Kingdom,1,0,1,8.55,0
2,Internet,RoundTrip,338,9,9,M,AUHBOM,France,0,1,1,12.24,1
1,Mobile,RoundTrip,250,17,4,M,JFKDXB,India,0,0,1,8.72,0
3,Internet,RoundTrip,39,2,14,S,LTNPRG,India,1,1,0,7.55,0
4,Internet,OneWay,121,2,13,S,LHRBOM,UAE,1,1,1,10.38,0
1,Internet,RoundTrip,185,14,3,F,AUHBOM,UAE,0,1,1,8.91,0
1,Mobile,RoundTrip,154,6,18,M,LHRBOM,UAE,1,1,0,10.29,0
3,Mobile,RoundTrip,292,5,12,T,JFKDXB,USA,1,0,0,11.85,0
1,Internet,RoundTrip,203,13,15,S,AUHBOM,India,1,0,1,14.77,0
4,Mobile,RoundTrip,203,19,3,S,JFKDXB,United Kingdom,0,0,1,5.18,0
4,Internet,RoundTrip,138,9,18,T,JFKDXB,United Kingdom,1,1,0,9.83,0
2,Internet,RoundTrip,308,16,8,M,JFKDXB,USA,0,1,1,9.82,0
2,Internet,OneWay,256,7,11,S,LTNPRG,USA,0,0,0,4.98,0
2,Internet,RoundTrip,257,17,3,S,AUHBOM,UAE,0,1,0,14.51,0
2,Internet,RoundTrip,239,9,22,F,JFKDXB,UAE,1,0,0,12.24,0
4,Mobile,RoundTrip,243,4,11,S,CDGSYD,France,1,1,1,4.91,1
4,Mobile,OneWay,276,11,18,T,LHRBOM,United Kingdom,1,0,0,14.75,1
1,Internet,RoundTrip,86,6,14,M,CDGSYD,France,0,0,0,4.93,0
1,Internet,RoundTrip,191,4,1,M,LTNPRG,France,1,1,0,5.29,0
3,Internet,RoundTrip,48,4,16,S,LHRBOM,United Kingdom,1,1,0,2.17,0
3,Mobile,RoundTrip,134,8,8,F,AUHBOM,India,0,0,1,3.46,1
3,Mobile,RoundTrip,107,1,13,S,AUHBOM,India,0,0,1,3.03,1
2,Mobile,RoundTrip,74,2,12,W,LTNPRG,France,0,0,1,14.14,1
2,Internet,OneWay,200,12,18,M,CDGSYD,India,0,1,1,13.14,0
1,Internet,RoundTrip,160,1,5,S,AUHBOM,United Kingdom,1,0,1,10.85,1
2,Internet,RoundTrip,166,16,22,S,CDGSYD,UAE,0,0,0,7.03,1
3,Internet,OneWay,318,20,9,S,LHRBOM,India,0,0,0,11.77,1
2,Internet,RoundTrip,132,4,16,T,LTNPRG,UAE,0,1,1,8.28,1
2,Internet,OneWay,45,2,14,F,LHRBOM,India,1,1,1,14.49,1
2,Mobile,RoundTrip,288,5,13,W,LTNPRG,France,0,1,0,2.43,1
4,Internet,RoundTrip,79,1,12,T,CDGSYD,France,1,1,0,2.1,0
3,Internet,OneWay,355,6,14,M,LHRBOM,UAE,1,1,0,6.95,1
4,Mobile,RoundTrip,243,18,19,T,LTNPRG,United Kingdom,0,1,1,12.94,0
1,Internet,RoundTrip,94,17,6,T,CDGSYD,France,1,0,0,10.86,1
4,Mobile,RoundTrip,210,20,6,T,LHRBOM,India,0,1,0,6.21,0
1,Internet,RoundTrip,340,17,22,T,LHRBOM,India,0,0,0,3.29,0
2,Mobile,RoundTrip,334,17,21,T,JFKDXB,United Kingdom,1,0,0,9.32,0
2,Internet,RoundTrip,145,12,9,T,LHRBOM,USA,1,0,0,9.3,0
1,Internet,RoundTrip,11,3,7,F,LTNPRG,France,1,1,0,2.41,1
4,Mobile,RoundTrip,29,16,17,T,LTNPRG,United Kingdom,1,0,1,12.78,1
4,Internet,RoundTrip,320,13,21,T,CDGSYD,UAE,1,0,1,11.84,1
3,Internet,RoundTrip,241,20,21,F,AUHBOM,India,1,1,0,8.45,1
2,Internet,RoundTrip,265,14,5,T,LTNPRG,India,1,0,1,4.25,0
4,Internet,OneWay,263,11,4,T,LTNPRG,UAE,1,1,0,8.91,0
3,Mobile,RoundTrip,283,16,11,T,LHRBOM,USA,1,0,1,10.19,0
2,Internet,RoundTrip,186,14,4,W,LHRBOM,UAE,0,1,0,13.84,1
4,Internet,RoundTrip,138,3,21,T,JFKDXB,UAE,0,0,0,5.06,1
1,Internet,RoundTrip,86,13,8,F,AUHBOM,India,0,1,0,12.18,0
2,Mobile,RoundTrip,112,8,6,S,AUHBOM,United Kingdom,0,1,0,8.55,1
1,Internet,RoundTrip,274,4,22,M,CDGSYD,France,1,0,0,2.7,0
1,Internet,OneWay,6,6,19,T,AUHBOM,India,1,0,0,12.41,0
1,Mobile,RoundTrip,53,17,21,M,LHRBOM,France,0,0,1,9.52,0
3,Internet,RoundTrip,287,14,11,M,LTNPRG,UAE,0,0,1,2.63,0
4,Mobile,RoundTrip,237,2,18,S,LTNPRG,United Kingdom,1,1,0,10.87,1
3,Internet,RoundTrip,59,7,9,T,AUHBOM,UAE,0,1,0,9.25,0
2,Internet,OneWay,14,14,1,W,LTNPRG,USA,1,0,1,7.22,1
2,Internet,RoundTrip,83,11,15,W,LTNPRG,United Kingdom,0,1,0,3.18,0
1,Mobile,OneWay,44,16,1,S,CDGSYD,India,0,0,0,13.58,1
3,Internet,RoundTrip,101,13,4,F,LHRBOM,USA,1,0,0,14.09,0
1,Internet,RoundTrip,304,1,6,M,JFKDXB,France,0,0,0,14.17,0
4,Internet,RoundTrip,317,18,15,S,AUHBOM,USA,1,0,0,10.22,0
2,Internet,RoundTrip,105,12,17,S,CDGSYD,UAE,0,1,1,2.82,1
2,Internet,RoundTrip,105,19,4,F,JFKDXB,USA,1,1,1,10.29,1
1,Internet,RoundTrip,301,5,16,T,JFKDXB,USA,1,0,1,12.84,1
1,Internet,RoundTrip,155,14,16,S,CDGSYD,India,1,1,0,14.92,0
1,Internet,RoundTrip,78,1,13,M,JFKDXB,USA,0,1,0,9.3,1
3,Internet,RoundTrip,273,4,14,M,JFKDXB,India,0,0,0,6.63,1
2,Internet,RoundTrip,179,18,9,S,AUHBOM,India,0,0,1,7.86,0
4,Internet,RoundTrip,325,18,3,T,AUHBOM,USA,0,1,0,9.47,1
3,Internet,RoundTrip,320,20,3,M,AUHBOM,France,0,0,1,12.73,0
4,Internet,RoundTrip,288,5,2,M,LHRBOM,France,0,1,0,14.28,0
4,Internet,RoundTrip,354,18,11,T,CDGSYD,United Kingdom,0,0,1,4.92,0
1,Internet,RoundTrip,195,2,13,F,LTNPRG,UAE,1,1,0,5.24,0
1,Internet,RoundTrip,200,9,3,T,AUHBOM,France,1,1,1,12.87,0
4,Internet,OneWay,1,9,2,W,LTNPRG,USA,1,0,0,7.99,1
2,Mobile,RoundTrip,62,16,15,T,AUHBOM,USA,1,1,0,5.58,0
4,Internet,RoundTrip,58,14,14,W,CDGSYD,USA,0,1,1,3.57,1
3,Mobile,RoundTrip,336,8,21,S,AUHBOM,India,1,1,0,4.39,1
3,Internet,RoundTrip,93,3,22,W,CDGSYD,USA,0,1,0,6.32,1
2,Mobile,RoundTrip,227,8,22,W,LTNPRG,France,1,0,1,2.38,0
2,Internet,RoundTrip,151,6,2,S,CDGSYD,United Kingdom,1,0,0,14.63,0
3,Internet,OneWay,279,14,8,M,CDGSYD,United Kingdom,0,1,1,9.11,1
1,Internet,OneWay,132,2,10,M,LHRBOM,USA,0,1,0,12.7,0
2,Mobile,OneWay,342,9,16,S,LHRBOM,United Kingdom,1,0,1,7.72,1
3,Internet,RoundTrip,188,13,21,W,LHRBOM,India,1,1,1,14.45,0
1,Internet,RoundTrip,89,13,19,T,JFKDXB,United Kingdom,0,1,0,7.51,0
2,Internet,OneWay,150,15,21,T,CDGSYD,UAE,1,0,0,7.18,0
4,Mobile,RoundTrip,133,6,0,M,LHRBOM,United Kingdom,0,1,0,11.45,1
2,Internet,RoundTrip,265,11,0,W,LTNPRG,India,1,1,0,9.31,0
4,Internet,OneWay,118,2,9,M,CDGSYD,United Kingdom,0,1,1,5.98,1
4,Internet,RoundTrip,20,9,18,F,JFKDXB,France,0,1,0,2.01,0
3,Mobile,RoundTrip,286,20,7,S,LTNPRG,USA,1,0,1,3.61,1
1,Internet,OneWay,363,17,5,F,JFKDXB,USA,1,0,1,5.38,1
1,Internet,RoundTrip,92,13,5,T,AUHBOM,USA,0,0,1,3.39,1
4,Mobile,OneWay,307,9,17,S,CDGSYD,United Kingdom,1,1,0,8.72,1
1,Internet,RoundTrip,15,19,18,F,LHRBOM,India,1,1,0,6.4,1
3,Internet,RoundTrip,122,9,8,S,LHRBOM,UAE,1,0,0,11.09,0
3,Internet,OneWay,5,16,1,S,LHRBOM,France,1,0,1,8.17,1
4,Internet,OneWay,145,12,5,W,LTNPRG,USA,1,0,1,4.74,0
4,Internet,OneWay,222,1,6,S,JFKDXB,United Kingdom,1,0,1,7.71,1
2,Internet,RoundTrip,351,15,10,S,AUHBOM,France,0,0,1,11.47,1
3,Mobile,RoundTrip,307,18,8,F,CDGSYD,India,0,0,1,8.76,1
3,Mobile,RoundTrip,341,16,4,F,JFKDXB,India,0,0,1,7.53,0
4,Internet,RoundTrip,238,13,22,T,AUHBOM,United Kingdom,1,0,0,6.67,1
3,Internet,OneWay,144,1,9,S,LTNPRG,India,1,0,0,11.01,0
1,Internet,OneWay,330,1,5,M,AUHBOM,UAE,0,1,1,11.29,1
4,Mobile,RoundTrip,22,18,9,T,LHRBOM,UAE,0,0,1,10.18,0
3,Internet,OneWay,297,10,17,M,LHRBOM,UAE,0,0,1,9.4,0
1,Internet,RoundTrip,360,10,22,M,AUHBOM,United Kingdom,1,0,0,6.66,0
1,Internet,OneWay,9,13,10,S,AUHBOM,France,1,0,0,11.7,0
1,Internet,RoundTrip,238,19,12,F,AUHBOM,India,0,1,1,13.41,0
3,Internet,RoundTrip,319,9,6,T,LHRBOM,UAE,1,1,0,3.64,1
4,Mobile,RoundTrip,253,11,16,S,LHRBOM,India,1,0,1,13.97,1
2,Internet,RoundTrip,356,12,15,M,AUHBOM,UAE,1,1,0,5.02,1
1,Mobile,OneWay,100,10,4,S,CDGSYD,India,1,0,1,3.75,1
4,Internet,RoundTrip,233,14,12,T,JFKDXB,United Kingdom,1,1,0,10.67,0
3,Mobile,OneWay,299,4,22,T,LHRBOM,United Kingdom,1,0,0,7.7,1
3,Mobile,RoundTrip,26,8,5,W,AUHBOM,USA,1,0,0,14.74,1
1,Mobile,RoundTrip,203,10,11,T,AUHBOM,United Kingdom,1,1,0,7.39,1
4,Internet,RoundTrip,350,11,15,S,JFKDXB,France,0,0,1,10.5,1
1,Internet,OneWay,172,10,1,S,AUHBOM,UAE,1,0,0,3.93,0
3,Internet,OneWay,298,9,11,M,LHRBOM,India,1,0,0,7.45,1
3,Internet,RoundTrip,270,18,14,W,JFKDXB,France,1,1,0,10.86,0
3,Internet,RoundTrip,99,17,12,W,LHRBOM,India,1,0,0,3.57,1
3,Mobile,RoundTrip,136,18,7,T,LHRBOM,UAE,0,0,1,9.47,0
2,Mobile,OneWay,179,12,18,T,LTNPRG,France,0,0,1,14.41,1
3,Internet,OneWay,157,10,6,S,JFKDXB,USA,1,1,0,5.87,1
2,Internet,OneWay,217,9,11,T,LTNPRG,USA,0,0,0,9.83,1
2,Mobile,RoundTrip,238,18,7,T,CDGSYD,UAE,1,1,1,10.17,0
3,Mobile,OneWay,151,14,19,T,LHRBOM,United Kingdom,0,1,0,12.86,0
3,Internet,RoundTrip,233,18,10,T,LTNPRG,UAE,0,1,1,3.98,0
1,Internet,OneWay,240,17,8,W,LHRBOM,USA,0,1,1,11.29,0
4,Mobile,RoundTrip,354,19,6,M,LHRBOM,UAE,0,1,1,9.19,1
1,Internet,RoundTrip,298,11,12,S,CDGSYD,USA,0,0,0,9.08,0
2,Internet,RoundTrip,205,8,17,T,AUHBOM,India,1,0,1,10.28,1
2,Mobile,OneWay,65,19,14,T,AUHBOM,UAE,0,1,1,12.31,0
2,Mobile,RoundTrip,117,5,4,T,LHRBOM,UAE,0,0,0,11.34,0
2,Mobile,RoundTrip,121,7,0,T,LTNPRG,United Kingdom,0,1,1,2.71,0
2,Mobile,RoundTrip,105,19,3,S,LTNPRG,UAE,0,0,0,8.23,1
2,Internet,OneWay,345,15,20,F,LTNPRG,France,0,1,0,10.72,0
4,Internet,RoundTrip,195,12,2,S,LTNPRG,India,0,1,1,2.11,0
4,Internet,RoundTrip,361,11,4,S,CDGSYD,USA,0,1,1,5.91,0
2,Internet,RoundTrip,44,10,9,M,AUHBOM,France,1,1,1,3.48,0
2,Internet,RoundTrip,260,18,4,S,CDGSYD,USA,1,0,1,6.12,0
3,Internet,RoundTrip,215,9,2,S,CDGSYD,USA,0,0,0,11.87,0
1,Internet,RoundTrip,278,10,4,F,JFKDXB,India,0,0,0,12.21,1
2,Mobile,RoundTrip,143,2,0,M,CDGSYD,India,0,1,0,10.7,1
1,Internet,RoundTrip,190,3,11,M,LHRBOM,India,0,1,1,3.76,1
3,Internet,RoundTrip,129,5,6,M,JFKDXB,UAE,0,1,1,11.41,0
1,Internet,RoundTrip,254,6,6,F,LTNPRG,United Kingdom,1,0,0,11.45,1
4,Internet,RoundTrip,71,6,22,T,LHRBOM,USA,1,1,0,2.57,1
2,Mobile,RoundTrip,241,14,21,W,LHRBOM,USA,0,0,1,9.18,0
3,Internet,RoundTrip,181,12,0,T,LHRBOM,India,0,1,0,8.54,1
3,Internet,RoundTrip,291,1,20,T,LHRBOM,USA,0,0,0,10.42,1
2,Mobile,OneWay,14,11,1,W,CDGSYD,USA,0,0,0,10.96,1
2,Internet,OneWay,67,2,13,S,AUHBOM,France,1,1,1,2.86,1
2,Internet,RoundTrip,222,11,13,T,LHRBOM,France,0,1,0,5.24,0
4,Internet,RoundTrip,137,2,14,T,JFKDXB,UAE,0,1,1,12.73,0
3,Internet,OneWay,104,2,11,S,JFKDXB,UAE,1,0,0,8.75,1
1,Internet,RoundTrip,340,17,15,S,AUHBOM,India,0,0,0,12.59,1
2,Internet,RoundTrip,330,1,2,F,LHRBOM,UAE,0,1,1,5.32,0
2,Internet,RoundTrip,34,20,10,S,AUHBOM,USA,0,1,1,14.2,1
4,Internet,RoundTrip,192,10,20,W,CDGSYD,United Kingdom,1,1,1,8.02,0
4,Internet,RoundTrip,243,17,12,W,LHRBOM,UAE,0,1,0,8.33,1
2,Internet,RoundTrip,285,4,15,S,LTNPRG,India,1,0,1,5.82,1
2,Mobile,OneWay,74,10,1,S,CDGSYD,United Kingdom,0,0,1,12.32,0
1,Internet,RoundTrip,310,18,11,T,LHRBOM,India,1,1,1,11.06,1
3,Internet,RoundTrip,239,2,2,M,LTNPRG,United Kingdom,1,0,0,13.24,1
1,Internet,OneWay,320,9,12,T,JFKDXB,France,0,1,0,7.51,0
4,Internet,RoundTrip,248,3,7,S,LHRBOM,United Kingdom,0,0,0,12.61,1
3,Internet,RoundTrip,317,8,18,T,AUHBOM,India,0,1,1,7.73,1
1,Mobile,OneWay,11,20,18,S,CDGSYD,UAE,0,1,1,5.95,0
4,Mobile,RoundTrip,83,11,2,T,JFKDXB,India,1,1,0,14.82,1
4,Internet,RoundTrip,194,7,8,T,AUHBOM,USA,0,0,0,5.55,0
2,Internet,RoundTrip,111,13,21,M,CDGSYD,UAE,0,0,0,4.58,0
1,Mobile,RoundTrip,73,6,0,S,AUHBOM,USA,0,0,0,9.62,0
2,Internet,OneWay,258,2,2,W,LHRBOM,United Kingdom,1,0,1,11.96,1
2,Internet,RoundTrip,362,12,21,S,AUHBOM,France,0,1,0,3.8,1
2,Internet,OneWay,196,15,10,T,AUHBOM,USA,0,0,0,12.42,0
4,Internet,RoundTrip,222,4,14,T,CDGSYD,France,1,0,1,14.62,1
4,Mobile,OneWay,222,3,5,T,AUHBOM,UAE,1,0,0,8.67,0
3,Internet,RoundTrip,152,12,9,M,LHRBOM,USA,1,1,0,14.56,1
4,Mobile,OneWay,247,8,15,M,LTNPRG,India,0,1,1,3.79,0
1,Internet,RoundTrip,294,19,7,S,JFKDXB,UAE,0,0,1,9.43,1
1,Internet,OneWay,42,8,19,F,LTNPRG,USA,1,0,1,13.49,0
4,Internet,OneWay,101,8,21,T,JFKDXB,India,0,0,1,7.94,1
3,Internet,RoundTrip,62,12,14,W,CDGSYD,USA,0,0,0,12.74,0
1,Internet,RoundTrip,289,20,6,T,LTNPRG,United Kingdom,1,1,0,10.51,0
4,Internet,RoundTrip,233,14,5,F,CDGSYD,United Kingdom,1,0,0,5.38,1
1,Internet,RoundTrip,245,14,0,M,CDGSYD,USA,1,1,0,13.7,0
4,Mobile,RoundTrip,228,17,17,T,LHRBOM,India,0,1,1,6.82,0
4,Internet,RoundTrip,194,17,20,F,CDGSYD,United Kingdom,1,1,1,2.59,0
2,Internet,OneWay,298,11,21,S,LHRBOM,USA,0,1,1,5.01,1
3,Internet,OneWay,58,6,22,S,CDGSYD,United Kingdom,1,0,1,12.39,0
3,Internet,RoundTrip,253,4,3,S,CDGSYD,United Kingdom,0,0,1,11.34,0
4,Mobile,RoundTrip,304,12,16,F,LHRBOM,India,1,0,0,10.69,1
3,Mobile,RoundTrip,76,14,5,T,CDGSYD,United Kingdom,1,0,1,3.15,1
2,Mobile,RoundTrip,259,8,4,S,CDGSYD,USA,0,1,0,12.0,0
1,Internet,OneWay,26,10,12,F,LHRBOM,India,1,0,1,9.94,1
2,Internet,RoundTrip,60,9,15,S,AUHBOM,France,0,0,0,3.69,1
1,Internet,RoundTrip,143,12,17,S,JFKDXB,India,0,1,0,7.75,1
3,Internet,RoundTrip,364,17,11,S,LTNPRG,United Kingdom,0,0,1,6.13,1
2,Internet,RoundTrip,136,9,2,T,AUHBOM,India,0,1,0,11.27,1
3,Internet,OneWay,157,11,1,S,AUHBOM,USA,0,0,1,7.43,0
1,Internet,RoundTrip,280,9,1,W,LHRBOM,France,1,0,1,10.86,0
2,Internet,RoundTrip,291,7,17,M,JFKDXB,United Kingdom,1,0,0,13.93,1
2,Internet,RoundTrip,245,15,13,T,JFKDXB,USA,0,0,0,7.56,1
1,Mobile,RoundTrip,12,13,7,T,LHRBOM,USA,1,1,0,13.39,0
4,Mobile,RoundTrip,318,11,18,F,AUHBOM,France,0,1,0,6.56,1
3,Internet,RoundTrip,95,6,8,T,JFKDXB,India,1,0,0,6.1,1
4,Mobile,RoundTrip,184,18,6,T,CDGSYD,France,0,0,0,4.03,0
4,Internet,RoundTrip,267,17,18,T,JFKDXB,India,1,1,1,11.46,0
1,Mobile,OneWay,106,15,13,S,LHRBOM,United Kingdom,0,1,1,11.68,1
4,Mobile,OneWay,250,17,15,T,CDGSYD,United Kingdom,0,1,1,3.71,1
1,Internet,RoundTrip,184,10,18,M,CDGSYD,United Kingdom,1,1,0,14.07,1
4,Mobile,RoundTrip,57,13,7,T,CDGSYD,India,0,1,0,6.91,0
3,Mobile,OneWay,79,5,0,M,JFKDXB,France,1,1,0,10.46,0
4,Mobile,RoundTrip,278,16,15,S,LTNPRG,India,1,0,1,13.2,1
2,Mobile,OneWay,23,1,7,W,LHRBOM,France,0,1,0,8.55,0
1,Internet,RoundTrip,139,11,22,S,LHRBOM,India,1,1,1,13.45,1
1,Internet,RoundTrip,182,5,6,T,JFKDXB,USA,1,1,1,11.88,1
1,Mobile,RoundTrip,140,12,18,S,LTNPRG,UAE,1,1,1,6.87,0
4,Internet,OneWay,151,6,16,F,AUHBOM,United Kingdom,1,1,0,7.82,0
3,Internet,RoundTrip,354,20,16,T,LTNPRG,USA,0,1,1,10.34,0
1,Internet,RoundTrip,12,3,15,M,LTNPRG,United Kingdom,0,0,1,13.42,1
1,Internet,OneWay,358,17,1,T,JFKDXB,France,0,0,0,14.84,0
1,Internet,OneWay,263,14,19,F,JFKDXB,France,0,1,1,4.07,0
2,Mobile,RoundTrip,335,20,6,M,LTNPRG,UAE,0,1,1,10.08,1
3,Internet,RoundTrip,235,7,12,S,JFKDXB,United Kingdom,0,1,0,13.79,1
4,Mobile,RoundTrip,344,15,5,W,JFKDXB,France,0,1,0,5.57,0
3,Mobile,RoundTrip,27,1,5,S,LHRBOM,France,0,1,0,8.51,1
4,Internet,RoundTrip,262,14,8,M,LHRBOM,India,0,1,0,11.12,0
2,Internet,RoundTrip,259,9,9,S,LTNPRG,UAE,0,0,1,8.12,1
2,Internet,OneWay,340,15,20,S,AUHBOM,India,1,0,1,4.22,1
3,Mobile,OneWay,31,16,9,T,LHRBOM,France,0,1,1,4.47,1
1,Mobile,OneWay,185,10,21,T,LHRBOM,India,0,1,0,9.72,0
4,Internet,OneWay,189,7,15,S,CDGSYD,United Kingdom,0,0,0,14.85,1
4,Internet,RoundTrip,35,15,14,S,AUHBOM,USA,0,0,0,3.45,0
1,Internet,RoundTrip,227,19,21,T,LTNPRG,France,1,0,0,8.38,1
1,Internet,RoundTrip,176,8,22,W,LHRBOM,United Kingdom,0,1,1,3.14,1
3,Mobile,RoundTrip,182,18,10,M,AUHBOM,India,0,1,0,11.86,1
3,Mobile,RoundTrip,249,9,9,S,JFKDXB,India,0,1,0,12.53,0
1,Internet,RoundTrip,273,18,14,S,AUHBOM,USA,1,1,0,11.12,0
3,Mobile,RoundTrip,242,13,4,S,LHRBOM,India,1,1,1,10.61,1
2,Internet,RoundTrip,141,14,4,M,LTNPRG,UAE,1,0,1,12.7,0
3,Mobile,RoundTrip,351,14,7,T,AUHBOM,USA,1,0,1,11.34,0
2,Internet,RoundTrip,78,17,13,W,LTNPRG,United Kingdom,1,0,1,9.93,0
2,Internet,RoundTrip,124,18,22,T,CDGSYD,India,1,1,1,11.31,0
2,Mobile,RoundTrip,178,8,16,M,LHRBOM,UAE,0,0,0,3.41,1
1,Internet,OneWay,114,15,7,T,CDGSYD,France,1,0,1,6.51,1
1,Internet,RoundTrip,125,14,17,T,JFKDXB,USA,0,1,0,10.59,0
1,Mobile,RoundTrip,338,12,11,T,LTNPRG,USA,1,0,1,12.37,1
4,Internet,RoundTrip,56,5,22,T,LHRBOM,United Kingdom,0,0,1,4.73,0
2,Internet,RoundTrip,187,10,14,T,CDGSYD,India,1,1,0,6.3,0
2,Internet,RoundTrip,172,5,22,F,LHRBOM,USA,0,1,0,7.79,1
4,Internet,RoundTrip,32,3,17,T,LTNPRG,India,1,1,1,13.86,1
4,Internet,RoundTrip,74,19,11,M,CDGSYD,United Kingdom,0,1,0,6.79,0
1,Internet,OneWay,100,15,18,W,LHRBOM,India,1,0,1,3.82,0
2,Mobile,OneWay,172,11,19,M,CDGSYD,USA,0,1,0,13.33,1
2,Internet,RoundTrip,152,9,4,F,AUHBOM,USA,0,1,1,7.17,0
4,Internet,OneWay,216,2,16,T,AUHBOM,UAE,1,0,1,13.22,1
3,Mobile,RoundTrip,138,8,22,W,AUHBOM,India,1,1,0,3.09,0
3,Internet,RoundTrip,285,4,12,M,CDGSYD,France,1,1,1,14.3,0
1,Mobile,RoundTrip,134,11,10,T,CDGSYD,France,1,0,1,14.41,0
2,Internet,OneWay,311,10,0,M,LTNPRG,UAE,0,0,1,5.72,1
1,Mobile,RoundTrip,364,20,16,T,LTNPRG,USA,1,0,0,2.47,0
3,Internet,RoundTrip,244,17,22,T,LTNPRG,France,1,1,0,7.22,1
4,Internet,RoundTrip,38,13,14,F,CDGSYD,United Kingdom,0,0,1,5.0,1
4,Mobile,RoundTrip,326,18,22,S,CDGSYD,India,0,1,1,12.05,0
2,Internet,RoundTrip,298,7,3,T,AUHBOM,USA,1,1,1,2.57,0
2,Internet,RoundTrip,204,3,11,S,CDGSYD,UAE,1,1,1,3.51,1
4,Internet,OneWay,124,12,17,T,AUHBOM,UAE,1,0,0,10.57,1
2,Internet,RoundTrip,259,2,7,W,CDGSYD,France,1,1,0,12.6,1
4,Internet,RoundTrip,225,19,19,S,CDGSYD,United Kingdom,0,0,0,2.44,0
3,Internet,OneWay,281,3,2,W,LHRBOM,UAE,0,1,1,5.3,1
2,Internet,RoundTrip,235,18,19,S,LTNPRG,France,1,0,1,9.93,0
3,Internet,RoundTrip,301,14,1,S,CDGSYD,USA,0,1,1,5.65,1
1,Internet,RoundTrip,353,5,2,S,LHRBOM,USA,1,1,1,10.46,1
2,Internet,RoundTrip,274,11,18,F,AUHBOM,India,1,1,0,10.05,1
2,Internet,RoundTrip,116,11,22,W,AUHBOM,UAE,1,1,1,8.58,1
4,Internet,RoundTrip,329,15,9,S,JFKDXB,USA,0,0,0,12.18,0
3,Internet,RoundTrip,301,9,5,S,LTNPRG,UAE,1,1,0,2.92,0
2,Internet,RoundTrip,173,12,12,S,JFKDXB,UAE,0,1,0,3.4,1
4,Internet,OneWay,22,9,6,W,LHRBOM,India,1,1,0,3.69,0
2,Internet,OneWay,348,2,6,T,AUHBOM,United Kingdom,0,1,1,14.7,1
4,Internet,RoundTrip,197,15,0,S,AUHBOM,USA,0,0,0,5.58,0
3,Internet,RoundTrip,146,6,14,M,AUHBOM,France,1,1,1,7.12,1
4,Internet,OneWay,221,6,3,S,JFKDXB,USA,1,1,1,5.51,0
4,Internet,RoundTrip,26,7,17,T,LTNPRG,UAE,0,1,1,11.59,1
2,Mobile,RoundTrip,301,12,4,S,CDGSYD,United Kingdom,0,0,0,5.45,1
2,Internet,RoundTrip,67,15,20,F,LHRBOM,USA,0,1,0,9.38,0
4,Internet,RoundTrip,94,17,15,M,LHRBOM,India,1,0,0,3.43,0
1,Internet,RoundTrip,204,12,11,S,CDGSYD,France,0,0,1,12.58,0
4,Internet,RoundTrip,242,8,9,S,AUHBOM,India,1,0,1,14.41,0
1,Internet,RoundTrip,6,19,6,W,LTNPRG,United Kingdom,0,0,0,6.62,1
4,Internet,OneWay,212,10,1,T,CDGSYD,France,0,0,1,3.27,1
3,Internet,RoundTrip,58,3,1,S,LTNPRG,UAE,0,0,1,6.54,0
3,Internet,RoundTrip,348,17,13,T,LHRBOM,USA,0,0,0,4.13,0
2,Mobile,RoundTrip,137,19,19,F,LTNPRG,United Kingdom,0,1,1,13.57,0
3,Mobile,RoundTrip,179,6,15,S,AUHBOM,France,0,1,1,14.54,0
2,Internet,RoundTrip,228,5,19,F,LHRBOM,France,1,1,0,5.85,0
2,Internet,RoundTrip,58,8,16,T,JFKDXB,United Kingdom,1,1,0,11.87,1
1,Mobile,RoundTrip,61,7,8,S,JFKDXB,France,0,0,0,11.93,1
1,Internet,OneWay,350,4,21,M,CDGSYD,USA,0,0,1,12.11,0
4,Mobile,RoundTrip,210,1,4,T,JFKDXB,France,1,1,0,3.19,0
3,Internet,OneWay,83,4,6,F,JFKDXB,UAE,0,1,1,13.04,1
2,Mobile,RoundTrip,242,6,15,F,LTNPRG,UAE,0,1,1,7.73,1
4,Mobile,RoundTrip,326,4,0,T,JFKDXB,India,0,0,0,12.68,1
3,Internet,RoundTrip,278,4,17,S,CDGSYD,India,0,0,0,6.35,0
3,Internet,OneWay,146,19,6,W,LTNPRG,USA,0,0,0,13.93,0
1,Internet,RoundTrip,241,5,16,F,AUHBOM,France,0,0,1,4.89,0
3,Internet,RoundTrip,327,17,17,F,JFKDXB,France,0,1,1,4.36,1
1,Internet,RoundTrip,92,12,1,M,CDGSYD,France,1,0,0,2.16,1
3,Mobile,RoundTrip,288,9,7,S,LTNPRG,UAE,1,1,0,5.74,0
1,Internet,RoundTrip,364,16,22,T,LTNPRG,United Kingdom,0,1,1,7.52,1
3,Internet,OneWay,126,1,21,M,AUHBOM,United Kingdom,0,1,0,11.97,0
2,Mobile,RoundTrip,324,15,12,F,AUHBOM,United Kingdom,0,1,1,2.83,0
1,Internet,OneWay,9,9,9,T,JFKDXB,USA,1,0,0,4.93,1
2,Internet,RoundTrip,136,17,13,S,AUHBOM,India,1,0,0,9.8,1
1,Mobile,OneWay,101,20,16,T,AUHBOM,UAE,1,1,0,11.97,0
1,Internet,OneWay,11,15,1,M,JFKDXB,USA,0,1,1,10.97,1
4,Internet,RoundTrip,220,3,7,S,AUHBOM,United Kingdom,1,1,1,11.98,0
2,Internet,OneWay,193,20,0,M,AUHBOM,UAE,1,0,1,12.1,1
2,Mobile,OneWay,139,16,11,T,JFKDXB,India,0,1,1,4.16,1
1,Internet,RoundTrip,315,1,2,W,LHRBOM,UAE,0,1,0,5.7,1
2,Internet,RoundTrip,91,4,20,S,JFKDXB,UAE,0,1,1,13.68,1
2,Internet,RoundTrip,300,20,8,S,LTNPRG,France,0,0,0,11.47,1
3,Internet,RoundTrip,232,17,20,F,AUHBOM,USA,0,1,1,14.49,0
1,Mobile,RoundTrip,327,9,21,T,LHRBOM,UAE,1,0,0,14.59,1
4,Internet,RoundTrip,3,20,6,F,LTNPRG,France,0,1,0,2.04,0
1,Mobile,RoundTrip,353,10,16,W,LHRBOM,United Kingdom,0,1,1,9.71,1
3,Internet,RoundTrip,1,18,1,S,CDGSYD,France,1,1,0,12.38,0
1,Internet,RoundTrip,260,12,22,F,AUHBOM,USA,0,0,1,10.44,0
4,Mobile,RoundTrip,274,14,17,F,CDGSYD,UAE,1,0,0,2.89,1
3,Internet,OneWay,60,1,15,T,JFKDXB,France,1,1,1,10.86,1
4,Internet,RoundTrip,13,20,13,F,AUHBOM,United Kingdom,0,0,1,8.13,1
4,Mobile,RoundTrip,14,4,2,F,CDGSYD,India,1,0,1,9.46,1
4,Internet,RoundTrip,48,5,6,F,LHRBOM,India,0,0,0,12.32,0
3,Internet,OneWay,56,9,15,W,CDGSYD,France,0,0,0,4.2,1
4,Mobile,RoundTrip,353,16,4,W,AUHBOM,UAE,1,1,0,6.65,1
1,Internet,RoundTrip,74,16,14,S,LTNPRG,France,1,1,0,2.66,0
3,Internet,RoundTrip,294,13,19,W,CDGSYD,United Kingdom,0,1,0,9.43,1
4,Internet,RoundTrip,23,18,20,M,CDGSYD,UAE,0,1,0,3.15,1
2,Internet,RoundTrip,239,14,1,M,AUHBOM,United Kingdom,0,0,0,5.28,1
4,Internet,RoundTrip,166,3,12,M,LHRBOM,UAE,0,1,1,11.77,0
3,Internet,RoundTrip,197,16,3,T,JFKDXB,USA,0,1,1,3.47,1
2,Internet,RoundTrip,286,6,5,F,JFKDXB,United Kingdom,0,1,0,6.5,0
2,Internet,OneWay,77,11,20,W,LHRBOM,United Kingdom,1,0,0,11.77,0
1,Internet,RoundTrip,2,13,16,M,LHRBOM,India,1,1,0,12.02,1
4,Internet,OneWay,81,8,15,F,AUHBOM,United Kingdom,1,0,0,11.74,0
3,Internet,RoundTrip,293,8,17,W,AUHBOM,USA,0,0,1,9.77,1
2,Mobile,RoundTrip,216,6,2,S,LHRBOM,USA,1,1,0,11.06,0
4,Internet,RoundTrip,337,6,11,W,CDGSYD,USA,1,1,1,10.65,0
1,Internet,OneWay,304,20,5,F,CDGSYD,United Kingdom,1,0,1,9.1,1
4,Mobile,RoundTrip,56,8,2,F,CDGSYD,India,0,1,1,7.04,0
2,Internet,RoundTrip,22,10,21,T,CDGSYD,UAE,0,0,1,3.44,0
3,Internet,RoundTrip,8,15,9,S,LTNPRG,United Kingdom,0,0,1,12.81,1
1,Mobile,RoundTrip,69,5,4,S,LHRBOM,United Kingdom,0,0,1,8.48,1
3,Internet,RoundTrip,175,4,19,S,CDGSYD,UAE,1,1,1,12.18,0
3,Internet,OneWay,6,5,16,W,LHRBOM,USA,1,0,1,8.1,0
4,Internet,RoundTrip,317,2,6,T,CDGSYD,India,0,1,0,10.31,0
2,Internet,RoundTrip,175,10,18,W,JFKDXB,United Kingdom,0,0,1,14.76,1
1,Internet,RoundTrip,269,1,16,T,AUHBOM,UAE,0,1,1,3.24,0
1,Mobile,RoundTrip,318,8,6,S,LTNPRG,United Kingdom,0,0,0,5.76,0
1,Internet,OneWay,13,11,5,S,CDGSYD,United Kingdom,0,0,1,5.35,1
2,Mobile,RoundTrip,158,6,3,S,CDGSYD,France,1,1,1,13.63,0
4,Mobile,OneWay,246,6,7,M,LTNPRG,France,0,1,0,3.61,1
1,Internet,RoundTrip,363,13,6,S,JFKDXB,United Kingdom,0,1,1,12.91,1
1,Mobile,RoundTrip,298,12,7,S,AUHBOM,India,0,0,1,3.36,1
1,Mobile,RoundTrip,79,16,4,M,CDGSYD,France,1,0,1,14.77,1
2,Mobile,RoundTrip,99,18,3,M,CDGSYD,India,0,0,1,3.88,1
3,Internet,RoundTrip,291,5,16,T,AUHBOM,UAE,0,1,0,2.48,1
2,Internet,RoundTrip,238,6,8,T,LTNPRG,United Kingdom,0,1,0,13.9,1
2,Internet,OneWay,91,11,2,W,AUHBOM,United Kingdom,1,1,0,14.07,1
1,Internet,RoundTrip,180,4,16,F,CDGSYD,France,1,0,0,7.95,0
4,Internet,RoundTrip,339,15,5,F,JFKDXB,USA,1,0,1,10.04,1
1,Internet,RoundTrip,75,1,9,T,JFKDXB,France,1,1,0,4.52,1
1,Internet,RoundTrip,121,8,19,W,JFKDXB,France,1,0,0,14.43,0
3,Mobile,RoundTrip,329,20,6,T,CDGSYD,UAE,1,0,1,12.91,1
4,Internet,RoundTrip,245,15,4,M,JFKDXB,USA,1,0,0,13.53,0
2,Internet,RoundTrip,82,11,16,M,JFKDXB,United Kingdom,0,1,1,12.99,1
1,Internet,RoundTrip,105,1,1,S,LHRBOM,USA,0,0,1,9.2,1
3,Internet,RoundTrip,306,17,11,T,CDGSYD,USA,0,0,0,6.32,0
2,Internet,OneWay,103,9,18,S,LHRBOM,India,1,0,0,14.91,1
2,Internet,RoundTrip,256,18,10,T,LTNPRG,India,0,0,1,7.18,0
4,Internet,OneWay,181,16,3,T,LTNPRG,India,1,1,0,14.63,1
4,Internet,RoundTrip,81,20,18,S,AUHBOM,France,0,1,1,5.03,1
2,Internet,OneWay,135,3,16,T,LHRBOM,India,0,1,1,9.79,0
3,Internet,OneWay,259,18,8,T,LTNPRG,India,0,0,0,9.16,1
3,Internet,RoundTrip,292,15,3,T,JFKDXB,UAE,1,1,0,5.46,1
4,Internet,RoundTrip,10,6,12,T,LTNPRG,France,0,1,0,5.38,0
4,Internet,RoundTrip,330,17,17,S,JFKDXB,United Kingdom,0,1,0,12.16,1
2,Internet,RoundTrip,87,12,0,S,LTNPRG,USA,1,1,0,6.31,1
1,Internet,RoundTrip,237,14,11,W,AUHBOM,India,1,0,1,10.69,0
1,Mobile,RoundTrip,104,20,7,W,JFKDXB,UAE,0,0,0,8.85,1
1,Mobile,OneWay,98,12,8,T,LTNPRG,India,0,0,1,4.44,1
4,Mobile,RoundTrip,324,13,5,W,CDGSYD,USA,1,0,1,5.66,1
3,Internet,RoundTrip,256,18,14,T,AUHBOM,UAE,1,0,0,6.19,0
4,Internet,RoundTrip,334,16,20,M,LHRBOM,UAE,1,0,1,5.52,0
1,Internet,RoundTrip,8,13,2,T,LTNPRG,France,0,0,0,3.32,0
1,Mobile,RoundTrip,99,19,0,S,LHRBOM,India,1,1,1,2.11,1
1,Mobile,RoundTrip,18,19,9,S,CDGSYD,France,1,0,1,12.4,1
3,Mobile,RoundTrip,173,13,16,M,AUHBOM,UAE,0,0,0,5.44,1
1,Mobile,RoundTrip,169,2,1,S,LTNPRG,France,1,1,1,13.69,1
3,Internet,RoundTrip,358,14,17,M,LHRBOM,India,1,1,1,2.35,0
4,Mobile,RoundTrip,85,7,16,T,LTNPRG,UAE,0,0,1,12.19,0
1,Mobile,OneWay,243,12,7,M,LHRBOM,USA,0,0,0,5.89,1
3,Internet,RoundTrip,362,8,7,T,LTNPRG,France,1,0,0,10.72,1
3,Mobile,RoundTrip,26,7,5,T,LHRBOM,UAE,1,0,0,11.02,0
4,Internet,RoundTrip,163,20,16,S,LHRBOM,France,1,0,0,4.83,1
1,Mobile,RoundTrip,143,5,3,T,AUHBOM,UAE,0,0,0,4.62,1
1,Mobile,RoundTrip,10,4,7,T,LTNPRG,France,1,0,1,13.06,0
1,Internet,OneWay,154,13,6,M,JFKDXB,India,1,1,1,4.95,1
3,Internet,RoundTrip,93,13,8,T,LHRBOM,India,1,0,0,3.57,0
4,Internet,RoundTrip,112,20,21,W,LTNPRG,UAE,0,0,0,10.96,0
1,Mobile,OneWay,78,2,0,T,LTNPRG,United Kingdom,1,0,0,4.82,1
2,Mobile,OneWay,190,19,0,T,LHRBOM,United Kingdom,1,1,0,11.41,1
3,Internet,RoundTrip,146,17,9,T,JFKDXB,United Kingdom,0,0,1,7.97,1
4,Mobile,OneWay,268,5,10,M,CDGSYD,USA,1,1,0,6.7,0
4,Internet,RoundTrip,129,17,22,T,LTNPRG,USA,0,1,1,2.79,1
3,Internet,OneWay,252,17,6,M,LTNPRG,India,1,1,0,5.83,0
4,Internet,RoundTrip,192,3,12,S,JFKDXB,France,0,0,0,5.4,0
4,Internet,OneWay,128,1,16,W,AUHBOM,France,0,0,0,11.7,0
4,Internet,RoundTrip,300,14,16,F,LHRBOM,India,0,0,0,8.5,0
2,Internet,RoundTrip,269,12,7,F,JFKDXB,USA,1,1,0,13.86,0
2,Internet,RoundTrip,192,18,19,M,LHRBOM,United Kingdom,0,1,0,3.07,1
2,Internet,OneWay,195,19,7,F,CDGSYD,India,1,0,1,8.64,0
4,Mobile,RoundTrip,279,3,9,F,LHRBOM,India,0,0,0,5.12,1
2,Internet,OneWay,281,20,1,M,LTNPRG,UAE,0,0,0,8.02,0
4,Mobile,RoundTrip,260,18,22,F,JFKDXB,UAE,0,0,0,4.58,0
3,Internet,RoundTrip,42,13,20,M,AUHBOM,United Kingdom,0,1,1,6.0,1
1,Internet,RoundTrip,84,8,5,T,CDGSYD,India,1,0,1,10.88,0
2,Internet,RoundTrip,148,13,11,T,JFKDXB,India,1,1,1,12.67,1
1,Internet,RoundTrip,210,12,19,W,AUHBOM,United Kingdom,1,1,0,9.22,0
3,Internet,OneWay,144,8,1,S,LTNPRG,India,1,0,1,6.14,0
2,Internet,RoundTrip,302,2,15,S,LTNPRG,UAE,0,0,1,6.74,1
2,Internet,RoundTrip,129,15,17,S,LTNPRG,India,0,1,1,8.7,1
1,Internet,RoundTrip,199,7,14,S,LTNPRG,France,1,0,1,9.17,0
1,Internet,OneWay,255,5,17,T,JFKDXB,India,0,1,1,12.64,0
4,Internet,RoundTrip,138,8,5,S,LTNPRG,USA,1,1,0,14.43,0
4,Mobile,OneWay,203,1,10,S,JFKDXB,UAE,0,0,0,4.6,1
2,Internet,RoundTrip,265,8,14,T,LTNPRG,France,1,1,0,14.02,0
4,Mobile,RoundTrip,141,17,22,M,LTNPRG,India,1,0,1,9.53,1
3,Mobile,RoundTrip,354,15,1,W,LHRBOM,UAE,0,0,0,6.63,0
2,Mobile,RoundTrip,196,2,5,F,LHRBOM,United Kingdom,1,1,0,4.45,1
2,Mobile,OneWay,287,7,7,M,CDGSYD,France,0,0,1,10.52,1
3,Internet,OneWay,257,14,19,F,LHRBOM,India,0,1,0,10.82,0
4,Internet,RoundTrip,297,19,17,W,AUHBOM,United Kingdom,1,1,1,13.69,1
2,Internet,OneWay,246,9,19,T,LHRBOM,India,1,0,0,6.25,1
2,Mobile,RoundTrip,197,20,14,W,JFKDXB,UAE,1,0,1,8.99,0
4,Internet,RoundTrip,277,1,11,S,LTNPRG,USA,0,0,1,10.32,0
3,Internet,RoundTrip,170,19,9,W,LHRBOM,United Kingdom,0,0,1,12.12,1
2,Mobile,RoundTrip,310,4,12,T,JFKDXB,USA,0,1,0,13.09,1
2,Internet,RoundTrip,183,15,2,F,LHRBOM,United Kingdom,1,1,0,11.57,1
3,Internet,RoundTrip,270,3,2,S,AUHBOM,USA,0,0,0,5.89,1
1,Mobile,RoundTrip,76,20,1,T,LTNPRG,UAE,1,0,0,8.54,1
1,Internet,RoundTrip,66,5,3,M,JFKDXB,France,1,1,0,8.9,0
3,Internet,RoundTrip,206,8,7,T,LTNPRG,India,0,1,0,14.73,1
1,Mobile,RoundTrip,309,13,9,M,CDGSYD,United Kingdom,0,0,0,8.98,0
3,Internet,RoundTrip,268,2,22,F,LHRBOM,France,1,0,0,2.53,0
4,Internet,RoundTrip,121,12,21,W,LTNPRG,France,1,0,1,11.75,1
1,Internet,RoundTrip,312,6,17,F,CDGSYD,UAE,0,1,1,7.12,0
2,Internet,RoundTrip,243,9,4,M,LTNPRG,UAE,1,0,1,8.72,0
4,Internet,RoundTrip,203,7,12,T,CDGSYD,United Kingdom,1,1,1,11.62,0
1,Mobile,RoundTrip,361,17,10,T,AUHBOM,USA,1,0,1,14.52,0
4,Mobile,OneWay,284,10,14,T,LHRBOM,India,0,0,0,12.46,1
1,Internet,OneWay,108,16,1,M,CDGSYD,United Kingdom,1,0,0,5.32,1
4,Internet,RoundTrip,24,1,1,T,LTNPRG,USA,0,0,1,4.82,1
2,Internet,OneWay,99,14,6,T,CDGSYD,UAE,1,0,1,14.71,1
1,Mobile,OneWay,65,8,1,M,LTNPRG,UAE,0,1,1,4.77,0
3,Internet,RoundTrip,67,12,8,S,LHRBOM,France,0,1,0,3.79,0
1,Internet,RoundTrip,191,17,8,S,LHRBOM,USA,0,1,0,13.63,0
2,Internet,RoundTrip,359,14,22,T,CDGSYD,United Kingdom,0,0,0,7.79,1
3,Mobile,OneWay,237,8,15,T,CDGSYD,India,0,0,0,2.63,1
3,Internet,RoundTrip,156,5,4,W,AUHBOM,India,1,1,0,9.71,0
2,Mobile,RoundTrip,91,18,13,T,CDGSYD,United Kingdom,1,0,1,6.8,1
4,Internet,OneWay,286,6,2,M,LTNPRG,United Kingdom,0,1,0,7.69,1
2,Mobile,OneWay,200,1,22,T,CDGSYD,France,1,1,1,9.79,1
2,Internet,RoundTrip,18,6,1,T,LTNPRG,United Kingdom,0,0,1,14.89,0
2,Internet,OneWay,170,1,5,M,AUHBOM,India,1,0,0,3.43,1
4,Mobile,RoundTrip,66,15,12,W,AUHBOM,France,0,1,1,5.08,0
3,Mobile,OneWay,182,18,15,T,JFKDXB,UAE,1,1,1,12.87,0
1,Internet,OneWay,23,9,11,T,LTNPRG,USA,1,0,0,3.77,1
4,Internet,RoundTrip,78,13,21,F,AUHBOM,India,1,1,1,14.66,1
2,Internet,OneWay,297,20,4,T,JFKDXB,USA,0,0,1,6.27,0
2,Internet,RoundTrip,62,19,22,S,AUHBOM,UAE,1,1,0,10.19,0
1,Internet,OneWay,39,1,5,T,LTNPRG,UAE,0,0,1,4.55,1
4,Mobile,OneWay,81,2,16,M,JFKDXB,India,0,1,0,6.11,1
1,Internet,OneWay,337,8,7,W,LHRBOM,United Kingdom,0,1,0,9.21,0
4,Mobile,OneWay,346,6,15,S,LTNPRG,India,1,0,1,14.54,0
1,Internet,OneWay,242,4,0,S,LHRBOM,USA,0,0,0,6.93,1
3,Internet,RoundTrip,285,4,16,F,AUHBOM,France,1,1,1,13.74,0
1,Internet,RoundTrip,332,17,18,F,LTNPRG,UAE,1,0,0,4.71,1
2,Internet,RoundTrip,108,4,7,S,LHRBOM,United Kingdom,0,0,1,2.46,0
4,Internet,OneWay,149,10,17,S,LTNPRG,UAE,0,1,1,12.92,0
3,Internet,RoundTrip,11,1,12,S,CDGSYD,France,0,1,0,11.15,0
3,Mobile,RoundTrip,192,13,7,F,LHRBOM,India,1,1,1,3.5,1
1,Mobile,RoundTrip,338,15,13,W,LHRBOM,United Kingdom,0,1,0,2.27,0
4,Mobile,RoundTrip,11,12,13,M,LHRBOM,UAE,1,0,1,12.67,1
2,Internet,RoundTrip,259,6,7,T,CDGSYD,France,0,1,0,4.22,0
3,Internet,OneWay,170,2,7,F,CDGSYD,France,0,1,1,8.22,0
4,Internet,OneWay,352,9,10,M,AUHBOM,United Kingdom,1,0,1,13.09,1
3,Internet,RoundTrip,216,16,0,S,CDGSYD,India,0,1,0,9.4,0
3,Internet,OneWay,148,3,13,T,AUHBOM,France,1,1,1,13.7,0
1,Internet,RoundTrip,37,17,13,S,LTNPRG,United Kingdom,0,0,1,2.48,1
2,Internet,RoundTrip,205,19,12,S,LTNPRG,United Kingdom,1,1,0,7.51,0
3,Internet,RoundTrip,358,13,16,T,LHRBOM,India,0,0,1,4.56,0
1,Internet,RoundTrip,5,17,11,W,LTNPRG,United Kingdom,0,0,0,7.22,0
2,Internet,RoundTrip,2,6,7,M,AUHBOM,India,1,1,1,11.9,1
4,Internet,RoundTrip,325,13,18,S,AUHBOM,USA,0,1,0,13.61,1
4,Internet,RoundTrip,98,15,5,F,LHRBOM,UAE,1,1,1,3.93,1
4,Internet,RoundTrip,222,15,0,W,LHRBOM,France,0,1,0,6.5,0
4,Internet,RoundTrip,225,15,6,T,AUHBOM,France,1,0,0,7.77,1
4,Internet,RoundTrip,175,4,16,S,LHRBOM,USA,0,0,0,5.22,1
1,Mobile,OneWay,182,19,8,M,AUHBOM,India,1,0,1,4.58,0
4,Internet,RoundTrip,251,14,3,F,AUHBOM,United Kingdom,1,1,1,12.68,0
3,Internet,RoundTrip,88,3,10,T,JFKDXB,UAE,0,0,1,13.28,0
4,Mobile,RoundTrip,66,13,4,F,CDGSYD,France,1,0,1,2.4,0
3,Internet,RoundTrip,360,19,17,M,LTNPRG,India,1,1,1,13.98,0
1,Mobile,OneWay,4,1,2,S,LTNPRG,India,1,0,0,12.27,1
3,Mobile,RoundTrip,69,18,4,T,LTNPRG,USA,0,0,0,5.75,1
4,Internet,RoundTrip,266,7,17,T,AUHBOM,UAE,0,1,1,10.3,1
1,Internet,OneWay,207,6,16,S,LTNPRG,UAE,0,1,0,8.02,1
3,Internet,OneWay,118,10,5,T,JFKDXB,UAE,0,0,0,4.69,1
3,Mobile,RoundTrip,43,15,22,F,CDGSYD,France,1,0,0,3.43,0
2,Internet,RoundTrip,134,3,1,T,LTNPRG,India,1,0,1,9.68,1
4,Internet,OneWay,21,6,4,F,LTNPRG,United Kingdom,1,0,1,2.44,1
1,Internet,RoundTrip,202,17,5,F,CDGSYD,India,1,1,1,12.43,1
2,Internet,OneWay,178,5,11,S,AUHBOM,UAE,1,1,1,10.58,1
4,Mobile,RoundTrip,335,7,11,W,LTNPRG,India,1,0,0,10.45,0
3,Internet,OneWay,293,13,8,T,CDGSYD,France,1,1,1,9.06,0
1,Mobile,RoundTrip,172,6,5,F,LHRBOM,UAE,0,0,0,10.02,0
1,Mobile,RoundTrip,194,2,13,F,AUHBOM,UAE,0,0,0,13.93,0
3,Internet,OneWay,251,11,9,S,AUHBOM,India,0,0,0,9.25,1
4,Internet,RoundTrip,107,2,20,F,LHRBOM,United Kingdom,1,1,0,5.6,1
1,Mobile,RoundTrip,219,8,1,T,AUHBOM,UAE,1,1,0,11.39,0
1,Mobile,RoundTrip,7,14,20,W,JFKDXB,United Kingdom,1,0,1,6.36,1
2,Mobile,OneWay,342,15,18,F,LHRBOM,France,1,1,1,13.25,0
1,Internet,RoundTrip,343,20,10,W,LTNPRG,USA,1,1,0,7.73,0
1,Internet,RoundTrip,324,18,16,S,LTNPRG,United Kingdom,1,0,1,5.47,1
2,Internet,RoundTrip,78,1,17,F,CDGSYD,UAE,1,0,1,3.01,0
3,Mobile,RoundTrip,287,10,20,W,LHRBOM,United Kingdom,0,0,1,6.34,0
4,Internet,OneWay,210,1,11,S,LTNPRG,USA,1,1,0,8.73,0
2,Internet,RoundTrip,358,17,1,F,AUHBOM,United Kingdom,1,0,0,3.04,0
3,Internet,RoundTrip,6,2,17,W,AUHBOM,USA,1,1,0,14.69,0
4,Internet,RoundTrip,145,16,3,W,JFKDXB,India,0,0,0,9.87,0
1,Mobile,RoundTrip,36,1,20,F,LTNPRG,USA,0,0,0,11.96,0
4,Internet,RoundTrip,345,3,18,T,JFKDXB,France,0,1,0,3.03,1
1,Internet,RoundTrip,62,19,16,F,CDGSYD,France,0,1,1,7.28,1
3,Mobile,OneWay,15,4,8,W,LTNPRG,UAE,1,0,1,7.04,0
4,Mobile,OneWay,41,10,1,S,JFKDXB,France,0,0,1,10.72,0
4,Internet,OneWay,352,11,9,F,JFKDXB,United Kingdom,1,1,1,8.14,1
2,Internet,RoundTrip,194,14,5,S,CDGSYD,United Kingdom,1,1,1,5.26,1
3,Mobile,OneWay,40,19,22,T,JFKDXB,France,1,0,0,11.73,1
1,Mobile,RoundTrip,145,9,18,T,CDGSYD,France,0,1,1,11.02,0
2,Internet,RoundTrip,155,13,4,F,JFKDXB,USA,0,1,1,7.32,1
4,Internet,RoundTrip,292,20,0,F,LTNPRG,UAE,0,0,1,13.39,1
1,Internet,RoundTrip,80,3,21,T,JFKDXB,India,0,1,1,3.83,1
1,Internet,RoundTrip,43,10,11,S,AUHBOM,France,0,1,1,8.68,0
3,Mobile,RoundTrip,273,7,16,M,CDGSYD,UAE,0,1,0,13.05,1
3,Internet,OneWay,157,19,14,W,LHRBOM,India,0,1,0,11.18,0
2,Internet,OneWay,46,13,7,M,JFKDXB,UAE,1,1,0,8.84,1
1,Mobile,RoundTrip,156,13,18,S,JFKDXB,United Kingdom,1,1,0,3.23,0
1,Mobile,OneWay,156,4,5,T,LHRBOM,India,0,1,1,2.45,0
3,Mobile,RoundTrip,85,19,18,T,AUHBOM,USA,0,0,1,10.7,1
2,Internet,RoundTrip,74,2,22,S,JFKDXB,UAE,0,0,0,7.69,0
4,Internet,OneWay,35,10,1,T,AUHBOM,USA,1,0,0,7.43,1
2,Internet,RoundTrip,306,14,18,T,JFKDXB,France,0,1,1,7.08,0
2,Internet,RoundTrip,4,18,15,T,LTNPRG,France,1,0,0,4.26,0
1,Internet,RoundTrip,185,6,17,S,CDGSYD,France,1,1,1,9.28,0
3,Internet,RoundTrip,7,7,18,W,LTNPRG,India,1,1,1,6.94,0
2,Internet,OneWay,293,1,21,T,CDGSYD,USA,1,0,1,2.95,1
4,Mobile,RoundTrip,146,14,2,W,AUHBOM,USA,1,0,1,14.07,1
2,Mobile,RoundTrip,358,4,6,T,LTNPRG,France,0,1,1,8.5,1
4,Internet,RoundTrip,20,13,11,S,LHRBOM,India,1,0,1,5.25,1
2,Internet,RoundTrip,121,2,20,S,LTNPRG,France,0,0,1,11.15,0
2,Internet,RoundTrip,144,10,14,T,LHRBOM,India,0,0,1,13.05,1
2,Internet,OneWay,26,10,13,T,LHRBOM,France,0,1,0,5.9,1
2,Internet,RoundTrip,160,11,7,S,LTNPRG,UAE,1,1,0,14.07,0
2,Internet,OneWay,168,7,2,F,LTNPRG,United Kingdom,1,0,1,9.69,1
4,Mobile,RoundTrip,163,4,8,M,LHRBOM,UAE,1,1,1,5.38,1
3,Internet,RoundTrip,195,16,10,F,AUHBOM,UAE,0,1,0,11.14,0
1,Mobile,RoundTrip,70,19,2,S,JFKDXB,France,0,0,0,10.06,0
1,Internet,RoundTrip,87,6,3,S,AUHBOM,USA,1,1,0,14.0,0
1,Internet,OneWay,182,10,17,T,LTNPRG,USA,1,1,1,13.51,0
3,Internet,OneWay,235,3,5,T,LTNPRG,United Kingdom,0,0,0,9.85,0
1,Internet,RoundTrip,143,4,5,S,JFKDXB,USA,1,0,0,10.23,1
2,Internet,OneWay,167,8,2,S,LTNPRG,USA,0,0,0,4.78,0
4,Mobile,OneWay,361,15,10,S,LTNPRG,France,0,1,1,11.71,0
1,Internet,RoundTrip,236,14,1,S,JFKDXB,UAE,0,1,0,12.66,0
1,Internet,RoundTrip,17,15,11,S,LHRBOM,USA,1,1,0,14.9,1
1,Internet,OneWay,132,2,1,W,AUHBOM,United Kingdom,0,0,0,4.87,0
2,Internet,OneWay,20,1,2,F,CDGSYD,USA,1,0,0,9.22,0
1,Internet,RoundTrip,319,6,22,M,CDGSYD,France,1,0,1,14.63,0
3,Internet,RoundTrip,301,7,9,M,CDGSYD,USA,0,0,1,11.36,1
3,Mobile,RoundTrip,170,11,6,T,LHRBOM,India,1,0,0,6.31,1
1,Internet,RoundTrip,97,12,3,S,LTNPRG,India,0,1,0,2.58,0
3,Internet,RoundTrip,262,4,10,T,JFKDXB,United Kingdom,0,1,1,14.72,1
2,Internet,RoundTrip,67,17,5,W,LTNPRG,India,0,1,1,10.33,0
1,Mobile,RoundTrip,281,15,5,S,LHRBOM,USA,0,0,1,12.67,1
2,Internet,RoundTrip,319,7,8,M,CDGSYD,France,0,0,0,3.03,1
3,Internet,RoundTrip,66,13,3,T,LHRBOM,United Kingdom,0,0,0,9.51,1
1,Internet,RoundTrip,194,6,11,M,LHRBOM,India,0,1,0,13.97,1
4,Internet,RoundTrip,57,2,9,F,CDGSYD,UAE,0,0,0,10.2,0
4,Internet,OneWay,225,15,9,S,LTNPRG,UAE,0,1,0,6.95,1
1,Mobile,OneWay,246,2,17,S,CDGSYD,USA,0,1,1,5.89,1
1,Internet,RoundTrip,3,5,1,S,CDGSYD,United Kingdom,0,1,0,3.3,0
2,Mobile,OneWay,344,7,6,S,AUHBOM,United Kingdom,1,0,1,2.04,1
4,Internet,OneWay,95,18,8,S,LHRBOM,UAE,0,0,1,6.46,0
1,Mobile,RoundTrip,169,12,8,S,AUHBOM,UAE,1,1,1,9.39,0
2,Mobile,OneWay,95,16,0,T,JFKDXB,USA,0,1,1,13.7,0
3,Internet,RoundTrip,330,19,5,M,LHRBOM,UAE,0,0,0,14.81,0
1,Internet,RoundTrip,277,18,5,F,CDGSYD,France,1,1,0,3.28,0
1,Internet,OneWay,361,13,21,W,LHRBOM,France,1,1,1,5.72,1
1,Mobile,RoundTrip,141,8,1,S,JFKDXB,USA,1,0,1,2.41,0
1,Internet,RoundTrip,205,9,11,T,LHRBOM,India,0,0,0,6.49,0
3,Internet,RoundTrip,211,4,3,F,LHRBOM,USA,1,1,1,10.49,1
4,Internet,RoundTrip,84,12,22,T,LTNPRG,United Kingdom,1,1,0,7.4,1
2,Mobile,RoundTrip,340,12,11,W,AUHBOM,France,1,1,0,12.56,1
2,Internet,RoundTrip,315,20,7,S,CDGSYD,UAE,0,1,0,2.87,0
1,Internet,OneWay,359,4,21,S,LTNPRG,India,0,0,1,10.31,1
4,Mobile,RoundTrip,167,16,14,S,JFKDXB,France,0,1,0,14.98,0
4,Internet,OneWay,47,6,4,S,LHRBOM,United Kingdom,1,1,0,4.43,1
3,Mobile,RoundTrip,58,2,16,M,LHRBOM,United Kingdom,1,0,1,14.54,1
2,Internet,RoundTrip,203,9,16,F,LTNPRG,USA,1,0,0,11.99,0
1,Internet,OneWay,298,20,11,W,JFKDXB,France,1,1,0,6.2,1
4,Mobile,RoundTrip,255,10,1,T,AUHBOM,France,1,0,1,7.51,1
1,Internet,RoundTrip,267,4,17,T,JFKDXB,France,0,0,1,3.39,0
1,Internet,OneWay,285,7,7,S,JFKDXB,India,0,1,0,10.88,0
3,Internet,RoundTrip,307,14,2,S,AUHBOM,USA,0,0,0,9.3,0
1,Internet,RoundTrip,335,6,9,S,AUHBOM,France,0,0,0,4.35,1
1,Internet,OneWay,133,5,11,F,LTNPRG,United Kingdom,1,0,0,8.84,1
3,Internet,RoundTrip,266,5,2,M,JFKDXB,France,0,1,0,14.44,0
1,Internet,RoundTrip,102,2,5,T,AUHBOM,France,1,0,1,14.58,1
2,Internet,RoundTrip,252,14,14,S,AUHBOM,United Kingdom,0,0,0,12.33,0
3,Internet,RoundTrip,21,7,15,M,LHRBOM,India,1,1,0,3.85,0
1,Internet,RoundTrip,20,7,3,S,CDGSYD,India,1,1,1,6.72,1
4,Internet,RoundTrip,73,7,5,F,JFKDXB,USA,0,0,0,9.92,0
1,Internet,RoundTrip,199,14,18,S,JFKDXB,India,1,1,1,4.28,1
3,Mobile,OneWay,332,18,2,S,AUHBOM,France,0,1,0,13.36,1
1,Internet,OneWay,218,15,13,W,CDGSYD,India,0,1,0,10.97,0
3,Internet,RoundTrip,205,12,9,F,CDGSYD,India,1,1,0,5.56,0
4,Internet,RoundTrip,254,15,17,M,JFKDXB,UAE,0,1,1,13.39,1
4,Mobile,RoundTrip,323,5,0,W,LTNPRG,France,1,0,1,10.97,0
2,Internet,RoundTrip,213,19,3,T,LTNPRG,India,0,1,1,12.67,0
1,Internet,RoundTrip,269,13,18,S,CDGSYD,India,0,0,0,10.34,0
4,Internet,OneWay,150,20,7,W,JFKDXB,USA,0,1,1,14.48,1
3,Internet,RoundTrip,363,6,8,W,LHRBOM,USA,1,1,0,13.17,1
1,Mobile,OneWay,178,3,16,T,CDGSYD,USA,1,1,1,14.3,1
1,Mobile,OneWay,326,15,10,F,CDGSYD,United Kingdom,1,0,0,14.05,1
2,Internet,RoundTrip,353,7,10,F,LTNPRG,France,0,1,1,10.05,1
3,Mobile,RoundTrip,322,5,1,S,LHRBOM,France,0,1,0,13.07,1
2,Internet,RoundTrip,120,16,14,T,CDGSYD,USA,0,0,1,6.79,0
4,Internet,RoundTrip,136,11,3,F,LHRBOM,India,0,1,1,3.29,1
3,Mobile,OneWay,286,16,9,W,CDGSYD,USA,1,0,0,8.33,0
4,Internet,RoundTrip,339,5,8,F,JFKDXB,USA,0,1,0,3.66,1
4,Internet,RoundTrip,222,2,15,T,JFKDXB,UAE,0,1,1,4.68,0
2,Internet,OneWay,283,9,15,T,JFKDXB,India,1,0,1,9.63,0
4,Mobile,OneWay,162,20,14,S,LTNPRG,United Kingdom,1,0,1,5.32,0
2,Internet,RoundTrip,312,12,14,F,LTNPRG,United Kingdom,0,1,0,2.19,0
1,Internet,OneWay,151,18,6,S,LHRBOM,India,1,1,1,5.81,1
2,Internet,RoundTrip,227,17,7,S,AUHBOM,USA,0,0,1,9.26,0
2,Internet,RoundTrip,196,18,20,W,LTNPRG,USA,0,1,0,8.36,1
4,Internet,RoundTrip,305,10,16,S,JFKDXB,France,1,1,1,6.09,0
4,Mobile,RoundTrip,292,5,16,T,LTNPRG,UAE,1,1,0,11.32,0
1,Mobile,RoundTrip,306,18,20,M,JFKDXB,India,1,1,0,5.35,1
1,Mobile,RoundTrip,45,11,1,T,LTNPRG,France,1,1,1,11.33,1
3,Mobile,RoundTrip,90,7,0,F,AUHBOM,United Kingdom,0,0,0,4.65,1
3,Internet,OneWay,332,9,0,F,JFKDXB,USA,1,1,0,2.94,1
3,Internet,RoundTrip,48,16,11,S,AUHBOM,UAE,1,0,1,6.7,0
2,Internet,RoundTrip,282,8,16,S,CDGSYD,UAE,0,0,1,13.18,1
4,Internet,RoundTrip,231,17,21,T,JFKDXB,India,1,0,0,11.61,1
2,Mobile,RoundTrip,128,5,14,S,JFKDXB,UAE,1,1,1,11.15,0
2,Internet,RoundTrip,14,7,16,T,LTNPRG,India,1,1,1,3.0,1
2,Mobile,RoundTrip,4,3,21,S,AUHBOM,USA,1,1,0,4.32,0
4,Internet,RoundTrip,325,18,3,M,AUHBOM,India,0,0,1,10.54,0
2,Internet,OneWay,39,18,15,S,CDGSYD,India,0,0,1,10.88,0
3,Internet,RoundTrip,272,5,15,F,LTNPRG,UAE,1,0,1,7.34,0
4,Internet,RoundTrip,53,11,4,T,AUHBOM,United Kingdom,1,1,1,13.91,1
1,Internet,OneWay,145,16,10,S,JFKDXB,UAE,0,0,0,14.63,0
3,Internet,OneWay,38,13,0,T,CDGSYD,India,0,0,0,3.99,1
3,Internet,RoundTrip,232,13,11,W,LHRBOM,UAE,0,1,0,4.9,1
4,Mobile,OneWay,38,6,12,W,LTNPRG,United Kingdom,0,1,1,14.69,1
1,Internet,RoundTrip,228,1,8,T,JFKDXB,India,1,1,1,12.45,0
3,Internet,RoundTrip,350,19,11,T,LTNPRG,India,0,1,1,5.03,0
4,Mobile,OneWay,271,19,14,F,LTNPRG,France,0,1,1,13.69,1
2,Internet,RoundTrip,240,19,21,M,JFKDXB,France,0,0,0,10.3,1
3,Mobile,OneWay,330,1,9,M,LTNPRG,India,0,0,1,9.18,1
2,Mobile,RoundTrip,299,14,16,T,CDGSYD,United Kingdom,1,1,1,11.68,0
3,Internet,OneWay,267,6,10,T,CDGSYD,USA,0,0,0,4.9,0
2,Internet,OneWay,205,7,20,M,CDGSYD,India,1,1,0,7.31,1
1,Internet,RoundTrip,142,9,12,F,LHRBOM,India,1,0,0,7.53,1
4,Mobile,RoundTrip,226,5,17,T,JFKDXB,USA,0,1,1,7.17,1
1,Mobile,RoundTrip,39,12,6,S,CDGSYD,USA,1,0,0,3.22,0
1,Mobile,OneWay,321,12,15,S,CDGSYD,India,0,0,0,7.4,0
4,Internet,RoundTrip,323,19,5,S,JFKDXB,France,1,0,1,3.94,0
4,Internet,OneWay,96,17,12,T,JFKDXB,UAE,0,1,1,10.13,1
3,Internet,RoundTrip,276,15,4,T,AUHBOM,USA,0,1,0,13.77,0
3,Mobile,RoundTrip,253,20,13,W,CDGSYD,India,1,0,0,11.65,0
2,Internet,OneWay,311,9,4,M,LHRBOM,France,0,0,1,7.75,1
3,Internet,OneWay,328,2,11,T,JFKDXB,France,1,0,1,8.15,1
3,Internet,RoundTrip,271,18,11,T,JFKDXB,UAE,1,0,0,9.91,1
3,Mobile,RoundTrip,341,7,19,F,JFKDXB,France,1,1,1,14.32,1
3,Mobile,OneWay,119,9,2,M,AUHBOM,India,0,0,0,14.4,0
3,Internet,OneWay,162,8,5,S,LHRBOM,UAE,1,0,1,11.2,0
4,Internet,RoundTrip,55,19,16,M,LHRBOM,USA,1,0,1,7.71,1
3,Internet,RoundTrip,312,8,21,W,AUHBOM,France,1,1,1,4.87,1
2,Internet,RoundTrip,101,14,18,W,CDGSYD,USA,0,1,1,4.21,0
3,Internet,RoundTrip,184,14,12,S,CDGSYD,United Kingdom,1,1,1,2.1,1
1,Internet,RoundTrip,60,12,6,F,JFKDXB,India,1,1,0,6.75,0
1,Internet,RoundTrip,94,11,10,S,JFKDXB,UAE,0,0,0,2.79,1
4,Internet,OneWay,246,2,19,S,LTNPRG,UAE,0,1,1,11.02,0
3,Internet,RoundTrip,92,18,4,S,LHRBOM,USA,1,1,1,3.92,1
1,Internet,OneWay,188,7,22,T,JFKDXB,United Kingdom,1,0,1,12.54,0
2,Mobile,RoundTrip,165,5,6,F,LHRBOM,France,0,0,0,5.93,1
4,Internet,RoundTrip,224,5,11,F,LHRBOM,France,0,1,0,13.17,1
3,Mobile,RoundTrip,94,8,13,W,LTNPRG,United Kingdom,1,1,1,2.21,1
4,Internet,RoundTrip,177,13,6,M,LHRBOM,UAE,0,1,1,3.35,0
3,Internet,RoundTrip,11,11,3,M,CDGSYD,UAE,0,1,1,12.21,0
1,Internet,OneWay,189,17,7,W,AUHBOM,United Kingdom,1,0,1,10.28,1
1,Internet,OneWay,39,17,0,S,JFKDXB,United Kingdom,0,1,1,3.83,0
1,Internet,OneWay,266,7,14,T,JFKDXB,USA,0,0,1,13.7,1
3,Internet,OneWay,310,17,5,S,LHRBOM,India,0,0,1,10.75,0
4,Mobile,OneWay,147,14,10,W,AUHBOM,UAE,1,1,1,8.52,0
2,Internet,RoundTrip,322,18,6,F,LTNPRG,India,0,1,0,11.44,0
3,Internet,RoundTrip,143,1,4,M,LHRBOM,UAE,1,1,0,10.19,1
3,Internet,RoundTrip,318,11,21,M,CDGSYD,India,0,1,1,2.02,0
3,Internet,RoundTrip,190,13,7,T,LTNPRG,United Kingdom,1,0,1,13.65,0
3,Mobile,RoundTrip,202,5,13,M,LTNPRG,United Kingdom,0,1,0,12.85,1
2,Mobile,RoundTrip,149,14,7,F,LTNPRG,France,0,0,0,9.51,0
3,Internet,RoundTrip,341,15,9,W,JFKDXB,UAE,0,1,1,8.84,0
2,Internet,OneWay,258,3,5,T,LTNPRG,UAE,0,0,1,12.46,1
3,Internet,RoundTrip,182,20,22,S,JFKDXB,USA,0,1,0,3.86,0
4,Internet,RoundTrip,290,19,13,W,JFKDXB,India,0,0,0,14.27,0
1,Mobile,OneWay,169,6,8,M,CDGSYD,United Kingdom,0,1,1,14.16,1
3,Mobile,RoundTrip,319,4,12,M,JFKDXB,USA,0,1,1,7.61,0
1,Internet,OneWay,173,4,22,W,AUHBOM,United Kingdom,1,1,1,9.76,1
2,Internet,OneWay,295,1,14,T,LTNPRG,India,1,1,0,10.6,0
3,Internet,RoundTrip,93,1,21,T,LTNPRG,UAE,0,0,1,12.25,0
2,Internet,OneWay,207,7,15,T,AUHBOM,USA,0,1,0,12.76,1
1,Internet,RoundTrip,224,14,15,M,LTNPRG,India,1,0,1,11.19,0
2,Internet,RoundTrip,192,14,8,T,JFKDXB,India,0,1,1,12.63,0
1,Mobile,RoundTrip,164,11,12,M,CDGSYD,France,1,1,0,5.61,0
3,Internet,RoundTrip,1,14,13,T,AUHBOM,India,0,0,1,8.39,0
1,Internet,RoundTrip,355,3,18,M,JFKDXB,United Kingdom,0,0,1,13.53,0
2,Internet,RoundTrip,79,20,17,S,JFKDXB,United Kingdom,1,0,0,10.98,0
2,Internet,RoundTrip,63,4,7,T,LTNPRG,UAE,0,1,0,11.92,1
4,Mobile,OneWay,296,8,9,T,LHRBOM,United Kingdom,0,0,1,7.89,0
4,Internet,OneWay,28,14,8,W,JFKDXB,France,1,1,1,8.81,0
1,Mobile,OneWay,278,3,22,M,JFKDXB,USA,1,0,1,3.82,0
1,Mobile,RoundTrip,128,9,4,M,JFKDXB,USA,1,0,0,10.52,1
3,Internet,RoundTrip,263,19,13,F,AUHBOM,USA,1,0,0,9.76,1
2,Internet,RoundTrip,79,5,5,T,LHRBOM,USA,0,1,1,14.72,1
3,Mobile,RoundTrip,256,13,3,M,LHRBOM,UAE,0,0,1,8.51,1
4,Internet,RoundTrip,362,13,3,S,LHRBOM,United Kingdom,1,1,1,8.2,0
1,Internet,RoundTrip,184,2,0,S,LHRBOM,United Kingdom,0,1,1,8.79,1
4,Mobile,OneWay,204,2,19,F,JFKDXB,India,0,1,1,13.32,0
1,Mobile,RoundTrip,224,3,19,S,LTNPRG,UAE,1,0,0,9.35,0
1,Internet,OneWay,131,1,0,F,JFKDXB,France,1,1,0,8.1,1
3,Internet,OneWay,201,11,6,S,JFKDXB,France,1,1,0,5.71,1
4,Internet,RoundTrip,234,6,9,T,JFKDXB,USA,1,1,1,14.99,1
3,Mobile,RoundTrip,9,12,3,S,LTNPRG,India,1,1,1,10.99,1
1,Internet,RoundTrip,165,6,8,S,AUHBOM,France,0,1,1,3.48,0
1,Internet,OneWay,192,8,21,W,LHRBOM,India,0,0,0,3.67,1
4,Internet,RoundTrip,77,3,8,M,LHRBOM,India,1,1,0,9.26,1
3,Mobile,RoundTrip,172,16,11,W,AUHBOM,USA,0,0,0,10.54,1
1,Mobile,OneWay,144,3,19,T,AUHBOM,UAE,1,1,0,6.24,0
3,Internet,OneWay,202,19,0,S,JFKDXB,India,1,0,0,2.18,1
2,Internet,RoundTrip,105,4,18,F,AUHBOM,UAE,1,0,0,10.17,1
1,Mobile,RoundTrip,327,20,10,S,LHRBOM,United Kingdom,1,0,1,3.79,1
1,Mobile,RoundTrip,233,15,15,W,LHRBOM,USA,0,0,0,8.98,0
4,Internet,OneWay,229,17,22,T,AUHBOM,France,1,1,0,13.82,0
3,Internet,RoundTrip,298,17,15,T,AUHBOM,India,0,1,0,8.36,1
1,Internet,RoundTrip,8,9,6,T,AUHBOM,United Kingdom,0,1,0,4.08,1
1,Internet,RoundTrip,96,4,18,M,LTNPRG,UAE,0,1,1,8.91,1
2,Internet,RoundTrip,66,14,5,W,LTNPRG,France,0,1,1,3.3,0
2,Internet,RoundTrip,227,14,8,S,JFKDXB,USA,1,0,1,12.41,0
2,Internet,OneWay,125,17,14,F,JFKDXB,UAE,0,0,0,8.85,0
3,Mobile,RoundTrip,258,5,10,S,CDGSYD,France,1,0,0,7.0,0
1,Internet,RoundTrip,343,17,19,S,LTNPRG,United Kingdom,0,1,0,9.12,0
1,Internet,OneWay,135,18,5,M,JFKDXB,India,0,0,1,4.55,0
3,Internet,OneWay,121,15,14,T,CDGSYD,India,0,1,0,5.93,0
4,Internet,RoundTrip,178,6,5,W,LHRBOM,United Kingdom,1,1,0,6.47,1
1,Internet,OneWay,179,5,13,M,CDGSYD,United Kingdom,1,1,1,10.18,0
2,Internet,RoundTrip,131,3,21,T,AUHBOM,USA,1,0,1,9.72,0
3,Internet,RoundTrip,126,17,22,M,AUHBOM,United Kingdom,0,0,0,3.57,1
1,Internet,RoundTrip,136,9,17,T,AUHBOM,India,0,0,1,13.52,1
4,Mobile,RoundTrip,178,7,14,F,CDGSYD,USA,1,0,0,5.26,0
1,Internet,OneWay,163,4,10,T,LHRBOM,India,1,0,1,13.28,0
3,Mobile,OneWay,167,10,7,S,CDGSYD,UAE,0,0,0,6.47,0
2,Mobile,RoundTrip,108,4,0,W,CDGSYD,France,1,0,0,8.69,0
3,Mobile,RoundTrip,231,17,11,M,AUHBOM,India,1,1,1,8.15,1
1,Internet,OneWay,178,7,17,F,CDGSYD,India,1,1,1,10.64,0
1,Internet,RoundTrip,84,9,19,T,LHRBOM,USA,0,0,1,5.4,0
3,Internet,RoundTrip,274,14,21,S,LHRBOM,UAE,0,0,1,10.52,0
4,Internet,RoundTrip,321,14,4,T,AUHBOM,UAE,0,0,0,7.62,1
3,Internet,RoundTrip,144,3,21,M,JFKDXB,France,1,0,0,11.57,0
4,Mobile,RoundTrip,191,2,6,T,JFKDXB,UAE,1,1,1,9.23,1
2,Internet,RoundTrip,345,6,16,W,CDGSYD,USA,0,0,1,12.2,0
1,Mobile,RoundTrip,115,15,17,T,CDGSYD,USA,1,1,1,13.5,0
2,Internet,RoundTrip,80,18,14,F,JFKDXB,UAE,0,1,0,7.44,1
4,Internet,RoundTrip,127,20,9,W,LTNPRG,UAE,0,0,0,4.54,1
4,Internet,RoundTrip,164,6,2,W,CDGSYD,UAE,1,1,0,2.94,1
3,Internet,RoundTrip,162,16,11,S,LTNPRG,India,1,1,0,6.52,0
2,Internet,RoundTrip,220,4,1,T,LTNPRG,USA,0,1,0,9.49,0
3,Internet,OneWay,101,4,14,S,LTNPRG,USA,0,0,1,11.14,1
3,Internet,OneWay,198,11,6,T,CDGSYD,UAE,0,0,0,10.36,0
3,Internet,RoundTrip,40,2,4,T,CDGSYD,India,1,0,0,4.36,0
4,Internet,RoundTrip,345,1,12,F,LHRBOM,USA,1,1,0,8.35,0
3,Mobile,RoundTrip,108,20,5,M,LTNPRG,United Kingdom,1,0,0,12.01,0
1,Internet,RoundTrip,119,17,21,T,LTNPRG,United Kingdom,0,1,0,12.23,0
1,Internet,RoundTrip,59,14,2,S,LHRBOM,United Kingdom,1,0,0,9.77,0
3,Internet,OneWay,138,5,20,M,AUHBOM,United Kingdom,0,0,1,3.73,1
4,Internet,RoundTrip,355,2,17,T,CDGSYD,France,0,0,1,7.74,1
4,Internet,RoundTrip,217,3,7,S,LHRBOM,UAE,1,1,0,2.0,1
3,Internet,RoundTrip,243,9,13,T,LHRBOM,France,0,0,0,10.9,1
3,Mobile,RoundTrip,218,17,8,W,CDGSYD,France,1,1,1,6.93,1
4,Internet,RoundTrip,122,12,5,S,JFKDXB,UAE,0,1,1,4.55,1
4,Internet,RoundTrip,287,17,7,S,LTNPRG,United Kingdom,0,1,1,4.95,0
1,Internet,RoundTrip,125,19,7,M,JFKDXB,UAE,0,1,1,2.09,0
2,Internet,RoundTrip,290,15,12,T,LTNPRG,USA,1,1,1,12.93,1
2,Internet,RoundTrip,359,2,13,S,JFKDXB,India,1,0,0,2.06,0
3,Internet,RoundTrip,4,5,18,M,AUHBOM,France,0,0,0,6.62,1
2,Internet,OneWay,61,7,13,W,LHRBOM,UAE,0,0,0,10.26,1
2,Internet,OneWay,279,11,18,T,LHRBOM,United Kingdom,0,1,1,12.63,1
1,Mobile,RoundTrip,45,16,21,T,CDGSYD,USA,1,0,0,14.43,1
1,Internet,OneWay,262,20,20,S,JFKDXB,France,1,0,1,5.65,0
2,Internet,OneWay,90,20,9,F,CDGSYD,India,0,1,0,2.02,0
4,Internet,RoundTrip,214,10,11,M,LHRBOM,USA,0,0,1,11.63,1
2,Internet,RoundTrip,238,20,18,W,LHRBOM,India,1,0,0,8.61,0
1,Internet,RoundTrip,116,19,15,W,JFKDXB,UAE,1,1,1,7.42,1
2,Internet,RoundTrip,313,4,3,S,AUHBOM,India,0,0,1,11.19,1
4,Mobile,OneWay,331,14,21,W,AUHBOM,France,1,1,1,14.91,1
3,Internet,RoundTrip,80,9,17,M,LTNPRG,France,1,0,0,4.94,1
3,Internet,RoundTrip,269,17,15,S,LTNPRG,France,1,0,1,10.16,0
1,Mobile,RoundTrip,245,18,22,M,CDGSYD,India,0,0,0,9.75,1
4,Mobile,OneWay,94,4,3,S,LHRBOM,United Kingdom,1,1,1,10.0,1
1,Internet,RoundTrip,298,13,20,W,CDGSYD,India,1,1,1,8.89,0
4,Internet,RoundTrip,112,19,7,F,JFKDXB,France,1,0,0,14.67,0
4,Internet,RoundTrip,94,14,18,T,CDGSYD,France,0,1,0,5.29,0
3,Mobile,RoundTrip,259,18,1,T,LTNPRG,India,0,0,1,13.35,0
4,Internet,RoundTrip,44,15,12,T,AUHBOM,United Kingdom,0,1,1,10.58,0
4,Mobile,RoundTrip,335,16,2,T,CDGSYD,France,1,0,1,13.79,1
3,Internet,RoundTrip,140,17,21,T,CDGSYD,France,0,1,1,12.35,0
4,Mobile,RoundTrip,179,19,11,M,LTNPRG,India,0,1,1,10.57,0
3,Internet,RoundTrip,248,4,19,T,AUHBOM,India,1,1,0,2.6,0
3,Internet,RoundTrip,321,16,16,M,JFKDXB,USA,1,0,0,9.86,0
2,Internet,RoundTrip,281,8,11,F,LTNPRG,UAE,1,0,1,4.89,1
3,Internet,RoundTrip,140,12,4,S,LHRBOM,France,1,0,0,6.41,1
2,Internet,RoundTrip,273,14,10,M,AUHBOM,UAE,1,0,1,7.17,0
1,Internet,RoundTrip,144,13,7,F,LHRBOM,USA,0,0,1,13.36,1
2,Internet,RoundTrip,189,4,5,T,LTNPRG,USA,0,1,0,14.17,1
1,Internet,RoundTrip,250,17,7,T,AUHBOM,United Kingdom,0,0,1,12.03,0
4,Mobile,RoundTrip,201,15,5,F,CDGSYD,United Kingdom,1,0,0,3.97,0
2,Mobile,RoundTrip,19,15,19,S,CDGSYD,USA,1,1,1,7.13,1
4,Internet,RoundTrip,17,13,20,S,LHRBOM,India,0,0,1,2.07,0
2,Internet,OneWay,51,12,4,M,LTNPRG,France,1,0,1,13.14,0
2,Internet,RoundTrip,31,6,4,T,CDGSYD,USA,1,1,0,3.79,1
1,Mobile,RoundTrip,266,12,0,T,LTNPRG,France,0,0,1,10.43,1
4,Internet,OneWay,70,6,9,S,JFKDXB,United Kingdom,0,0,0,8.9,0
3,Internet,RoundTrip,89,18,14,T,LHRBOM,USA,1,0,0,5.29,1
2,Mobile,OneWay,115,2,6,W,LHRBOM,India,1,0,1,9.54,0
3,Mobile,RoundTrip,64,1,12,T,JFKDXB,UAE,1,1,0,5.94,0
4,Internet,RoundTrip,316,15,7,F,LTNPRG,UAE,0,0,1,6.08,0
3,Internet,OneWay,33,15,0,T,LTNPRG,France,0,0,0,3.72,1
2,Internet,RoundTrip,70,12,5,W,LTNPRG,India,0,1,1,9.13,0
4,Mobile,OneWay,82,12,17,M,AUHBOM,United Kingdom,0,0,1,13.66,1
4,Internet,RoundTrip,31,1,20,T,LTNPRG,India,0,0,0,6.5,0
4,Internet,RoundTrip,92,17,9,S,CDGSYD,USA,1,0,0,9.5,0
1,Internet,RoundTrip,68,17,13,S,JFKDXB,USA,0,0,1,6.89,0
4,Internet,RoundTrip,125,5,12,S,JFKDXB,India,0,1,1,5.66,0
1,Internet,RoundTrip,56,1,6,S,LTNPRG,USA,0,1,1,8.39,1
3,Internet,OneWay,342,11,15,T,LTNPRG,France,1,1,1,5.29,1
3,Mobile,RoundTrip,287,6,9,T,AUHBOM,United Kingdom,1,1,0,10.98,1
1,Mobile,OneWay,235,3,1,S,CDGSYD,India,0,0,0,13.87,0
1,Internet,RoundTrip,216,3,8,S,JFKDXB,France,0,0,0,7.45,1
4,Mobile,RoundTrip,253,14,3,T,LHRBOM,India,1,1,0,10.78,1
4,Internet,RoundTrip,343,8,10,S,AUHBOM,France,0,1,1,5.19,1
1,Internet,RoundTrip,49,16,10,W,JFKDXB,France,1,1,1,8.71,1
3,Internet,RoundTrip,194,7,10,S,AUHBOM,United Kingdom,1,1,0,9.72,0
1,Mobile,OneWay,71,13,3,T,LHRBOM,UAE,1,1,0,12.9,0
3,Mobile,OneWay,165,6,21,F,LHRBOM,UAE,1,0,0,10.97,0
2,Mobile,RoundTrip,328,12,2,M,AUHBOM,India,1,1,1,5.8,0
4,Mobile,RoundTrip,230,14,6,S,LHRBOM,USA,1,1,1,12.14,0
3,Mobile,RoundTrip,231,7,7,W,LTNPRG,France,0,0,0,13.02,0
2,Internet,RoundTrip,35,18,10,T,LTNPRG,India,1,1,1,9.13,0
3,Mobile,RoundTrip,295,13,9,S,CDGSYD,United Kingdom,0,1,1,9.4,0
2,Internet,RoundTrip,261,5,22,T,CDGSYD,France,0,1,1,10.83,0
1,Internet,RoundTrip,131,18,19,S,AUHBOM,UAE,0,0,1,8.07,0
3,Internet,RoundTrip,122,10,1,M,LTNPRG,UAE,0,0,0,9.48,1
4,Internet,OneWay,211,15,13,T,LHRBOM,France,1,0,0,11.0,0
2,Internet,RoundTrip,277,7,11,W,JFKDXB,France,0,0,0,5.54,0
1,Internet,OneWay,183,1,21,T,AUHBOM,France,1,1,1,3.08,1
1,Internet,RoundTrip,312,12,7,F,CDGSYD,France,0,0,0,6.07,0
2,Internet,RoundTrip,75,11,10,F,JFKDXB,United Kingdom,0,1,1,7.17,1
4,Mobile,RoundTrip,252,15,21,T,CDGSYD,United Kingdom,0,1,1,13.61,1
2,Internet,OneWay,301,15,10,S,CDGSYD,India,1,0,0,13.79,1
4,Internet,RoundTrip,258,14,13,F,JFKDXB,France,0,1,0,10.03,0
2,Internet,RoundTrip,122,11,7,T,LHRBOM,UAE,0,1,0,3.25,0
2,Internet,RoundTrip,169,1,18,T,JFKDXB,UAE,0,1,1,3.81,1
4,Internet,RoundTrip,170,12,1,W,JFKDXB,France,0,1,1,2.03,1
3,Mobile,RoundTrip,113,19,22,S,LTNPRG,France,1,0,0,7.8,0
1,Internet,RoundTrip,49,19,3,S,CDGSYD,India,1,1,1,10.75,0
1,Mobile,OneWay,68,2,13,T,LHRBOM,India,1,0,1,14.21,1
1,Mobile,OneWay,233,18,1,T,CDGSYD,UAE,1,1,0,4.92,1
4,Internet,RoundTrip,82,3,2,W,AUHBOM,France,0,1,1,3.78,1
1,Mobile,RoundTrip,288,2,16,S,JFKDXB,France,0,0,1,5.49,0
1,Internet,OneWay,289,1,18,S,LTNPRG,UAE,1,1,0,9.06,1
4,Mobile,RoundTrip,150,11,8,T,JFKDXB,USA,1,1,1,2.48,1
3,Mobile,OneWay,133,4,1,W,JFKDXB,India,1,1,0,12.78,1
4,Mobile,OneWay,357,13,0,S,LHRBOM,USA,0,1,0,10.03,0
1,Internet,RoundTrip,5,10,21,W,AUHBOM,India,1,0,1,11.96,1
3,Mobile,RoundTrip,94,18,17,S,AUHBOM,USA,0,0,0,14.39,0
1,Mobile,RoundTrip,252,5,8,M,CDGSYD,USA,1,0,0,11.45,1
3,Internet,RoundTrip,318,6,5,T,CDGSYD,India,1,1,1,12.53,1
1,Mobile,OneWay,168,11,16,T,JFKDXB,UAE,1,1,1,10.51,0
4,Mobile,RoundTrip,263,3,20,M,JFKDXB,United Kingdom,1,1,0,5.59,0
2,Internet,RoundTrip,80,10,15,M,AUHBOM,France,1,0,0,4.75,0
2,Mobile,RoundTrip,338,12,18,T,JFKDXB,USA,0,0,0,14.73,1
4,Internet,OneWay,213,13,19,S,JFKDXB,India,0,1,1,7.36,1
1,Internet,RoundTrip,270,10,6,T,AUHBOM,India,0,0,0,8.59,1
4,Internet,RoundTrip,65,3,16,S,AUHBOM,India,1,1,1,4.67,1
3,Internet,RoundTrip,181,6,5,T,CDGSYD,India,0,1,0,3.52,0
3,Mobile,RoundTrip,266,2,5,M,CDGSYD,India,1,0,1,7.83,1
2,Internet,RoundTrip,151,19,22,T,CDGSYD,France,0,0,0,10.25,1
4,Internet,RoundTrip,350,12,7,M,LHRBOM,India,1,0,0,13.35,0
2,Internet,RoundTrip,302,7,18,T,CDGSYD,USA,1,0,1,6.28,0
2,Internet,OneWay,47,7,7,M,LTNPRG,India,0,1,0,7.23,1
2,Mobile,OneWay,306,2,21,S,LTNPRG,USA,1,0,1,13.32,0
2,Mobile,OneWay,140,10,6,F,AUHBOM,United Kingdom,0,0,1,11.21,0
2,Internet,OneWay,215,2,0,M,LTNPRG,USA,0,1,1,5.68,1
1,Internet,RoundTrip,149,15,10,S,CDGSYD,UAE,1,0,0,13.91,0
2,Internet,RoundTrip,256,5,13,W,JFKDXB,India,1,0,0,2.62,1
2,Internet,RoundTrip,157,3,8,T,CDGSYD,USA,0,1,0,10.37,0
2,Internet,RoundTrip,169,3,6,F,LHRBOM,India,1,0,1,14.64,1
4,Internet,OneWay,213,1,19,W,JFKDXB,United Kingdom,0,1,0,2.77,1
1,Internet,RoundTrip,80,8,8,F,CDGSYD,India,0,0,1,9.19,0
4,Internet,RoundTrip,156,2,16,T,AUHBOM,United Kingdom,1,0,1,6.79,0
4,Internet,RoundTrip,19,2,2,W,CDGSYD,UAE,0,1,0,7.35,0
1,Internet,OneWay,22,5,20,F,JFKDXB,India,0,0,0,5.1,0
3,Mobile,RoundTrip,238,12,17,T,AUHBOM,USA,0,0,0,13.78,1
1,Mobile,RoundTrip,102,5,3,W,AUHBOM,India,0,1,1,4.07,1
1,Internet,RoundTrip,244,9,12,T,JFKDXB,UAE,1,0,0,3.07,0
4,Mobile,RoundTrip,277,9,17,M,CDGSYD,United Kingdom,1,0,1,3.3,0
1,Mobile,RoundTrip,243,12,18,S,CDGSYD,United Kingdom,0,1,0,2.52,0
2,Internet,RoundTrip,154,1,9,S,CDGSYD,India,1,1,1,9.4,0
1,Internet,OneWay,205,20,2,T,AUHBOM,France,1,1,1,5.3,0
1,Internet,RoundTrip,285,2,1,S,JFKDXB,France,0,1,0,13.71,1
1,Mobile,RoundTrip,125,20,22,T,JFKDXB,India,0,1,0,12.1,0
4,Internet,OneWay,152,6,2,T,AUHBOM,UAE,0,1,1,9.93,0
1,Internet,RoundTrip,89,9,8,S,LTNPRG,UAE,1,0,1,5.51,1
4,Internet,RoundTrip,74,2,19,M,LTNPRG,India,1,1,1,14.5,0
1,Internet,RoundTrip,24,8,21,M,AUHBOM,USA,0,0,0,4.17,1
4,Mobile,OneWay,26,18,10,W,AUHBOM,India,0,0,1,14.1,1
4,Internet,RoundTrip,54,14,15,S,LTNPRG,India,0,0,0,6.23,1
3,Mobile,RoundTrip,280,13,11,W,AUHBOM,USA,0,1,1,11.15,1
4,Mobile,OneWay,229,8,2,S,CDGSYD,France,1,0,1,11.14,0
2,Mobile,RoundTrip,33,19,11,S,AUHBOM,India,0,0,1,8.96,1
4,Internet,RoundTrip,280,16,17,T,JFKDXB,United Kingdom,1,0,1,6.34,1
1,Mobile,RoundTrip,274,6,14,M,JFKDXB,France,0,1,0,5.33,0
3,Internet,RoundTrip,331,13,12,S,JFKDXB,France,0,1,0,7.65,1
4,Internet,OneWay,353,8,19,S,CDGSYD,India,0,0,1,13.81,1
3,Mobile,RoundTrip,31,4,4,M,AUHBOM,United Kingdom,1,1,1,6.11,1
2,Internet,OneWay,191,14,13,F,AUHBOM,France,0,0,0,9.98,1
3,Internet,OneWay,297,9,4,S,JFKDXB,United Kingdom,1,1,1,3.05,0
4,Internet,RoundTrip,88,2,1,T,LTNPRG,France,1,0,0,4.24,1
4,Mobile,RoundTrip,218,18,21,T,LHRBOM,United Kingdom,1,0,0,2.19,1
3,Mobile,RoundTrip,34,13,17,S,LHRBOM,United Kingdom,1,1,1,13.88,0
3,Internet,OneWay,110,12,22,W,LTNPRG,UAE,1,0,1,10.03,0
4,Mobile,RoundTrip,357,20,10,M,AUHBOM,India,0,0,1,11.66,0
3,Internet,RoundTrip,265,15,13,M,LTNPRG,France,0,1,1,11.38,1
1,Internet,OneWay,96,20,1,T,LHRBOM,United Kingdom,0,0,1,2.26,1
4,Internet,RoundTrip,361,15,4,T,JFKDXB,UAE,0,1,1,8.11,0
1,Mobile,OneWay,74,4,1,F,CDGSYD,USA,1,1,1,13.64,0
3,Internet,RoundTrip,139,10,7,T,CDGSYD,India,1,1,0,11.53,0
2,Internet,RoundTrip,162,11,9,M,AUHBOM,France,1,0,0,11.17,1
1,Internet,RoundTrip,229,6,4,T,LTNPRG,India,1,1,0,10.07,1
2,Mobile,OneWay,96,7,17,M,JFKDXB,USA,1,1,0,5.8,0
1,Internet,RoundTrip,95,12,13,M,JFKDXB,UAE,1,0,1,6.71,1
2,Internet,RoundTrip,245,9,9,F,AUHBOM,UAE,0,0,0,2.01,0
2,Mobile,OneWay,75,3,9,W,JFKDXB,India,0,0,0,10.8,1
2,Internet,OneWay,52,12,13,T,LHRBOM,USA,0,0,0,5.38,1
1,Internet,RoundTrip,55,12,8,T,CDGSYD,France,0,1,1,6.71,1
3,Internet,RoundTrip,120,17,17,S,AUHBOM,UAE,0,1,0,3.09,1
1,Mobile,RoundTrip,12,3,18,F,JFKDXB,USA,1,1,0,13.38,0
4,Internet,RoundTrip,13,10,4,M,CDGSYD,UAE,1,1,1,4.26,0
1,Internet,RoundTrip,264,19,22,F,AUHBOM,UAE,1,0,1,7.79,1
1,Internet,RoundTrip,198,6,10,F,JFKDXB,United Kingdom,1,1,1,6.7,1
2,Mobile,RoundTrip,54,15,4,F,AUHBOM,UAE,1,0,0,4.65,0
2,Mobile,RoundTrip,93,7,19,S,JFKDXB,USA,0,1,0,13.02,0
4,Internet,RoundTrip,247,4,9,F,JFKDXB,India,0,1,0,5.33,0
3,Internet,OneWay,292,15,3,F,CDGSYD,France,1,0,1,6.11,1
2,Mobile,RoundTrip,317,16,12,M,JFKDXB,UAE,1,1,1,12.75,1
4,Internet,OneWay,80,19,9,S,LHRBOM,India,1,0,0,7.42,0
1,Internet,RoundTrip,309,15,5,T,CDGSYD,United Kingdom,1,1,0,9.38,1
4,Internet,OneWay,156,7,16,S,JFKDXB,UAE,0,1,0,12.03,1
2,Internet,OneWay,109,15,9,S,JFKDXB,United Kingdom,0,0,1,6.59,0
2,Internet,RoundTrip,211,1,12,T,CDGSYD,UAE,0,1,1,7.9,0
2,Internet,RoundTrip,46,7,1,T,AUHBOM,United Kingdom,0,1,1,6.27,0
1,Internet,RoundTrip,169,5,8,S,LTNPRG,USA,0,1,1,3.16,1
3,Internet,RoundTrip,162,11,0,F,AUHBOM,France,0,1,1,10.87,0
3,Mobile,OneWay,217,14,6,T,LTNPRG,United Kingdom,1,1,1,6.82,1
3,Internet,RoundTrip,66,12,18,M,CDGSYD,UAE,0,0,1,2.71,1
3,Internet,RoundTrip,23,4,21,M,LHRBOM,France,0,0,0,14.43,1
1,Mobile,OneWay,136,8,7,W,LTNPRG,United Kingdom,1,0,1,7.82,1
4,Internet,RoundTrip,358,2,16,F,CDGSYD,USA,0,0,0,2.22,1
3,Mobile,RoundTrip,208,12,16,T,LTNPRG,India,0,0,0,6.69,1
3,Internet,RoundTrip,200,15,17,S,JFKDXB,France,0,1,0,11.59,0
1,Mobile,OneWay,235,5,1,F,LHRBOM,India,0,0,1,5.46,1
4,Internet,RoundTrip,185,11,6,F,CDGSYD,United Kingdom,0,1,1,2.4,1
3,Internet,RoundTrip,80,18,15,S,JFKDXB,India,1,0,0,14.85,1
2,Internet,RoundTrip,359,3,6,M,LTNPRG,France,1,0,1,10.06,0
4,Internet,OneWay,83,20,15,F,CDGSYD,India,1,0,1,8.46,1
3,Internet,RoundTrip,233,7,20,W,LTNPRG,United Kingdom,1,0,1,12.2,0
4,Mobile,OneWay,316,7,18,S,LHRBOM,United Kingdom,1,0,0,5.9,1
4,Mobile,RoundTrip,240,15,11,S,CDGSYD,India,1,0,1,10.29,1
1,Internet,RoundTrip,344,7,4,F,CDGSYD,USA,1,1,0,2.44,0
4,Mobile,RoundTrip,65,9,7,S,LTNPRG,UAE,0,1,0,5.78,1
3,Mobile,RoundTrip,234,5,12,S,CDGSYD,UAE,0,0,1,2.57,1
1,Mobile,OneWay,34,3,17,T,LTNPRG,France,1,1,0,4.8,1
4,Internet,RoundTrip,203,18,20,S,LTNPRG,France,0,0,1,12.92,1
2,Internet,RoundTrip,67,2,19,M,JFKDXB,France,1,0,0,6.87,1
4,Internet,RoundTrip,240,4,5,T,CDGSYD,India,0,1,1,3.1,1
1,Internet,RoundTrip,119,17,2,S,JFKDXB,France,1,1,0,14.71,0
2,Mobile,OneWay,47,16,2,T,AUHBOM,India,0,0,1,7.75,0
2,Internet,RoundTrip,316,5,5,M,LTNPRG,France,0,0,1,4.4,1
2,Internet,OneWay,327,17,7,S,LHRBOM,UAE,1,0,1,6.65,0
3,Internet,RoundTrip,63,15,0,W,LHRBOM,France,0,0,0,2.53,1
1,Mobile,OneWay,76,7,22,F,LHRBOM,India,1,1,1,7.39,0
3,Internet,OneWay,14,2,7,S,JFKDXB,France,0,0,0,6.71,1
1,Internet,RoundTrip,244,16,3,T,LTNPRG,India,0,1,1,13.92,1
2,Mobile,RoundTrip,326,14,12,M,CDGSYD,France,1,0,0,10.37,0
3,Mobile,OneWay,81,10,2,F,CDGSYD,India,0,1,0,10.17,0
2,Internet,RoundTrip,165,6,19,F,CDGSYD,France,1,1,1,14.32,1
2,Mobile,RoundTrip,257,7,22,T,AUHBOM,France,1,0,1,3.86,1
3,Mobile,OneWay,162,6,21,F,AUHBOM,United Kingdom,1,0,1,8.86,1
1,Internet,OneWay,275,18,9,S,CDGSYD,India,1,1,1,10.41,1
4,Mobile,OneWay,275,5,14,S,LHRBOM,United Kingdom,1,1,1,8.13,0
4,Internet,OneWay,270,10,3,T,LTNPRG,UAE,1,0,1,4.52,0
4,Internet,RoundTrip,261,13,1,M,JFKDXB,United Kingdom,0,0,1,5.48,1
2,Internet,OneWay,157,2,12,S,JFKDXB,India,1,1,1,2.2,0
2,Internet,RoundTrip,144,11,17,T,JFKDXB,UAE,0,1,1,5.33,1
4,Internet,OneWay,221,13,0,F,AUHBOM,United Kingdom,0,0,1,9.27,0
3,Internet,RoundTrip,40,11,22,S,LTNPRG,UAE,1,1,0,12.92,0
4,Internet,RoundTrip,218,14,9,T,CDGSYD,India,0,0,0,11.02,1
1,Internet,OneWay,12,10,14,M,LHRBOM,United Kingdom,0,1,1,14.28,0
4,Internet,RoundTrip,263,13,0,S,JFKDXB,France,0,1,0,14.92,0
3,Internet,RoundTrip,221,20,20,T,CDGSYD,UAE,1,0,1,5.54,1
4,Internet,RoundTrip,182,8,13,W,CDGSYD,UAE,0,0,0,10.46,0
4,Internet,RoundTrip,111,8,11,S,AUHBOM,United Kingdom,0,1,0,11.62,1
1,Internet,RoundTrip,185,14,14,S,LTNPRG,United Kingdom,0,1,1,2.67,0
1,Mobile,OneWay,232,2,19,T,JFKDXB,USA,0,1,1,8.62,1
1,Internet,RoundTrip,250,6,0,T,AUHBOM,United Kingdom,1,0,0,12.06,0
3,Mobile,RoundTrip,336,4,1,F,AUHBOM,United Kingdom,1,1,1,8.09,1
4,Internet,RoundTrip,62,10,11,W,JFKDXB,USA,0,1,1,7.4,0
1,Mobile,OneWay,17,3,17,T,LHRBOM,UAE,0,0,1,9.14,0
1,Mobile,OneWay,238,5,21,S,LTNPRG,USA,1,1,1,3.4,0
2,Mobile,RoundTrip,60,9,2,S,LTNPRG,USA,1,1,1,2.97,1
2,Internet,RoundTrip,54,13,9,F,LTNPRG,USA,0,0,1,2.14,1
1,Internet,RoundTrip,101,9,17,T,LTNPRG,United Kingdom,0,1,0,7.37,0
3,Internet,RoundTrip,264,17,21,S,LTNPRG,USA,1,1,1,7.99,1
4,Internet,RoundTrip,23,16,5,T,JFKDXB,France,0,1,0,14.3,0
1,Mobile,RoundTrip,142,2,22,S,CDGSYD,France,1,1,1,13.84,1
1,Mobile,RoundTrip,39,14,18,F,CDGSYD,France,1,0,0,6.95,0
1,Internet,OneWay,306,1,5,W,CDGSYD,France,0,0,1,14.6,0
1,Internet,OneWay,278,4,18,F,CDGSYD,France,0,0,0,4.06,0
2,Internet,RoundTrip,33,16,13,S,CDGSYD,UAE,0,1,1,5.09,1
1,Internet,RoundTrip,100,12,19,S,JFKDXB,UAE,1,0,0,8.75,1
2,Internet,OneWay,168,7,19,S,JFKDXB,India,1,1,0,6.85,1
1,Internet,RoundTrip,167,4,4,M,LHRBOM,United Kingdom,0,1,0,8.9,0
3,Mobile,OneWay,61,7,16,S,CDGSYD,USA,1,1,0,2.07,1
2,Internet,RoundTrip,170,16,10,W,LHRBOM,France,0,0,1,10.78,0
1,Internet,RoundTrip,317,12,17,S,AUHBOM,UAE,0,0,0,5.57,1
1,Internet,RoundTrip,81,3,3,T,JFKDXB,UAE,1,0,1,6.0,1
2,Mobile,OneWay,46,10,6,F,CDGSYD,USA,0,1,1,13.86,0
3,Internet,RoundTrip,141,5,5,S,CDGSYD,USA,0,0,1,13.53,1
1,Internet,RoundTrip,177,3,21,S,CDGSYD,USA,0,0,0,7.28,0
2,Internet,RoundTrip,104,2,8,W,LTNPRG,India,0,1,1,6.9,0
3,Internet,OneWay,39,16,5,F,LTNPRG,United Kingdom,0,0,0,12.27,1
2,Internet,OneWay,32,4,16,T,CDGSYD,UAE,0,1,1,11.49,0
1,Internet,OneWay,291,4,14,W,AUHBOM,United Kingdom,0,0,1,3.79,1
2,Internet,RoundTrip,48,18,14,M,LHRBOM,United Kingdom,1,1,1,7.2,0
1,Mobile,OneWay,103,17,20,S,LTNPRG,USA,1,0,0,8.48,1
4,Internet,RoundTrip,278,11,20,W,AUHBOM,United Kingdom,1,1,0,8.14,1
4,Internet,RoundTrip,217,16,8,T,AUHBOM,United Kingdom,0,1,1,3.34,0
2,Internet,RoundTrip,10,1,22,W,AUHBOM,UAE,1,1,1,10.2,0
1,Mobile,RoundTrip,62,4,12,T,LHRBOM,India,1,0,1,10.28,0
1,Mobile,RoundTrip,172,8,20,S,CDGSYD,United Kingdom,0,0,1,12.19,0
3,Mobile,RoundTrip,128,16,15,W,LTNPRG,United Kingdom,1,0,0,9.86,0
4,Internet,OneWay,360,2,1,M,LTNPRG,France,0,0,0,2.58,0
2,Internet,OneWay,42,14,21,T,LTNPRG,France,1,0,0,5.18,0
3,Mobile,RoundTrip,10,2,13,S,LHRBOM,UAE,1,1,0,8.96,1
1,Mobile,OneWay,201,20,10,S,AUHBOM,India,1,0,1,7.4,0
4,Internet,RoundTrip,350,5,7,M,LTNPRG,USA,0,0,1,9.95,1
2,Internet,RoundTrip,2,15,13,T,LHRBOM,UAE,1,1,0,2.93,1
1,Internet,RoundTrip,302,13,21,T,CDGSYD,India,1,0,1,6.0,1
4,Mobile,RoundTrip,362,8,3,T,LHRBOM,France,1,1,0,4.82,0
4,Internet,RoundTrip,152,16,5,F,LTNPRG,United Kingdom,1,0,0,9.6,1
2,Internet,RoundTrip,152,13,1,T,AUHBOM,United Kingdom,1,0,1,3.6,0
4,Internet,OneWay,362,10,4,T,AUHBOM,France,0,0,0,6.41,1
1,Internet,RoundTrip,230,14,0,F,LHRBOM,France,1,1,1,13.04,0
2,Internet,OneWay,199,6,4,F,AUHBOM,USA,0,1,0,11.19,1
3,Internet,OneWay,105,15,10,T,AUHBOM,France,0,1,0,7.78,1
3,Mobile,RoundTrip,340,15,19,F,CDGSYD,USA,1,0,1,8.53,1
2,Internet,RoundTrip,93,10,12,T,AUHBOM,USA,1,0,0,2.2,0
4,Internet,RoundTrip,143,14,5,W,CDGSYD,United Kingdom,1,0,0,12.58,0
4,Internet,RoundTrip,308,17,1,T,CDGSYD,France,1,0,0,6.12,0
1,Internet,RoundTrip,186,13,20,T,LTNPRG,UAE,0,1,1,5.23,0
4,Internet,RoundTrip,276,6,4,S,LTNPRG,France,0,0,1,6.16,1
1,Internet,RoundTrip,363,6,17,T,LTNPRG,United Kingdom,0,0,0,4.59,0
3,Internet,RoundTrip,235,20,6,M,AUHBOM,India,0,0,1,12.62,1
2,Mobile,RoundTrip,60,17,14,T,LHRBOM,USA,0,0,1,2.75,1
2,Internet,RoundTrip,274,7,20,S,CDGSYD,United Kingdom,1,0,1,8.17,1
1,Internet,RoundTrip,219,15,20,S,LHRBOM,UAE,0,0,1,10.54,0
2,Internet,OneWay,64,1,2,M,LHRBOM,United Kingdom,0,1,0,2.66,1
1,Mobile,RoundTrip,41,14,11,S,CDGSYD,India,1,0,0,8.83,0
4,Internet,RoundTrip,341,5,11,M,CDGSYD,United Kingdom,1,0,0,7.27,1
1,Mobile,RoundTrip,39,7,20,W,AUHBOM,UAE,1,0,1,11.43,0
2,Mobile,RoundTrip,166,19,18,S,LTNPRG,India,1,1,1,13.51,0
1,Internet,RoundTrip,359,3,3,F,JFKDXB,India,1,1,1,2.43,1
1,Internet,RoundTrip,317,16,20,F,LTNPRG,United Kingdom,0,1,1,5.49,0
2,Mobile,RoundTrip,306,9,8,T,LHRBOM,France,0,1,1,10.43,0
4,Internet,RoundTrip,268,9,15,W,CDGSYD,India,1,0,0,14.43,0
2,Internet,RoundTrip,174,10,4,M,LTNPRG,UAE,0,1,1,14.38,0
4,Internet,OneWay,105,19,6,F,CDGSYD,UAE,1,1,0,14.95,0
4,Internet,RoundTrip,327,11,1,T,LTNPRG,United Kingdom,0,0,1,13.05,0
2,Internet,RoundTrip,208,5,2,T,LHRBOM,France,1,0,1,3.53,1
4,Internet,RoundTrip,145,1,21,W,AUHBOM,USA,0,0,1,12.53,1
2,Internet,RoundTrip,352,5,3,M,CDGSYD,United Kingdom,0,0,1,4.15,0
3,Internet,RoundTrip,135,4,14,M,CDGSYD,France,1,1,1,8.63,1
3,Internet,RoundTrip,14,3,17,M,AUHBOM,USA,1,1,1,9.44,0
3,Mobile,RoundTrip,219,20,1,W,LHRBOM,USA,1,1,0,10.14,0
4,Internet,OneWay,156,9,6,T,LTNPRG,United Kingdom,0,1,1,3.62,1
1,Internet,RoundTrip,227,20,11,T,LHRBOM,UAE,0,1,0,11.9,1
2,Internet,RoundTrip,226,11,7,T,JFKDXB,India,0,1,0,2.91,0
3,Internet,RoundTrip,230,5,20,S,AUHBOM,USA,0,0,1,14.45,0
2,Internet,RoundTrip,124,3,4,W,JFKDXB,UAE,1,1,1,8.71,1
4,Internet,RoundTrip,92,16,16,T,LHRBOM,France,0,0,0,6.23,1
2,Internet,RoundTrip,116,3,9,S,AUHBOM,India,1,0,0,4.57,1
2,Internet,OneWay,352,2,8,S,CDGSYD,France,1,0,0,14.01,0
2,Internet,OneWay,273,8,7,W,LTNPRG,United Kingdom,1,0,1,11.29,0
3,Internet,RoundTrip,143,7,15,S,AUHBOM,UAE,1,1,0,9.23,1
1,Internet,RoundTrip,334,5,8,W,JFKDXB,India,0,0,1,11.4,0
1,Internet,RoundTrip,279,11,14,T,CDGSYD,USA,1,0,0,13.24,0
4,Internet,RoundTrip,196,12,0,M,AUHBOM,India,0,1,1,8.13,0
1,Internet,OneWay,292,9,6,W,AUHBOM,UAE,0,1,0,14.51,0
1,Internet,RoundTrip,346,11,10,S,CDGSYD,France,0,1,0,4.98,0
2,Internet,RoundTrip,207,14,5,T,CDGSYD,United Kingdom,0,1,0,12.18,0
2,Internet,RoundTrip,37,4,2,T,LTNPRG,United Kingdom,1,0,0,10.26,1
1,Internet,RoundTrip,157,8,5,T,AUHBOM,UAE,1,0,0,15.0,1
4,Mobile,RoundTrip,83,1,12,W,AUHBOM,United Kingdom,1,1,1,13.09,1
1,Internet,RoundTrip,255,20,22,W,JFKDXB,UAE,1,0,0,14.84,1
2,Internet,RoundTrip,32,13,15,S,LTNPRG,France,1,0,0,11.02,0
1,Internet,RoundTrip,171,17,20,S,AUHBOM,India,0,1,1,9.48,0
2,Mobile,RoundTrip,159,16,12,T,LHRBOM,India,1,1,0,7.8,0
1,Internet,RoundTrip,141,1,0,S,LTNPRG,UAE,1,1,1,7.58,1
4,Internet,OneWay,229,10,3,W,JFKDXB,USA,0,0,0,11.31,0
4,Mobile,RoundTrip,199,18,17,W,CDGSYD,UAE,1,0,0,3.98,0
1,Internet,RoundTrip,73,12,14,S,CDGSYD,UAE,0,1,1,5.51,1
1,Mobile,RoundTrip,292,12,19,S,CDGSYD,United Kingdom,0,0,1,7.66,0
4,Internet,RoundTrip,164,20,9,M,JFKDXB,USA,1,0,1,13.01,0
2,Internet,RoundTrip,58,15,21,F,CDGSYD,USA,0,1,0,2.24,0
1,Internet,RoundTrip,250,16,8,W,AUHBOM,India,1,1,1,4.22,1
1,Internet,RoundTrip,143,16,19,W,LTNPRG,UAE,0,0,0,13.13,0
2,Mobile,RoundTrip,233,7,3,F,LHRBOM,France,1,0,0,8.63,0
3,Internet,RoundTrip,275,20,10,T,CDGSYD,France,1,0,0,7.25,0
3,Mobile,RoundTrip,230,18,22,S,JFKDXB,India,1,1,1,2.49,1
1,Internet,RoundTrip,343,1,18,T,CDGSYD,UAE,0,1,1,9.59,0
2,Internet,RoundTrip,221,11,9,S,AUHBOM,USA,1,0,0,10.71,0
2,Mobile,OneWay,139,5,20,F,AUHBOM,USA,0,0,0,3.67,0
3,Internet,OneWay,360,11,10,F,CDGSYD,UAE,1,1,1,10.57,1
2,Mobile,RoundTrip,188,17,21,T,CDGSYD,France,1,0,0,14.4,1
1,Internet,RoundTrip,260,14,2,W,LHRBOM,UAE,1,1,0,9.14,0
4,Mobile,RoundTrip,121,16,19,F,LTNPRG,United Kingdom,1,0,0,4.92,1
3,Internet,RoundTrip,331,9,15,T,LHRBOM,UAE,0,0,1,12.02,1
2,Internet,RoundTrip,343,2,4,M,CDGSYD,USA,0,1,0,3.95,0
1,Internet,OneWay,347,18,6,S,LHRBOM,India,1,0,1,4.59,1
1,Internet,RoundTrip,142,2,18,S,AUHBOM,USA,1,0,0,11.66,0
4,Internet,RoundTrip,313,4,17,F,LHRBOM,India,0,0,1,13.3,1
4,Internet,OneWay,245,15,4,F,LTNPRG,United Kingdom,0,1,1,6.03,0
3,Mobile,RoundTrip,35,9,1,T,AUHBOM,USA,0,1,1,9.19,1
1,Internet,RoundTrip,334,10,7,F,LHRBOM,USA,1,0,1,9.32,0
2,Mobile,RoundTrip,193,2,6,S,LTNPRG,France,0,0,1,11.62,0
2,Mobile,RoundTrip,194,4,14,M,CDGSYD,United Kingdom,1,0,0,4.18,0
1,Internet,RoundTrip,139,15,17,S,JFKDXB,United Kingdom,1,1,1,3.05,0
1,Internet,RoundTrip,311,12,6,W,CDGSYD,UAE,1,1,0,11.52,1
2,Internet,RoundTrip,36,6,9,T,CDGSYD,USA,1,1,0,14.33,0
2,Internet,RoundTrip,140,9,4,S,AUHBOM,United Kingdom,1,1,1,14.43,0
3,Internet,OneWay,206,9,0,F,AUHBOM,France,1,0,1,12.69,1
3,Internet,RoundTrip,72,19,21,S,CDGSYD,France,1,1,1,13.99,1
2,Internet,RoundTrip,78,18,18,S,LTNPRG,USA,1,0,1,5.1,1
2,Internet,RoundTrip,225,10,18,M,AUHBOM,France,1,1,0,2.36,1
3,Internet,RoundTrip,212,4,22,T,LTNPRG,USA,1,1,1,4.36,0
1,Internet,OneWay,298,12,0,T,LHRBOM,United Kingdom,1,0,0,9.88,1
1,Internet,OneWay,298,1,8,S,AUHBOM,France,1,1,1,8.85,0
4,Internet,OneWay,7,13,17,T,AUHBOM,USA,1,0,0,14.55,0
1,Mobile,OneWay,144,12,14,T,AUHBOM,France,0,1,0,3.34,0
1,Internet,RoundTrip,309,18,18,F,LTNPRG,United Kingdom,1,0,1,4.8,0
3,Internet,RoundTrip,346,9,8,W,CDGSYD,UAE,0,1,0,2.22,0
3,Internet,RoundTrip,35,12,2,F,LTNPRG,United Kingdom,1,0,0,5.21,0
1,Internet,OneWay,279,2,12,S,LHRBOM,USA,0,0,0,7.23,1
4,Internet,RoundTrip,85,17,17,T,JFKDXB,USA,0,1,1,6.8,1
1,Internet,RoundTrip,293,6,16,S,JFKDXB,India,1,1,1,2.62,1
3,Mobile,OneWay,163,16,4,S,CDGSYD,United Kingdom,0,0,0,9.52,0
3,Internet,RoundTrip,41,5,14,M,AUHBOM,United Kingdom,0,0,1,5.6,1
4,Mobile,OneWay,75,7,14,W,JFKDXB,France,0,1,1,2.75,1
3,Internet,OneWay,343,6,7,S,CDGSYD,UAE,1,0,1,7.19,0
3,Internet,OneWay,280,18,5,S,CDGSYD,France,0,0,0,14.07,1
1,Internet,RoundTrip,13,16,4,F,CDGSYD,India,0,1,1,13.89,0
4,Internet,RoundTrip,346,15,2,F,JFKDXB,United Kingdom,1,0,0,4.66,1
1,Mobile,OneWay,308,7,12,S,AUHBOM,India,1,1,0,4.39,1
2,Mobile,RoundTrip,199,15,7,M,CDGSYD,France,0,1,0,10.55,1
2,Mobile,RoundTrip,11,10,15,T,AUHBOM,India,0,1,1,13.59,1
2,Internet,OneWay,159,15,13,W,JFKDXB,France,0,1,1,8.98,0
3,Mobile,OneWay,60,6,13,S,LTNPRG,USA,0,1,1,9.65,0
1,Internet,OneWay,134,11,22,S,CDGSYD,France,1,1,0,9.84,1
2,Mobile,RoundTrip,115,20,2,S,LTNPRG,France,0,0,1,10.51,0
2,Internet,RoundTrip,260,2,0,M,LTNPRG,USA,0,0,0,13.81,1
3,Internet,OneWay,269,16,8,S,JFKDXB,UAE,1,0,0,10.42,0
3,Internet,RoundTrip,63,14,0,S,LTNPRG,USA,0,0,0,3.62,0
4,Internet,RoundTrip,328,9,17,W,AUHBOM,UAE,0,1,0,13.96,1
1,Internet,RoundTrip,245,19,8,S,AUHBOM,USA,1,1,0,7.33,0
4,Mobile,OneWay,243,15,3,W,LHRBOM,USA,0,1,0,2.1,1
2,Mobile,RoundTrip,283,11,1,F,CDGSYD,USA,1,0,0,9.82,1
2,Mobile,RoundTrip,265,7,20,T,CDGSYD,UAE,0,1,0,13.39,0
3,Internet,RoundTrip,288,14,8,T,AUHBOM,UAE,0,1,0,10.34,1
1,Internet,RoundTrip,106,2,10,M,JFKDXB,France,1,1,1,2.3,1
4,Internet,RoundTrip,250,6,3,M,CDGSYD,UAE,0,1,0,8.85,1
2,Internet,RoundTrip,356,9,18,S,LHRBOM,USA,0,0,0,11.94,1
4,Internet,RoundTrip,275,5,16,F,LHRBOM,France,0,1,1,7.66,0
1,Internet,RoundTrip,149,12,7,F,JFKDXB,UAE,1,1,0,4.94,0
4,Internet,RoundTrip,231,18,19,W,CDGSYD,UAE,0,0,0,14.36,1
2,Internet,RoundTrip,333,7,8,T,AUHBOM,United Kingdom,0,1,1,2.74,1
3,Internet,OneWay,239,9,20,F,AUHBOM,United Kingdom,0,1,1,2.61,1
4,Internet,RoundTrip,284,9,22,W,LHRBOM,USA,0,0,0,10.29,1
1,Internet,RoundTrip,324,15,10,W,LTNPRG,United Kingdom,0,0,0,6.09,0
2,Mobile,RoundTrip,134,15,13,S,AUHBOM,UAE,1,1,1,13.89,1
4,Internet,OneWay,123,5,19,T,LTNPRG,United Kingdom,0,1,0,12.53,1
1,Mobile,OneWay,125,18,2,W,LTNPRG,United Kingdom,1,1,1,8.26,0
1,Internet,RoundTrip,135,13,10,T,AUHBOM,France,0,1,1,8.15,0
3,Mobile,RoundTrip,248,18,22,S,JFKDXB,UAE,0,1,1,12.58,0
1,Mobile,RoundTrip,177,18,4,T,LHRBOM,India,0,0,0,11.86,0
4,Mobile,OneWay,343,12,8,M,LTNPRG,USA,0,1,1,10.22,0
4,Internet,OneWay,250,15,19,S,JFKDXB,France,1,0,1,10.87,1
1,Internet,RoundTrip,245,13,16,T,JFKDXB,USA,0,0,1,13.67,1
1,Internet,OneWay,346,13,11,M,JFKDXB,India,1,0,1,3.15,1
4,Internet,RoundTrip,313,11,2,T,CDGSYD,United Kingdom,1,1,1,4.64,1
3,Internet,RoundTrip,12,5,4,M,CDGSYD,India,0,0,0,6.14,0
4,Internet,RoundTrip,352,8,19,M,LTNPRG,USA,1,1,1,6.79,0
4,Internet,RoundTrip,321,15,11,F,AUHBOM,United Kingdom,1,0,0,3.65,1
2,Internet,RoundTrip,121,15,22,F,LHRBOM,USA,1,1,0,10.46,0
2,Internet,RoundTrip,86,10,2,W,CDGSYD,United Kingdom,0,0,1,7.38,0
3,Internet,RoundTrip,197,3,8,F,LTNPRG,France,0,0,0,5.16,1
3,Mobile,RoundTrip,364,3,2,M,JFKDXB,France,1,1,0,13.15,0
2,Mobile,OneWay,222,18,3,W,AUHBOM,United Kingdom,1,0,1,8.96,1
2,Internet,RoundTrip,211,3,0,F,AUHBOM,France,0,0,0,6.15,0
2,Internet,OneWay,80,6,12,S,LTNPRG,UAE,1,0,0,12.75,0
3,Internet,RoundTrip,327,2,5,T,CDGSYD,United Kingdom,0,1,0,8.15,0
2,Internet,RoundTrip,291,5,3,S,CDGSYD,France,1,0,0,7.45,0
2,Internet,OneWay,21,17,20,W,LTNPRG,UAE,1,1,1,11.36,1
1,Internet,OneWay,96,6,10,S,AUHBOM,India,0,0,0,14.17,0
4,Mobile,OneWay,321,17,12,T,LTNPRG,France,1,1,1,11.32,1
3,Internet,RoundTrip,258,17,14,F,AUHBOM,France,0,0,0,13.89,0
4,Mobile,RoundTrip,147,15,9,T,LTNPRG,India,1,0,1,14.92,1
4,Internet,RoundTrip,191,6,3,T,CDGSYD,USA,0,1,0,12.89,0
3,Internet,OneWay,46,20,11,T,JFKDXB,UAE,0,0,1,11.21,0
2,Mobile,OneWay,305,13,21,T,CDGSYD,United Kingdom,1,0,1,8.34,0
3,Internet,RoundTrip,230,16,15,W,CDGSYD,USA,0,0,1,6.97,1
3,Mobile,RoundTrip,187,7,16,W,LHRBOM,India,1,1,1,10.97,1
4,Internet,RoundTrip,223,14,13,T,CDGSYD,France,1,1,0,8.08,0
1,Internet,OneWay,214,14,8,T,CDGSYD,UAE,0,0,0,8.58,1
1,Internet,RoundTrip,159,12,10,F,JFKDXB,UAE,0,1,1,12.33,1
1,Mobile,OneWay,66,12,9,M,AUHBOM,USA,1,0,1,12.54,0
1,Internet,RoundTrip,176,15,13,T,LTNPRG,India,0,1,1,4.89,0
3,Mobile,OneWay,295,20,19,T,LHRBOM,United Kingdom,0,0,0,9.93,1
1,Mobile,OneWay,20,18,0,M,CDGSYD,USA,0,0,1,14.62,0
1,Internet,RoundTrip,147,7,10,T,CDGSYD,France,0,1,0,13.62,0
2,Internet,OneWay,299,18,6,W,JFKDXB,USA,1,1,1,2.46,0
4,Mobile,RoundTrip,212,7,22,T,AUHBOM,USA,1,0,0,13.05,1
2,Mobile,RoundTrip,9,5,3,W,AUHBOM,United Kingdom,0,0,1,13.39,0
2,Internet,OneWay,308,4,1,S,LTNPRG,India,0,0,0,5.53,0
2,Internet,RoundTrip,20,15,16,T,LTNPRG,USA,1,1,1,14.59,1
4,Internet,RoundTrip,175,10,6,W,LHRBOM,India,1,1,1,7.57,0
2,Internet,RoundTrip,42,17,5,T,LTNPRG,France,0,1,0,11.74,0
2,Mobile,OneWay,100,17,11,W,LTNPRG,France,0,1,0,2.54,0
4,Internet,RoundTrip,144,11,21,M,AUHBOM,India,0,1,1,4.12,0
2,Internet,RoundTrip,97,5,3,T,LHRBOM,France,0,0,0,7.33,0
2,Internet,RoundTrip,319,3,12,W,AUHBOM,United Kingdom,0,0,1,3.28,1
4,Internet,RoundTrip,207,20,8,T,CDGSYD,France,1,1,1,9.66,0
2,Internet,RoundTrip,132,7,4,T,CDGSYD,United Kingdom,1,0,1,5.37,1
3,Mobile,RoundTrip,106,1,11,T,JFKDXB,France,1,1,1,5.7,0
3,Internet,OneWay,182,8,22,T,CDGSYD,India,1,1,0,10.71,1
1,Internet,RoundTrip,124,17,6,F,LTNPRG,UAE,1,1,1,8.51,0
1,Mobile,OneWay,294,2,5,T,JFKDXB,France,1,1,1,4.82,0
4,Internet,OneWay,86,14,3,M,AUHBOM,United Kingdom,1,1,1,4.74,0
2,Internet,RoundTrip,252,9,14,T,CDGSYD,India,0,0,0,6.3,0
2,Internet,OneWay,163,19,6,T,JFKDXB,UAE,0,1,1,6.13,1
3,Mobile,RoundTrip,97,9,13,F,AUHBOM,UAE,0,1,1,14.02,0
1,Mobile,RoundTrip,170,11,1,F,LHRBOM,France,1,0,1,11.71,1
1,Internet,RoundTrip,44,10,16,S,CDGSYD,United Kingdom,1,0,0,5.49,1
2,Internet,OneWay,192,14,4,T,LTNPRG,France,1,1,1,14.33,0
4,Internet,RoundTrip,262,2,2,S,LTNPRG,United Kingdom,1,1,0,13.91,0
3,Internet,RoundTrip,216,1,1,S,AUHBOM,UAE,0,1,0,13.13,1
3,Internet,RoundTrip,6,12,18,M,AUHBOM,UAE,0,1,0,11.51,0
3,Mobile,RoundTrip,214,8,21,T,JFKDXB,UAE,1,0,0,12.0,0
4,Mobile,OneWay,10,4,9,W,AUHBOM,UAE,1,1,0,8.16,1
4,Internet,RoundTrip,134,16,3,T,AUHBOM,USA,1,0,0,5.81,0
1,Mobile,OneWay,232,15,18,T,JFKDXB,United Kingdom,0,0,1,8.81,0
3,Mobile,OneWay,328,3,0,W,JFKDXB,India,1,0,1,11.9,0
3,Internet,RoundTrip,356,4,7,M,LHRBOM,India,0,1,0,6.95,1
1,Internet,RoundTrip,187,16,22,S,JFKDXB,India,0,0,0,6.26,1
4,Mobile,RoundTrip,78,10,8,S,JFKDXB,UAE,0,1,1,3.95,1
2,Internet,RoundTrip,303,7,17,T,JFKDXB,France,1,0,0,11.94,0
4,Mobile,RoundTrip,130,11,8,W,CDGSYD,UAE,1,0,0,10.63,0
1,Internet,RoundTrip,203,8,6,T,LHRBOM,India,1,1,0,9.06,0
3,Internet,OneWay,73,2,7,T,AUHBOM,India,0,0,0,6.0,1
3,Mobile,RoundTrip,135,13,20,W,AUHBOM,India,0,0,0,9.21,1
3,Internet,RoundTrip,175,14,10,T,LTNPRG,UAE,0,0,0,2.7,0
1,Internet,RoundTrip,269,2,20,S,CDGSYD,USA,0,0,1,3.97,1
1,Internet,OneWay,328,5,22,T,CDGSYD,UAE,1,0,1,5.85,1
3,Internet,RoundTrip,65,13,17,T,LTNPRG,India,0,0,0,3.28,0
4,Internet,RoundTrip,204,16,6,T,CDGSYD,France,1,0,1,2.38,1
3,Internet,RoundTrip,353,19,13,T,LHRBOM,India,0,0,0,4.94,0
1,Internet,OneWay,7,13,8,F,AUHBOM,UAE,1,1,0,13.46,0
4,Internet,RoundTrip,209,2,13,F,LHRBOM,USA,0,1,0,2.08,0
2,Internet,RoundTrip,280,8,16,T,LHRBOM,UAE,1,1,0,12.41,1
1,Mobile,RoundTrip,38,6,22,F,CDGSYD,France,1,0,0,9.41,1
2,Internet,RoundTrip,244,20,18,T,CDGSYD,France,0,0,1,2.64,0
1,Internet,RoundTrip,154,1,10,M,CDGSYD,France,0,1,1,7.44,0
4,Internet,RoundTrip,219,8,19,W,LHRBOM,France,0,1,1,10.23,1
4,Internet,RoundTrip,260,11,18,T,LHRBOM,USA,1,1,0,3.05,1
1,Mobile,RoundTrip,53,6,6,S,AUHBOM,USA,1,1,1,3.4,0
3,Internet,RoundTrip,25,15,2,T,AUHBOM,UAE,0,0,1,3.4,1
1,Internet,OneWay,116,3,9,S,JFKDXB,UAE,1,0,1,11.81,1
2,Mobile,RoundTrip,96,19,16,W,CDGSYD,France,0,0,0,3.12,1
1,Mobile,OneWay,106,9,5,S,LTNPRG,USA,1,1,1,10.13,0
3,Mobile,OneWay,337,8,22,F,JFKDXB,USA,1,1,1,5.9,1
1,Mobile,RoundTrip,251,19,22,M,LHRBOM,UAE,1,1,0,9.77,1
4,Mobile,RoundTrip,130,3,0,S,JFKDXB,UAE,1,0,0,2.32,1
1,Internet,RoundTrip,221,10,9,T,AUHBOM,UAE,0,0,1,8.83,1
2,Internet,RoundTrip,58,1,5,T,AUHBOM,USA,0,0,1,12.67,1
4,Internet,OneWay,67,11,20,T,LTNPRG,India,1,1,1,12.12,0
4,Internet,RoundTrip,36,7,18,T,JFKDXB,India,1,1,0,8.92,0
1,Internet,RoundTrip,156,15,15,M,LTNPRG,USA,0,1,1,4.76,1
1,Internet,RoundTrip,226,11,16,T,LTNPRG,France,1,1,1,11.91,1
4,Internet,RoundTrip,186,13,18,W,LHRBOM,France,0,1,0,9.06,1
4,Mobile,OneWay,204,19,16,T,CDGSYD,UAE,0,0,1,5.77,0
2,Mobile,RoundTrip,60,20,15,S,CDGSYD,India,1,1,1,14.07,0
1,Internet,RoundTrip,236,5,22,F,LHRBOM,India,0,0,1,8.92,0
1,Internet,RoundTrip,202,11,12,S,LHRBOM,France,1,0,0,13.75,0
2,Internet,RoundTrip,349,16,2,F,JFKDXB,USA,0,1,0,7.59,1
3,Internet,OneWay,90,3,9,T,AUHBOM,France,0,1,0,7.9,1
1,Mobile,RoundTrip,22,10,15,F,AUHBOM,UAE,0,0,0,6.66,1
3,Mobile,OneWay,166,12,20,S,JFKDXB,India,1,0,1,6.93,1
4,Mobile,OneWay,72,18,14,S,LTNPRG,India,0,1,0,6.44,0
1,Mobile,RoundTrip,64,2,6,M,LHRBOM,India,1,1,0,11.85,1
4,Mobile,RoundTrip,86,18,4,M,CDGSYD,India,1,0,0,5.64,0
4,Internet,RoundTrip,248,5,19,S,JFKDXB,France,1,1,1,4.9,0
2,Internet,RoundTrip,156,18,4,S,JFKDXB,UAE,0,1,1,13.4,1
1,Internet,OneWay,319,14,0,M,LTNPRG,India,1,0,1,14.72,1
2,Internet,RoundTrip,45,9,14,S,CDGSYD,United Kingdom,1,1,1,8.7,0
2,Internet,OneWay,340,3,11,S,AUHBOM,USA,1,0,0,4.12,0
2,Internet,RoundTrip,150,7,15,T,CDGSYD,United Kingdom,1,1,1,3.29,1
4,Mobile,RoundTrip,195,15,10,T,AUHBOM,USA,0,0,0,9.97,0
1,Internet,RoundTrip,298,5,13,S,LTNPRG,USA,0,1,0,12.15,1
2,Mobile,RoundTrip,179,14,8,W,AUHBOM,France,1,0,0,11.29,0
4,Mobile,RoundTrip,60,5,10,M,AUHBOM,India,1,0,0,13.64,1
1,Internet,RoundTrip,88,2,3,F,JFKDXB,USA,0,0,1,7.4,0
1,Internet,RoundTrip,334,13,15,T,CDGSYD,France,1,0,0,14.21,1
2,Internet,OneWay,26,17,13,T,LTNPRG,UAE,1,1,0,10.87,0
4,Internet,RoundTrip,332,20,7,W,AUHBOM,UAE,0,1,0,11.72,1
4,Internet,RoundTrip,246,11,13,T,LTNPRG,India,0,0,0,10.28,1
4,Mobile,RoundTrip,187,13,5,T,LTNPRG,United Kingdom,0,0,0,3.06,1
4,Internet,RoundTrip,116,14,16,M,CDGSYD,UAE,0,0,1,13.39,0
1,Internet,RoundTrip,314,9,13,F,CDGSYD,India,1,0,1,5.45,0
2,Mobile,RoundTrip,12,1,15,W,AUHBOM,UAE,0,1,1,3.28,1
3,Internet,RoundTrip,259,5,14,W,AUHBOM,United Kingdom,1,1,0,13.8,0
1,Internet,RoundTrip,77,8,19,W,LTNPRG,USA,1,0,1,5.57,0
4,Internet,RoundTrip,130,14,18,T,CDGSYD,UAE,1,0,0,14.85,1
3,Internet,RoundTrip,24,7,6,T,JFKDXB,United Kingdom,0,0,1,13.16,0
4,Internet,RoundTrip,205,5,9,F,AUHBOM,USA,1,0,1,10.6,0
2,Internet,RoundTrip,54,19,12,T,JFKDXB,UAE,1,1,0,13.56,0
3,Internet,OneWay,43,2,17,T,LHRBOM,India,1,0,1,12.59,1
1,Internet,RoundTrip,120,16,0,S,JFKDXB,USA,1,0,0,10.53,0
1,Internet,RoundTrip,181,2,21,M,CDGSYD,UAE,1,0,0,9.6,1
3,Internet,RoundTrip,344,7,7,S,AUHBOM,India,0,1,1,11.6,0
1,Internet,RoundTrip,303,18,9,S,LHRBOM,USA,0,1,1,4.46,1
2,Internet,OneWay,146,17,6,T,JFKDXB,USA,1,0,1,10.59,1
4,Internet,OneWay,214,8,12,S,JFKDXB,UAE,1,1,1,2.75,0
2,Internet,OneWay,281,1,6,T,CDGSYD,UAE,1,1,1,13.36,0
2,Internet,RoundTrip,140,19,20,W,CDGSYD,United Kingdom,0,0,0,11.15,1
2,Internet,RoundTrip,280,18,7,W,JFKDXB,United Kingdom,1,0,1,3.61,0
3,Mobile,RoundTrip,242,10,6,S,JFKDXB,UAE,0,0,1,14.53,1
4,Internet,OneWay,256,1,0,T,AUHBOM,France,1,0,1,14.48,1
3,Mobile,RoundTrip,356,14,16,S,AUHBOM,France,1,1,1,9.36,0
2,Internet,RoundTrip,138,16,21,S,JFKDXB,France,1,0,0,2.09,1
2,Internet,RoundTrip,25,17,13,T,CDGSYD,UAE,0,0,1,13.26,1
1,Mobile,OneWay,196,15,20,M,LTNPRG,India,1,0,0,13.7,1
1,Mobile,RoundTrip,121,18,9,S,AUHBOM,UAE,0,0,1,3.8,0
2,Mobile,RoundTrip,22,11,15,T,JFKDXB,UAE,0,0,1,8.24,1
2,Internet,OneWay,57,4,19,S,CDGSYD,United Kingdom,0,0,1,14.11,1
4,Mobile,RoundTrip,195,14,17,M,CDGSYD,France,0,1,1,12.97,1
4,Internet,OneWay,349,5,3,S,AUHBOM,USA,0,1,1,14.41,0
1,Internet,RoundTrip,124,13,22,M,AUHBOM,USA,1,1,1,11.25,0
2,Internet,OneWay,199,4,0,M,JFKDXB,UAE,0,1,0,5.31,0
1,Mobile,OneWay,65,1,2,W,LHRBOM,France,1,1,0,11.25,1
1,Internet,RoundTrip,48,9,4,S,CDGSYD,UAE,1,1,1,7.61,1
2,Mobile,OneWay,285,12,16,S,LHRBOM,United Kingdom,1,1,1,11.17,1
4,Internet,RoundTrip,223,4,20,T,JFKDXB,India,0,0,1,8.17,0
1,Mobile,RoundTrip,69,16,12,F,JFKDXB,France,1,0,0,13.08,1
3,Mobile,RoundTrip,183,14,7,S,LHRBOM,USA,1,0,0,9.96,1
2,Mobile,RoundTrip,212,17,10,S,AUHBOM,France,1,0,1,6.93,1
3,Internet,RoundTrip,22,8,15,T,LTNPRG,India,0,0,1,5.48,0
4,Internet,RoundTrip,110,14,4,M,JFKDXB,UAE,1,0,1,11.43,1
4,Internet,OneWay,315,20,5,S,CDGSYD,India,0,0,0,13.41,1
4,Internet,OneWay,133,4,6,M,LHRBOM,India,0,0,0,14.23,0
2,Internet,RoundTrip,259,17,11,S,LHRBOM,France,1,1,1,13.71,0
1,Internet,RoundTrip,221,13,16,W,JFKDXB,UAE,0,0,0,2.35,1
4,Internet,RoundTrip,2,15,12,T,AUHBOM,UAE,0,1,1,9.91,1
4,Internet,RoundTrip,345,13,2,T,AUHBOM,India,1,1,1,11.34,0
4,Internet,OneWay,350,14,5,T,AUHBOM,India,0,0,0,4.83,1
2,Mobile,OneWay,244,16,1,M,JFKDXB,India,1,1,0,6.0,0
2,Internet,RoundTrip,58,1,8,T,CDGSYD,United Kingdom,1,0,0,11.39,0
1,Mobile,RoundTrip,308,1,11,W,AUHBOM,France,1,1,0,14.15,0
2,Mobile,RoundTrip,1,2,6,T,JFKDXB,India,0,1,1,4.55,1
2,Internet,RoundTrip,186,19,1,S,JFKDXB,India,1,1,0,11.7,1
2,Mobile,RoundTrip,156,9,2,S,CDGSYD,India,0,0,1,7.53,1
4,Internet,RoundTrip,254,20,15,T,LTNPRG,France,0,1,1,6.04,1
3,Internet,RoundTrip,52,19,9,S,CDGSYD,USA,0,0,0,5.83,1
1,Internet,RoundTrip,319,7,22,T,AUHBOM,India,0,0,0,12.7,0
3,Internet,OneWay,208,2,12,S,LHRBOM,India,0,0,0,2.75,0
3,Internet,OneWay,95,17,7,S,AUHBOM,UAE,0,1,0,11.73,1
3,Internet,RoundTrip,114,9,2,S,LHRBOM,United Kingdom,1,1,0,5.39,1
4,Mobile,RoundTrip,250,6,16,S,LHRBOM,France,0,0,0,6.11,0
4,Internet,OneWay,68,16,8,F,AUHBOM,France,0,1,1,11.26,1
2,Mobile,RoundTrip,109,10,13,S,CDGSYD,UAE,1,0,0,8.37,1
2,Mobile,OneWay,359,7,10,T,LTNPRG,UAE,0,1,0,2.75,1
1,Internet,RoundTrip,321,8,1,M,AUHBOM,France,0,1,1,12.28,1
4,Internet,OneWay,122,19,21,W,LHRBOM,UAE,1,1,0,7.91,0
4,Mobile,RoundTrip,203,7,2,F,JFKDXB,USA,0,1,1,7.11,1
3,Internet,OneWay,151,19,14,M,AUHBOM,France,0,0,0,9.2,1
1,Internet,RoundTrip,74,12,3,S,CDGSYD,France,1,0,1,10.75,1
3,Internet,OneWay,108,2,21,S,JFKDXB,USA,1,0,0,14.31,0
4,Mobile,RoundTrip,40,3,6,T,AUHBOM,United Kingdom,1,1,1,2.84,0
1,Internet,RoundTrip,305,13,12,S,AUHBOM,France,0,0,1,10.77,0
3,Internet,OneWay,90,3,1,S,LTNPRG,United Kingdom,1,0,0,4.01,1
3,Internet,RoundTrip,72,3,18,W,LHRBOM,UAE,0,0,1,2.05,0
3,Internet,RoundTrip,233,10,5,S,CDGSYD,United Kingdom,0,0,0,12.76,0
3,Internet,RoundTrip,47,9,2,T,LHRBOM,United Kingdom,1,1,1,14.39,0
4,Mobile,OneWay,349,19,6,T,LHRBOM,United Kingdom,1,1,1,5.99,1
1,Mobile,OneWay,321,18,12,F,AUHBOM,India,0,0,1,7.98,0
3,Internet,RoundTrip,151,19,7,S,LHRBOM,United Kingdom,1,0,0,9.65,0
4,Internet,OneWay,67,2,8,F,LTNPRG,UAE,1,1,1,9.85,1
4,Internet,OneWay,52,17,1,T,AUHBOM,United Kingdom,1,1,1,12.84,0
2,Internet,RoundTrip,313,19,16,F,JFKDXB,USA,1,0,1,6.47,1
4,Internet,RoundTrip,161,13,7,S,LTNPRG,USA,1,1,0,9.91,0
2,Internet,RoundTrip,211,20,20,T,JFKDXB,UAE,0,0,1,3.13,1
2,Internet,RoundTrip,46,17,9,T,AUHBOM,France,0,1,0,12.69,1
4,Internet,RoundTrip,300,14,16,F,AUHBOM,United Kingdom,0,0,1,10.63,0
2,Internet,RoundTrip,189,9,7,T,LTNPRG,United Kingdom,0,0,0,9.8,0
2,Internet,OneWay,26,8,2,S,LTNPRG,India,0,0,1,2.75,0
3,Internet,RoundTrip,28,8,14,M,AUHBOM,France,1,0,0,2.65,0
3,Mobile,RoundTrip,351,6,14,M,LTNPRG,UAE,0,0,1,3.1,0
4,Mobile,RoundTrip,21,12,22,W,LHRBOM,France,1,0,1,5.01,1
3,Mobile,RoundTrip,110,9,17,F,JFKDXB,UAE,0,1,1,7.56,1
1,Mobile,OneWay,5,6,14,M,LTNPRG,USA,0,1,0,7.68,1
1,Internet,RoundTrip,22,4,0,W,CDGSYD,UAE,0,1,1,4.04,0
4,Mobile,OneWay,296,11,19,T,LTNPRG,India,0,0,0,7.77,0
2,Internet,RoundTrip,279,1,3,S,JFKDXB,UAE,1,1,1,8.71,1
1,Internet,RoundTrip,121,8,16,S,CDGSYD,UAE,1,1,0,3.3,1
1,Internet,RoundTrip,65,2,15,S,JFKDXB,India,1,0,0,3.62,0
1,Internet,RoundTrip,91,7,18,W,AUHBOM,UAE,1,0,0,11.67,1
1,Internet,RoundTrip,128,14,7,F,LHRBOM,India,0,1,1,14.97,1
4,Internet,RoundTrip,283,13,11,W,LTNPRG,India,1,0,0,4.42,0
3,Mobile,RoundTrip,217,1,1,W,CDGSYD,India,0,1,1,8.03,0
3,Mobile,RoundTrip,162,15,8,T,CDGSYD,United Kingdom,1,1,0,4.44,0
1,Internet,RoundTrip,25,7,20,S,LHRBOM,India,0,1,1,2.77,1
3,Internet,RoundTrip,43,10,4,S,AUHBOM,USA,1,0,0,4.34,0
4,Mobile,RoundTrip,74,14,21,T,CDGSYD,United Kingdom,1,1,0,6.68,0
4,Internet,RoundTrip,78,1,1,W,CDGSYD,UAE,1,0,0,9.13,0
2,Internet,OneWay,179,4,8,T,CDGSYD,United Kingdom,0,1,1,8.81,0
3,Internet,OneWay,315,4,8,S,JFKDXB,UAE,0,1,1,7.85,0
2,Internet,RoundTrip,154,7,22,W,AUHBOM,France,1,1,1,6.67,0
4,Internet,RoundTrip,120,1,12,M,CDGSYD,United Kingdom,0,0,0,6.98,1
4,Mobile,RoundTrip,203,1,19,T,CDGSYD,UAE,0,0,0,2.03,0
1,Mobile,RoundTrip,28,11,19,W,LTNPRG,United Kingdom,1,1,0,4.9,0
2,Internet,OneWay,266,3,12,S,CDGSYD,France,1,1,0,4.26,1
1,Internet,OneWay,21,9,16,F,LTNPRG,India,1,0,1,9.58,1
3,Mobile,RoundTrip,129,5,17,T,JFKDXB,United Kingdom,0,1,1,7.81,0
2,Internet,RoundTrip,347,20,11,F,LHRBOM,UAE,1,1,1,4.85,0
3,Internet,RoundTrip,148,3,21,S,AUHBOM,USA,0,0,0,3.71,0
4,Internet,RoundTrip,273,10,9,T,LTNPRG,USA,1,0,1,10.79,0
4,Internet,RoundTrip,100,10,16,S,AUHBOM,USA,0,0,1,13.7,1
1,Internet,RoundTrip,311,15,8,F,LHRBOM,India,0,1,1,5.32,0
1,Internet,RoundTrip,124,3,7,F,LHRBOM,India,1,1,1,9.99,1
4,Internet,RoundTrip,83,20,8,M,AUHBOM,France,0,0,1,4.1,0
1,Internet,RoundTrip,19,7,4,M,LHRBOM,UAE,0,0,0,5.14,1
2,Internet,RoundTrip,112,1,18,T,LTNPRG,France,1,1,1,4.38,0
4,Internet,RoundTrip,212,15,9,W,LTNPRG,France,0,1,0,9.05,0
2,Mobile,RoundTrip,24,11,15,W,JFKDXB,France,0,1,0,2.55,1
1,Internet,RoundTrip,63,14,4,S,AUHBOM,USA,0,0,1,8.05,0
4,Internet,RoundTrip,127,19,15,T,JFKDXB,UAE,1,0,0,13.71,1
3,Internet,OneWay,261,8,0,W,LTNPRG,USA,1,0,1,3.82,0
2,Mobile,RoundTrip,218,19,14,M,LTNPRG,India,1,1,0,9.68,0
3,Internet,RoundTrip,16,19,10,M,LHRBOM,France,0,1,1,2.54,0
3,Mobile,RoundTrip,14,11,2,W,JFKDXB,France,1,1,0,9.16,0
3,Internet,RoundTrip,22,16,7,S,JFKDXB,United Kingdom,0,0,1,12.31,0
4,Internet,RoundTrip,121,1,0,F,LHRBOM,USA,0,1,1,4.53,1
4,Internet,OneWay,104,13,2,F,JFKDXB,USA,0,1,0,6.98,0
2,Internet,OneWay,43,2,18,S,LTNPRG,USA,0,1,1,7.42,1
4,Mobile,RoundTrip,160,9,20,F,LHRBOM,France,0,1,1,13.21,1
4,Mobile,RoundTrip,216,15,19,T,CDGSYD,United Kingdom,1,0,0,2.55,0
1,Internet,OneWay,253,2,2,W,LHRBOM,France,1,1,0,6.12,0
2,Mobile,RoundTrip,363,9,13,M,AUHBOM,United Kingdom,1,0,0,3.26,0
3,Internet,RoundTrip,252,9,14,W,LTNPRG,United Kingdom,0,0,1,10.57,1
4,Internet,OneWay,359,5,7,T,LTNPRG,USA,0,0,1,8.67,0
3,Internet,RoundTrip,355,11,13,T,LTNPRG,France,0,1,1,8.93,1
3,Internet,RoundTrip,309,17,6,M,LTNPRG,France,1,1,1,4.28,0
2,Mobile,RoundTrip,128,20,22,F,CDGSYD,United Kingdom,1,0,0,6.82,0
1,Internet,RoundTrip,16,19,5,T,CDGSYD,France,1,1,0,13.37,1
4,Internet,OneWay,22,20,5,S,CDGSYD,USA,1,1,1,10.04,1
3,Internet,RoundTrip,317,5,17,S,JFKDXB,India,0,0,0,13.2,1
2,Internet,RoundTrip,314,3,5,S,CDGSYD,USA,1,1,1,10.19,1
4,Internet,RoundTrip,113,4,20,T,LTNPRG,UAE,1,1,1,9.46,0
1,Internet,RoundTrip,266,20,14,F,AUHBOM,India,0,0,1,13.68,1
2,Internet,RoundTrip,166,5,20,S,JFKDXB,UAE,0,0,1,8.51,0
4,Internet,RoundTrip,25,16,12,T,LTNPRG,UAE,1,1,0,11.33,0
2,Internet,RoundTrip,239,9,22,T,LTNPRG,USA,0,1,0,3.55,0
4,Internet,RoundTrip,31,14,18,F,LHRBOM,UAE,1,1,1,4.4,0
4,Internet,OneWay,48,16,18,M,CDGSYD,USA,0,1,1,7.91,1
1,Mobile,RoundTrip,174,19,3,T,LHRBOM,UAE,0,0,0,6.46,1
2,Mobile,OneWay,26,2,18,S,JFKDXB,France,0,0,0,5.04,1
4,Internet,RoundTrip,125,7,6,S,LTNPRG,United Kingdom,0,0,0,6.29,1
2,Mobile,RoundTrip,275,3,19,S,LTNPRG,UAE,1,1,0,10.89,1
1,Internet,OneWay,218,8,0,F,AUHBOM,UAE,0,0,0,10.35,1
1,Internet,OneWay,21,8,1,W,CDGSYD,India,0,0,1,3.52,1
1,Mobile,RoundTrip,80,18,16,T,LTNPRG,India,1,1,1,14.8,1
1,Mobile,RoundTrip,362,15,1,T,LTNPRG,United Kingdom,1,0,1,11.09,0
2,Mobile,OneWay,350,3,7,T,LHRBOM,India,1,0,0,4.9,1
2,Internet,RoundTrip,335,9,10,W,JFKDXB,India,1,0,0,3.13,0
4,Internet,RoundTrip,187,15,5,T,LTNPRG,India,1,0,1,13.56,1
3,Internet,RoundTrip,157,15,16,S,LHRBOM,India,0,1,1,6.72,0
1,Internet,OneWay,274,17,13,T,LHRBOM,USA,1,1,1,4.99,1
1,Internet,RoundTrip,349,5,15,T,LHRBOM,USA,1,0,0,5.66,0
1,Internet,RoundTrip,46,18,5,S,CDGSYD,United Kingdom,0,1,1,5.49,0
2,Internet,OneWay,326,19,0,S,JFKDXB,USA,1,0,0,12.09,1
3,Internet,RoundTrip,225,5,1,S,CDGSYD,France,0,1,0,10.38,0
1,Internet,OneWay,52,14,5,S,CDGSYD,India,1,1,1,6.51,1
2,Internet,RoundTrip,315,14,5,T,CDGSYD,UAE,0,0,1,6.3,0
2,Internet,RoundTrip,12,18,14,S,AUHBOM,India,0,0,0,14.44,1
1,Internet,RoundTrip,9,2,19,S,JFKDXB,United Kingdom,1,0,1,10.37,0
1,Internet,RoundTrip,134,5,6,T,CDGSYD,India,0,1,1,11.41,1
1,Internet,RoundTrip,197,18,13,M,LTNPRG,United Kingdom,1,1,1,5.87,1
1,Internet,OneWay,156,1,21,T,JFKDXB,UAE,1,1,1,14.87,0
4,Mobile,RoundTrip,90,10,10,F,CDGSYD,France,0,1,1,11.7,1
4,Internet,RoundTrip,240,6,4,T,AUHBOM,France,0,0,0,5.12,0
3,Internet,RoundTrip,175,13,11,W,LTNPRG,India,1,0,0,13.99,1
4,Internet,RoundTrip,44,10,1,S,CDGSYD,France,1,0,1,7.05,0
4,Mobile,RoundTrip,298,18,22,F,JFKDXB,UAE,1,0,0,2.88,0
4,Mobile,RoundTrip,113,2,21,T,LHRBOM,UAE,1,1,1,6.88,0
1,Internet,RoundTrip,252,11,0,S,AUHBOM,France,0,0,0,12.53,0
4,Internet,RoundTrip,128,11,6,S,AUHBOM,USA,0,0,0,7.63,0
2,Internet,RoundTrip,275,11,3,M,LHRBOM,India,0,1,0,8.77,1
3,Mobile,RoundTrip,103,2,20,M,AUHBOM,UAE,1,0,0,8.27,0
4,Internet,RoundTrip,78,10,19,F,LHRBOM,USA,1,0,0,14.42,0
2,Internet,RoundTrip,28,18,7,M,JFKDXB,France,1,0,1,2.57,1
2,Mobile,OneWay,304,13,12,F,AUHBOM,UAE,1,0,1,5.57,0
1,Mobile,RoundTrip,263,3,14,T,JFKDXB,USA,0,0,0,12.12,0
1,Internet,RoundTrip,224,15,22,S,AUHBOM,UAE,0,1,0,2.78,0
1,Internet,OneWay,222,19,18,M,AUHBOM,UAE,1,0,0,6.5,1
2,Internet,RoundTrip,26,17,15,S,LTNPRG,UAE,1,0,1,13.28,1
4,Internet,OneWay,150,2,10,M,CDGSYD,France,0,1,0,3.29,1
2,Internet,RoundTrip,315,1,16,T,AUHBOM,UAE,0,1,0,4.14,1
3,Mobile,OneWay,106,4,14,S,JFKDXB,India,0,1,1,6.24,1
1,Mobile,OneWay,21,7,13,M,LHRBOM,France,0,0,0,11.37,1
3,Internet,OneWay,306,19,4,S,AUHBOM,India,0,1,0,6.78,1
4,Internet,RoundTrip,11,9,0,F,CDGSYD,United Kingdom,1,0,0,12.77,0
2,Internet,OneWay,251,20,11,S,JFKDXB,France,0,1,1,2.06,0
2,Internet,RoundTrip,304,2,20,T,JFKDXB,United Kingdom,1,0,0,2.84,0
4,Mobile,RoundTrip,272,16,22,W,LTNPRG,France,1,0,1,12.93,1
3,Internet,RoundTrip,5,16,12,S,AUHBOM,UAE,1,0,1,6.99,0
2,Internet,RoundTrip,327,20,22,T,AUHBOM,USA,1,1,1,8.55,0
1,Internet,OneWay,33,11,0,S,CDGSYD,USA,0,1,0,13.78,1
4,Internet,OneWay,310,13,18,T,LHRBOM,UAE,1,1,1,3.74,0
3,Internet,RoundTrip,7,1,4,S,LHRBOM,UAE,0,0,0,10.16,0
1,Mobile,RoundTrip,179,18,8,M,JFKDXB,United Kingdom,1,0,1,11.7,1
3,Mobile,RoundTrip,321,13,8,W,JFKDXB,UAE,1,0,0,7.99,0
4,Internet,RoundTrip,96,15,5,S,LTNPRG,United Kingdom,0,0,1,5.23,1
4,Mobile,OneWay,17,7,6,T,JFKDXB,United Kingdom,0,0,1,2.26,1
1,Internet,RoundTrip,33,2,12,M,CDGSYD,India,1,0,0,9.44,1
2,Mobile,OneWay,136,15,0,S,JFKDXB,France,1,1,1,4.43,1
4,Internet,RoundTrip,132,15,4,F,LTNPRG,UAE,0,1,0,5.17,1
4,Internet,RoundTrip,79,4,6,T,LHRBOM,USA,0,1,0,6.37,1
3,Mobile,RoundTrip,167,17,2,S,AUHBOM,UAE,1,0,1,9.61,0
2,Internet,RoundTrip,125,1,20,F,JFKDXB,USA,0,0,0,13.51,1
4,Internet,OneWay,215,14,10,F,CDGSYD,India,0,1,0,11.67,1
3,Internet,OneWay,106,2,13,F,CDGSYD,USA,0,1,1,9.22,1
3,Internet,OneWay,115,16,13,T,JFKDXB,USA,1,0,1,3.32,1
4,Internet,OneWay,324,9,7,M,CDGSYD,France,0,0,0,4.37,1
2,Internet,RoundTrip,286,7,6,F,LHRBOM,India,1,1,0,5.49,1
3,Mobile,RoundTrip,280,15,2,S,LTNPRG,UAE,0,0,0,9.73,0
1,Internet,OneWay,139,17,18,S,LHRBOM,United Kingdom,0,1,0,10.83,1
3,Internet,RoundTrip,323,13,17,M,JFKDXB,USA,0,1,0,5.77,1
3,Internet,OneWay,125,15,15,M,LHRBOM,UAE,1,0,0,9.28,1
4,Mobile,RoundTrip,263,1,16,S,LTNPRG,United Kingdom,1,0,1,11.58,0
2,Internet,OneWay,274,17,18,T,LTNPRG,India,0,0,1,9.49,0
4,Internet,RoundTrip,121,12,0,T,JFKDXB,France,0,0,0,14.62,0
3,Internet,OneWay,225,4,15,T,LHRBOM,UAE,1,0,1,4.59,0
1,Internet,RoundTrip,68,10,22,T,LHRBOM,India,1,0,1,10.65,1
1,Mobile,RoundTrip,140,13,19,S,LTNPRG,India,0,1,1,2.63,0
1,Internet,OneWay,193,16,6,S,LTNPRG,USA,0,1,1,2.87,1
2,Mobile,RoundTrip,243,11,13,T,LTNPRG,France,1,0,1,2.04,0
3,Internet,RoundTrip,130,6,6,S,LTNPRG,India,0,1,0,6.13,0
4,Internet,RoundTrip,260,6,2,F,AUHBOM,India,1,1,0,2.38,1
4,Internet,RoundTrip,235,15,6,T,JFKDXB,India,1,0,0,13.25,1
3,Internet,RoundTrip,315,18,7,T,CDGSYD,USA,1,0,1,8.55,1
2,Internet,RoundTrip,15,13,22,M,LHRBOM,USA,1,0,1,11.25,0
3,Internet,RoundTrip,187,16,10,T,AUHBOM,UAE,0,1,1,11.07,1
2,Internet,RoundTrip,260,13,19,T,AUHBOM,UAE,0,0,1,13.58,0
1,Internet,OneWay,154,10,21,T,CDGSYD,USA,1,0,0,3.33,0
3,Internet,RoundTrip,110,9,14,F,AUHBOM,India,0,0,1,2.57,1
4,Internet,RoundTrip,212,10,11,W,LHRBOM,USA,1,1,1,11.27,0
1,Internet,RoundTrip,169,1,11,T,JFKDXB,United Kingdom,1,0,1,12.68,0
1,Internet,RoundTrip,157,12,18,T,LTNPRG,France,0,0,0,2.15,1
1,Internet,OneWay,357,4,7,T,LHRBOM,France,0,1,0,9.03,0
1,Internet,RoundTrip,154,19,10,S,CDGSYD,France,0,0,1,7.19,0
1,Internet,RoundTrip,79,17,7,T,LHRBOM,United Kingdom,0,0,1,13.85,0
1,Internet,RoundTrip,7,10,5,F,JFKDXB,India,1,0,1,11.07,1
1,Internet,OneWay,43,13,7,S,JFKDXB,USA,0,0,1,14.75,1
2,Internet,RoundTrip,196,1,2,F,JFKDXB,UAE,0,0,1,6.57,1
3,Internet,RoundTrip,77,12,19,S,AUHBOM,France,0,1,1,3.83,0
1,Internet,RoundTrip,40,18,19,T,LTNPRG,United Kingdom,1,1,0,11.7,1
2,Internet,OneWay,128,11,15,M,JFKDXB,USA,1,0,0,11.76,1
4,Mobile,RoundTrip,88,18,17,F,JFKDXB,India,0,0,0,7.47,1
1,Internet,RoundTrip,196,2,9,F,LHRBOM,India,0,1,1,4.48,0
4,Mobile,OneWay,21,20,12,T,JFKDXB,USA,0,0,0,3.01,0
3,Internet,RoundTrip,357,7,22,T,AUHBOM,India,0,0,0,10.33,0
3,Internet,RoundTrip,332,1,1,M,LHRBOM,United Kingdom,0,1,1,4.58,0
2,Internet,RoundTrip,317,13,4,T,JFKDXB,India,1,1,0,2.97,1
2,Internet,OneWay,63,13,18,S,JFKDXB,France,1,1,0,10.28,0
2,Mobile,RoundTrip,261,3,1,T,LHRBOM,United Kingdom,0,1,0,10.11,0
1,Internet,RoundTrip,5,7,17,F,JFKDXB,United Kingdom,1,0,0,8.9,1
2,Mobile,OneWay,263,19,8,S,AUHBOM,USA,1,1,1,11.83,0
4,Internet,RoundTrip,291,4,16,S,LTNPRG,United Kingdom,1,0,0,6.64,0
1,Mobile,RoundTrip,104,2,22,S,JFKDXB,France,0,0,1,8.72,1
3,Mobile,RoundTrip,169,17,13,T,LHRBOM,India,0,1,1,14.4,1
3,Internet,RoundTrip,338,14,0,T,AUHBOM,USA,0,0,0,5.5,0
1,Internet,RoundTrip,73,10,12,W,JFKDXB,USA,0,0,1,3.63,0
1,Internet,RoundTrip,197,7,1,M,JFKDXB,France,1,0,1,6.99,0
3,Internet,OneWay,111,18,21,M,JFKDXB,France,1,1,0,8.55,0
1,Mobile,RoundTrip,60,18,7,F,CDGSYD,France,1,1,0,12.47,1
4,Internet,OneWay,249,1,21,W,AUHBOM,USA,0,1,1,8.33,1
1,Internet,RoundTrip,346,17,22,S,LTNPRG,UAE,0,1,1,10.56,0
1,Internet,RoundTrip,206,10,7,S,CDGSYD,UAE,1,1,0,9.79,0
2,Internet,OneWay,185,7,7,F,LHRBOM,UAE,0,0,0,7.88,0
2,Mobile,RoundTrip,195,7,20,S,JFKDXB,France,0,0,1,12.38,0
1,Internet,RoundTrip,57,10,15,T,LTNPRG,India,0,0,0,3.54,1
3,Mobile,RoundTrip,74,12,11,F,CDGSYD,United Kingdom,1,1,0,11.79,0
2,Mobile,RoundTrip,268,20,19,S,CDGSYD,United Kingdom,0,0,0,10.14,1
3,Internet,RoundTrip,214,1,5,T,LTNPRG,India,0,1,1,14.29,1
1,Internet,RoundTrip,86,13,15,T,CDGSYD,United Kingdom,0,0,0,5.77,0
1,Internet,OneWay,8,2,7,S,LHRBOM,USA,1,1,0,4.23,1
1,Internet,RoundTrip,69,1,2,T,LHRBOM,United Kingdom,1,1,0,5.77,1
1,Internet,RoundTrip,184,7,8,S,LHRBOM,USA,0,1,1,5.15,1
4,Mobile,RoundTrip,98,16,3,M,AUHBOM,India,1,0,0,13.2,1
2,Internet,RoundTrip,267,7,22,W,LHRBOM,USA,1,1,0,10.35,1
2,Mobile,RoundTrip,211,8,5,M,AUHBOM,India,1,1,0,8.6,0
3,Mobile,RoundTrip,54,19,21,S,LTNPRG,UAE,0,0,1,11.71,0
1,Mobile,RoundTrip,107,6,18,F,CDGSYD,United Kingdom,0,0,0,2.8,1
3,Internet,RoundTrip,13,16,8,T,CDGSYD,India,1,1,1,6.92,0
3,Internet,OneWay,15,17,18,S,CDGSYD,United Kingdom,1,1,0,6.51,1
4,Internet,RoundTrip,274,13,1,T,JFKDXB,France,0,1,1,13.97,1
1,Internet,RoundTrip,142,20,3,S,LTNPRG,USA,0,1,0,6.23,1
1,Internet,OneWay,321,20,18,F,LTNPRG,France,0,0,0,5.91,0
4,Internet,OneWay,86,2,8,S,JFKDXB,India,1,1,0,14.22,0
2,Internet,OneWay,118,4,3,T,LTNPRG,France,0,0,1,12.75,1
1,Internet,RoundTrip,187,8,3,T,JFKDXB,USA,0,1,0,11.61,1
3,Internet,OneWay,103,14,18,T,LTNPRG,France,1,0,1,2.73,0
2,Internet,RoundTrip,168,6,10,F,JFKDXB,UAE,1,1,1,5.22,1
4,Internet,RoundTrip,45,13,10,W,AUHBOM,USA,0,0,0,4.57,1
4,Mobile,OneWay,29,18,8,F,LTNPRG,India,0,1,0,13.04,0
3,Internet,RoundTrip,314,1,2,M,JFKDXB,USA,0,0,1,14.15,0
1,Mobile,OneWay,90,18,22,W,JFKDXB,UAE,1,0,0,10.8,0
3,Mobile,OneWay,38,10,4,T,LHRBOM,UAE,1,0,1,13.11,1
1,Internet,RoundTrip,103,19,8,M,LHRBOM,France,0,0,0,8.23,1
4,Internet,RoundTrip,153,14,18,M,AUHBOM,India,0,0,1,3.76,1
3,Internet,OneWay,177,1,1,S,LTNPRG,France,1,1,0,11.6,1
2,Internet,RoundTrip,279,19,13,T,JFKDXB,UAE,0,1,1,13.48,0
4,Internet,RoundTrip,300,2,11,M,LTNPRG,UAE,0,1,0,13.25,0
3,Internet,RoundTrip,107,6,16,M,LTNPRG,India,1,0,1,4.67,0
2,Mobile,OneWay,80,12,20,S,CDGSYD,United Kingdom,0,1,0,14.48,0
1,Mobile,OneWay,46,19,2,T,JFKDXB,India,0,1,1,7.74,0
3,Mobile,RoundTrip,58,4,8,S,JFKDXB,United Kingdom,1,1,0,8.42,0
2,Internet,RoundTrip,11,11,8,T,LHRBOM,United Kingdom,1,1,0,8.44,1
1,Internet,OneWay,1,3,18,M,LHRBOM,United Kingdom,1,0,0,4.92,1
1,Mobile,RoundTrip,153,7,10,S,LHRBOM,UAE,0,1,1,8.38,1
3,Internet,RoundTrip,221,6,9,M,AUHBOM,USA,1,1,1,9.53,1
4,Internet,RoundTrip,299,9,6,S,CDGSYD,UAE,1,0,0,14.16,0
2,Internet,OneWay,119,15,13,S,JFKDXB,United Kingdom,0,1,0,14.48,1
1,Internet,RoundTrip,106,15,14,S,LTNPRG,France,1,1,0,4.91,0
3,Internet,RoundTrip,244,14,11,T,LTNPRG,United Kingdom,1,0,1,3.8,1
1,Internet,RoundTrip,232,1,14,S,CDGSYD,USA,0,0,1,4.74,0
1,Internet,RoundTrip,252,16,20,F,CDGSYD,India,1,0,1,6.0,1
3,Internet,RoundTrip,62,13,19,M,CDGSYD,United Kingdom,0,1,0,9.02,1
3,Internet,RoundTrip,17,2,13,W,CDGSYD,USA,0,1,0,7.88,1
1,Internet,RoundTrip,199,19,21,M,CDGSYD,United Kingdom,0,0,0,2.12,0
1,Internet,OneWay,153,16,8,S,CDGSYD,United Kingdom,0,1,1,2.64,1
1,Mobile,RoundTrip,95,14,0,W,AUHBOM,United Kingdom,1,1,1,11.49,1
3,Internet,OneWay,353,10,17,T,LHRBOM,United Kingdom,0,0,1,12.7,1
3,Internet,RoundTrip,58,16,17,S,AUHBOM,UAE,1,1,1,12.23,0
3,Mobile,RoundTrip,101,7,1,T,CDGSYD,United Kingdom,1,1,1,2.06,0
1,Internet,OneWay,273,15,7,S,LHRBOM,United Kingdom,1,1,1,8.01,0
4,Mobile,RoundTrip,193,13,6,S,JFKDXB,United Kingdom,0,0,1,14.15,0
1,Internet,RoundTrip,85,13,12,T,LTNPRG,UAE,0,0,0,14.92,1
4,Internet,RoundTrip,196,16,6,S,JFKDXB,United Kingdom,0,0,0,14.74,1
4,Internet,RoundTrip,153,4,17,T,LHRBOM,UAE,0,1,1,13.41,1
2,Internet,RoundTrip,95,3,13,F,CDGSYD,USA,1,0,0,10.3,1
4,Mobile,OneWay,245,12,19,T,AUHBOM,United Kingdom,1,1,1,13.38,0
3,Mobile,OneWay,284,17,19,S,LTNPRG,France,1,0,1,13.83,1
4,Mobile,RoundTrip,25,6,6,T,LTNPRG,India,1,0,1,9.52,1
1,Mobile,OneWay,2,12,12,S,CDGSYD,UAE,0,0,1,3.75,1
1,Internet,RoundTrip,329,20,14,T,LTNPRG,United Kingdom,0,0,1,4.28,0
4,Mobile,RoundTrip,83,13,10,S,AUHBOM,United Kingdom,1,1,0,10.91,0
4,Internet,RoundTrip,32,2,22,S,JFKDXB,USA,1,0,0,10.27,1
3,Mobile,OneWay,216,18,1,S,LHRBOM,United Kingdom,1,0,0,7.43,1
2,Internet,RoundTrip,118,20,21,T,LTNPRG,India,0,0,0,3.45,1
2,Internet,OneWay,334,15,22,T,LTNPRG,United Kingdom,0,1,1,4.86,0
2,Mobile,RoundTrip,350,13,8,M,AUHBOM,India,1,0,1,14.97,0
2,Mobile,RoundTrip,4,12,6,S,CDGSYD,France,1,1,1,2.11,0
3,Internet,OneWay,70,13,0,F,AUHBOM,France,0,0,0,12.81,1
4,Internet,OneWay,219,7,2,S,AUHBOM,India,1,1,1,9.98,0
2,Internet,OneWay,123,13,5,W,AUHBOM,UAE,0,0,1,2.54,0
4,Mobile,RoundTrip,2,11,19,F,LTNPRG,UAE,0,1,0,7.52,0
1,Internet,RoundTrip,169,16,17,M,CDGSYD,UAE,1,1,0,12.59,1
4,Internet,RoundTrip,227,17,20,F,CDGSYD,UAE,0,1,0,10.02,0
3,Internet,OneWay,361,15,7,S,JFKDXB,USA,0,1,0,14.04,0
3,Internet,RoundTrip,150,20,6,F,LTNPRG,United Kingdom,0,1,1,14.5,0
2,Internet,RoundTrip,288,9,18,S,JFKDXB,France,1,1,1,12.75,0
2,Internet,RoundTrip,159,16,12,T,AUHBOM,United Kingdom,0,0,0,11.43,1
2,Mobile,RoundTrip,245,7,1,T,LHRBOM,USA,0,1,0,3.41,0
4,Mobile,RoundTrip,353,16,18,T,JFKDXB,USA,1,1,0,11.95,0
1,Mobile,OneWay,296,6,2,T,LHRBOM,USA,0,0,0,10.28,0
3,Internet,RoundTrip,249,14,0,F,CDGSYD,USA,0,1,1,6.93,0
4,Internet,RoundTrip,302,1,21,W,CDGSYD,India,1,0,0,12.24,0
3,Mobile,OneWay,72,16,22,W,LHRBOM,United Kingdom,0,1,0,7.77,0
3,Mobile,RoundTrip,290,6,16,T,JFKDXB,USA,1,0,1,11.14,0
3,Internet,RoundTrip,364,5,7,T,JFKDXB,UAE,1,1,1,11.22,1
3,Internet,RoundTrip,355,7,3,S,JFKDXB,UAE,1,1,0,11.9,0
3,Mobile,RoundTrip,94,9,11,S,AUHBOM,France,1,0,0,6.52,1
4,Internet,RoundTrip,156,3,11,M,LHRBOM,United Kingdom,1,1,0,4.4,1
3,Mobile,RoundTrip,250,12,1,M,AUHBOM,India,1,0,0,11.46,1
4,Internet,RoundTrip,27,3,15,S,JFKDXB,UAE,1,0,0,7.16,0
3,Internet,OneWay,248,11,1,S,JFKDXB,United Kingdom,0,0,0,14.66,1
4,Internet,RoundTrip,101,8,11,T,JFKDXB,France,1,0,1,14.96,1
4,Internet,RoundTrip,310,12,2,T,JFKDXB,USA,0,0,0,14.28,0
1,Mobile,OneWay,224,4,1,S,JFKDXB,India,0,1,0,8.11,0
4,Internet,OneWay,146,20,7,S,CDGSYD,France,1,1,0,14.29,1
3,Internet,RoundTrip,19,1,13,W,AUHBOM,UAE,1,0,1,2.49,1
2,Mobile,RoundTrip,254,18,21,T,JFKDXB,UAE,0,1,0,10.4,1
4,Mobile,RoundTrip,196,8,1,S,JFKDXB,United Kingdom,0,0,1,14.71,0
1,Mobile,RoundTrip,228,17,11,M,JFKDXB,USA,0,1,0,2.16,0
3,Internet,RoundTrip,7,12,17,M,JFKDXB,France,0,0,1,11.89,1
3,Mobile,RoundTrip,159,17,7,F,LTNPRG,France,0,1,1,9.72,0
4,Internet,RoundTrip,276,12,18,W,LTNPRG,United Kingdom,0,1,0,2.89,0
3,Internet,RoundTrip,334,16,10,T,LTNPRG,UAE,1,1,1,4.75,1
3,Internet,RoundTrip,128,14,0,T,LTNPRG,France,0,1,0,3.76,0
3,Internet,OneWay,92,14,6,S,CDGSYD,France,1,1,0,11.67,0
3,Mobile,RoundTrip,258,12,9,T,LTNPRG,UAE,0,0,0,12.17,0
4,Internet,RoundTrip,82,6,14,F,JFKDXB,India,0,0,0,14.65,0
4,Internet,RoundTrip,324,17,3,S,LHRBOM,India,0,0,1,12.05,1
1,Mobile,RoundTrip,230,18,11,T,LTNPRG,United Kingdom,1,1,1,12.17,0
3,Internet,OneWay,337,15,18,W,LHRBOM,UAE,1,1,1,7.71,1
2,Internet,OneWay,70,6,8,S,AUHBOM,USA,1,0,1,4.0,0
1,Mobile,OneWay,31,9,4,M,LTNPRG,USA,1,1,0,7.5,0
4,Mobile,RoundTrip,303,15,15,W,JFKDXB,United Kingdom,1,0,1,3.37,0
4,Mobile,OneWay,106,4,14,T,LTNPRG,India,1,1,0,13.01,0
4,Mobile,RoundTrip,124,3,9,T,JFKDXB,UAE,1,0,1,7.78,1
2,Mobile,RoundTrip,98,9,19,F,AUHBOM,USA,1,1,1,12.32,0
2,Mobile,RoundTrip,154,11,18,S,LHRBOM,USA,1,1,0,14.39,0
4,Internet,OneWay,328,18,2,T,JFKDXB,USA,1,0,1,6.59,0
1,Internet,OneWay,249,7,13,W,AUHBOM,India,1,0,1,4.7,1
1,Internet,RoundTrip,27,5,14,F,AUHBOM,UAE,1,1,0,5.19,0
2,Mobile,OneWay,323,15,4,T,AUHBOM,United Kingdom,1,1,1,11.66,1
3,Internet,OneWay,161,18,4,S,LHRBOM,USA,0,0,0,5.14,0
2,Mobile,OneWay,252,18,3,F,JFKDXB,France,0,0,0,6.35,1
1,Internet,RoundTrip,134,13,7,M,LHRBOM,India,0,1,1,9.94,0
3,Internet,OneWay,35,1,5,W,CDGSYD,United Kingdom,1,0,0,7.8,1
4,Internet,OneWay,153,14,16,W,LHRBOM,India,0,0,0,4.77,0
2,Internet,RoundTrip,124,3,21,W,LHRBOM,United Kingdom,0,1,0,8.27,0
2,Internet,RoundTrip,7,16,10,S,CDGSYD,France,0,1,0,7.78,1
2,Internet,OneWay,274,19,18,M,LHRBOM,USA,1,0,0,10.51,0
2,Mobile,OneWay,314,13,11,S,CDGSYD,France,0,1,0,7.25,0
3,Internet,RoundTrip,331,5,22,T,LHRBOM,USA,0,1,0,12.51,1
2,Internet,OneWay,89,6,8,T,AUHBOM,France,0,0,1,5.07,0
3,Internet,RoundTrip,231,15,17,W,LTNPRG,India,0,1,1,8.57,1
1,Internet,RoundTrip,194,16,19,M,CDGSYD,France,1,1,0,12.42,0
3,Internet,RoundTrip,218,17,21,M,AUHBOM,India,0,0,0,5.49,0
1,Mobile,RoundTrip,291,3,9,W,LHRBOM,UAE,1,0,1,5.08,0
2,Mobile,RoundTrip,139,15,8,S,LHRBOM,France,0,0,0,9.45,0
4,Internet,RoundTrip,101,20,0,W,CDGSYD,UAE,1,1,0,9.01,1
2,Internet,RoundTrip,175,1,14,S,LHRBOM,UAE,1,1,1,14.38,0
3,Internet,RoundTrip,243,9,12,S,LHRBOM,India,0,0,0,12.47,0
2,Internet,RoundTrip,158,15,9,T,CDGSYD,India,0,0,1,5.99,0
4,Mobile,RoundTrip,111,11,4,S,CDGSYD,India,1,1,1,3.85,0
4,Internet,RoundTrip,21,20,19,F,LHRBOM,USA,1,0,0,5.26,0
4,Mobile,RoundTrip,209,14,22,T,AUHBOM,India,1,1,1,7.26,0
2,Internet,RoundTrip,8,8,22,T,AUHBOM,France,1,1,1,3.17,1
2,Internet,RoundTrip,172,13,10,S,CDGSYD,France,1,0,0,5.47,1
3,Internet,RoundTrip,225,15,17,M,LTNPRG,USA,1,1,1,12.43,0
4,Internet,OneWay,168,16,19,M,JFKDXB,UAE,1,1,1,9.51,0
3,Mobile,RoundTrip,186,6,17,M,LTNPRG,United Kingdom,1,0,0,2.5,1
3,Internet,RoundTrip,101,19,8,S,AUHBOM,United Kingdom,1,0,1,2.12,1
4,Mobile,RoundTrip,90,20,20,F,LHRBOM,USA,1,0,1,7.0,1
4,Mobile,RoundTrip,308,5,15,T,JFKDXB,United Kingdom,1,1,0,2.55,0
2,Internet,RoundTrip,325,5,2,M,JFKDXB,USA,0,1,1,5.99,1
1,Internet,OneWay,59,8,3,M,CDGSYD,India,1,1,0,4.99,1
2,Internet,RoundTrip,76,7,11,S,LTNPRG,USA,0,1,0,8.28,0
3,Internet,RoundTrip,131,4,21,S,JFKDXB,France,0,1,0,9.22,1
4,Mobile,RoundTrip,255,4,16,S,LTNPRG,United Kingdom,1,1,0,10.89,1
2,Internet,RoundTrip,23,15,14,S,CDGSYD,India,1,1,0,7.51,1
1,Mobile,RoundTrip,287,20,13,S,CDGSYD,France,0,1,1,9.8,1
2,Internet,RoundTrip,3,2,21,S,CDGSYD,UAE,1,1,1,10.01,0
3,Internet,RoundTrip,306,12,12,S,AUHBOM,USA,0,0,1,6.3,0
1,Mobile,RoundTrip,15,6,9,T,LHRBOM,USA,1,0,0,5.8,1
2,Internet,OneWay,306,5,8,M,CDGSYD,France,0,1,1,10.67,1
2,Mobile,RoundTrip,344,12,12,M,AUHBOM,United Kingdom,1,0,1,4.94,0
4,Internet,RoundTrip,290,3,5,F,CDGSYD,France,1,0,1,2.8,0
3,Mobile,RoundTrip,359,2,22,T,LHRBOM,United Kingdom,1,1,1,2.7,1
3,Mobile,RoundTrip,167,18,21,T,AUHBOM,United Kingdom,0,0,1,6.36,0
3,Mobile,RoundTrip,234,9,8,S,CDGSYD,United Kingdom,1,1,0,14.7,1
1,Internet,RoundTrip,228,2,16,T,AUHBOM,USA,1,1,1,8.43,0
2,Mobile,RoundTrip,5,18,17,T,LHRBOM,United Kingdom,0,0,0,6.09,1
4,Internet,OneWay,313,13,14,W,JFKDXB,USA,0,0,0,10.7,1
3,Mobile,RoundTrip,257,15,2,T,CDGSYD,UAE,1,0,0,3.84,1
3,Internet,RoundTrip,153,13,1,M,LTNPRG,USA,1,0,1,13.3,0
4,Internet,OneWay,79,10,16,S,AUHBOM,USA,1,1,0,14.93,0
3,Internet,RoundTrip,245,16,2,S,CDGSYD,UAE,0,0,0,10.11,1
3,Internet,OneWay,358,7,18,S,AUHBOM,France,0,0,0,3.56,1
1,Internet,RoundTrip,59,14,9,W,AUHBOM,UAE,1,0,0,14.03,1
1,Mobile,RoundTrip,335,18,18,M,CDGSYD,United Kingdom,0,0,0,3.44,0
1,Internet,RoundTrip,206,17,2,M,AUHBOM,USA,1,0,0,3.73,1
2,Mobile,RoundTrip,288,12,9,S,CDGSYD,United Kingdom,0,1,1,11.32,0
3,Internet,RoundTrip,52,1,3,S,LTNPRG,UAE,0,0,1,11.42,1
4,Mobile,RoundTrip,39,1,11,S,JFKDXB,India,0,0,0,4.94,0
2,Mobile,OneWay,241,9,1,M,AUHBOM,France,0,0,0,10.9,0
3,Internet,OneWay,104,14,6,W,JFKDXB,USA,0,1,1,14.05,1
4,Mobile,RoundTrip,138,2,6,T,LTNPRG,USA,1,1,0,12.84,1
3,Mobile,RoundTrip,227,9,11,F,LHRBOM,India,1,1,0,5.45,1
2,Mobile,RoundTrip,83,9,0,M,LHRBOM,UAE,1,0,0,6.48,1
2,Internet,RoundTrip,125,10,7,W,LHRBOM,France,1,1,0,14.68,0
3,Internet,RoundTrip,132,12,16,T,AUHBOM,United Kingdom,0,0,1,8.03,1
2,Mobile,OneWay,129,6,9,T,LTNPRG,United Kingdom,0,1,0,13.16,0
1,Internet,RoundTrip,256,12,13,S,LHRBOM,United Kingdom,1,1,1,2.41,0
3,Mobile,RoundTrip,56,10,19,M,LHRBOM,USA,1,0,0,2.42,1
3,Internet,RoundTrip,331,19,11,S,CDGSYD,UAE,0,1,0,4.16,1
2,Mobile,RoundTrip,261,7,20,M,AUHBOM,United Kingdom,1,1,1,5.54,1
1,Internet,RoundTrip,5,19,22,S,JFKDXB,United Kingdom,1,1,1,13.5,1
4,Internet,RoundTrip,206,20,12,F,AUHBOM,USA,1,0,1,3.86,1
2,Mobile,RoundTrip,62,7,11,T,AUHBOM,India,1,0,0,12.67,1
3,Mobile,RoundTrip,56,9,7,M,AUHBOM,India,1,0,1,10.99,1
1,Mobile,RoundTrip,257,14,20,S,LTNPRG,USA,1,1,1,8.1,1
2,Mobile,RoundTrip,91,10,17,S,JFKDXB,India,0,0,0,8.82,0
3,Internet,OneWay,208,15,4,S,CDGSYD,France,0,0,0,9.54,1
1,Internet,RoundTrip,104,6,14,S,JFKDXB,India,1,0,0,5.96,1
2,Internet,RoundTrip,117,20,6,S,LTNPRG,USA,0,0,1,12.36,1
3,Internet,OneWay,245,14,22,S,JFKDXB,UAE,0,0,1,4.18,1
4,Internet,RoundTrip,238,2,7,T,LTNPRG,India,0,1,0,4.17,0
2,Mobile,RoundTrip,8,5,1,S,CDGSYD,United Kingdom,1,1,0,10.03,0
1,Internet,OneWay,316,13,22,F,JFKDXB,UAE,0,0,1,6.16,0
1,Internet,RoundTrip,214,6,13,M,CDGSYD,France,1,0,0,2.18,1
3,Internet,OneWay,94,9,20,M,LTNPRG,France,0,1,1,10.36,1
3,Internet,RoundTrip,42,13,20,T,CDGSYD,India,1,1,1,12.47,0
3,Internet,RoundTrip,177,7,10,T,JFKDXB,UAE,0,0,1,10.64,0
2,Internet,RoundTrip,254,19,10,S,JFKDXB,USA,1,0,1,8.17,1
1,Internet,RoundTrip,8,13,19,S,LTNPRG,USA,0,1,0,10.98,1
1,Internet,RoundTrip,106,9,8,S,LTNPRG,United Kingdom,1,1,1,7.72,0
1,Mobile,RoundTrip,345,6,5,S,AUHBOM,USA,0,0,1,10.37,1
2,Internet,RoundTrip,37,6,13,M,AUHBOM,United Kingdom,0,1,0,7.42,1
2,Internet,RoundTrip,292,1,13,S,LTNPRG,United Kingdom,0,1,1,11.5,0
1,Internet,RoundTrip,87,2,18,W,JFKDXB,India,0,1,0,14.41,0
3,Internet,RoundTrip,184,16,3,W,CDGSYD,USA,1,1,0,11.7,0
2,Internet,RoundTrip,278,16,11,T,LHRBOM,UAE,1,0,0,9.75,1
4,Mobile,RoundTrip,362,2,13,W,CDGSYD,France,0,0,0,3.9,0
2,Internet,OneWay,220,12,22,F,AUHBOM,India,0,1,1,3.17,0
1,Internet,RoundTrip,81,7,5,S,AUHBOM,USA,1,0,1,2.22,1
3,Internet,RoundTrip,30,14,14,W,JFKDXB,India,0,1,1,8.41,1
3,Mobile,OneWay,271,12,13,T,JFKDXB,India,1,1,0,5.53,1
4,Internet,OneWay,211,16,21,S,JFKDXB,UAE,0,1,0,4.21,1
3,Internet,RoundTrip,281,13,9,M,LTNPRG,India,0,1,1,5.36,0
2,Mobile,RoundTrip,360,4,4,S,LHRBOM,UAE,1,1,0,14.55,1
3,Internet,OneWay,303,14,12,W,LTNPRG,United Kingdom,0,1,1,4.88,1
4,Internet,RoundTrip,183,17,19,S,LTNPRG,USA,1,1,0,8.87,1
3,Internet,RoundTrip,250,20,3,S,LTNPRG,UAE,1,1,0,14.75,1
4,Internet,RoundTrip,228,15,16,M,CDGSYD,United Kingdom,0,1,0,3.76,1
4,Mobile,RoundTrip,70,9,11,T,LHRBOM,France,0,0,1,5.14,1
4,Internet,OneWay,113,11,18,T,JFKDXB,USA,0,0,1,9.68,0
3,Internet,RoundTrip,34,3,7,M,LHRBOM,UAE,1,1,1,11.44,0
2,Internet,RoundTrip,135,13,19,F,CDGSYD,USA,1,1,0,13.09,1
4,Internet,RoundTrip,66,3,3,F,CDGSYD,United Kingdom,0,0,1,10.59,0
4,Mobile,RoundTrip,327,6,12,S,LHRBOM,UAE,0,1,0,2.36,1
2,Internet,RoundTrip,313,11,11,S,AUHBOM,UAE,0,1,0,4.81,0
1,Mobile,OneWay,265,10,6,F,JFKDXB,India,1,1,0,9.13,0
4,Internet,RoundTrip,147,8,3,F,AUHBOM,India,1,0,1,3.61,0
1,Internet,OneWay,3,13,21,F,LTNPRG,India,0,1,0,3.75,0
4,Internet,RoundTrip,199,19,9,T,LTNPRG,UAE,1,1,1,12.56,1
1,Mobile,RoundTrip,10,19,21,F,CDGSYD,UAE,1,1,0,11.78,0
4,Internet,RoundTrip,10,11,7,T,CDGSYD,United Kingdom,1,1,1,4.61,1
3,Internet,RoundTrip,57,12,14,F,AUHBOM,United Kingdom,1,0,0,8.41,1
2,Mobile,RoundTrip,179,10,12,W,LTNPRG,UAE,1,1,1,14.73,0
1,Internet,OneWay,273,18,9,S,AUHBOM,USA,0,0,0,9.69,0
4,Internet,RoundTrip,149,18,11,W,AUHBOM,France,1,0,0,11.41,1
1,Internet,RoundTrip,283,2,5,M,LHRBOM,France,0,0,1,10.5,0
1,Mobile,OneWay,195,16,3,M,LHRBOM,UAE,0,1,0,7.45,1
4,Internet,OneWay,326,1,15,T,LTNPRG,India,1,0,1,12.62,0
3,Internet,RoundTrip,137,15,6,S,CDGSYD,UAE,0,0,0,3.02,0
1,Internet,RoundTrip,110,7,12,S,CDGSYD,United Kingdom,1,0,0,9.88,1
2,Internet,OneWay,28,11,12,S,CDGSYD,USA,0,0,1,7.35,1
3,Internet,RoundTrip,80,16,22,S,JFKDXB,United Kingdom,1,0,0,13.38,1
3,Internet,RoundTrip,17,5,19,T,LHRBOM,United Kingdom,1,1,1,10.05,0
2,Internet,RoundTrip,64,3,4,M,LTNPRG,France,1,1,1,5.54,0
2,Internet,RoundTrip,346,12,1,T,LHRBOM,France,0,0,0,11.92,0
1,Mobile,RoundTrip,199,17,22,T,AUHBOM,India,0,1,1,7.14,1
1,Internet,OneWay,220,3,2,T,AUHBOM,India,1,1,1,12.1,1
4,Internet,RoundTrip,141,8,16,F,CDGSYD,USA,1,0,1,3.47,1
1,Mobile,OneWay,235,11,18,W,JFKDXB,India,0,1,1,6.76,1
4,Mobile,RoundTrip,205,5,19,T,JFKDXB,USA,0,0,0,9.39,0
1,Internet,RoundTrip,334,18,7,F,CDGSYD,United Kingdom,0,1,0,3.63,1
4,Internet,RoundTrip,290,12,8,W,LTNPRG,France,0,0,0,8.55,1
2,Internet,RoundTrip,201,11,5,T,JFKDXB,United Kingdom,0,0,0,13.46,1
4,Internet,RoundTrip,285,3,3,S,LHRBOM,USA,1,1,0,2.83,0
4,Internet,RoundTrip,225,2,5,T,LTNPRG,France,1,0,1,7.68,0
2,Internet,RoundTrip,363,4,4,S,AUHBOM,United Kingdom,1,1,0,12.32,0
3,Internet,RoundTrip,191,1,22,T,JFKDXB,UAE,1,0,0,3.54,0
2,Internet,RoundTrip,310,11,11,F,AUHBOM,UAE,0,1,1,2.66,1
4,Internet,RoundTrip,65,18,11,F,LTNPRG,India,0,1,1,8.29,0
4,Internet,RoundTrip,62,16,14,M,LTNPRG,United Kingdom,1,0,1,14.3,0
4,Internet,RoundTrip,114,5,3,F,LHRBOM,India,1,1,1,10.55,0
3,Mobile,RoundTrip,300,4,22,S,AUHBOM,France,0,0,1,13.18,1
2,Mobile,OneWay,322,11,9,M,LTNPRG,United Kingdom,0,0,0,14.2,1
1,Internet,OneWay,147,16,11,S,LTNPRG,France,1,0,1,8.66,0
3,Internet,RoundTrip,162,16,5,W,CDGSYD,USA,1,0,0,2.94,1
1,Internet,RoundTrip,179,11,6,F,LTNPRG,India,1,1,0,3.34,1
3,Internet,RoundTrip,75,6,3,T,LHRBOM,India,0,1,1,11.3,0
4,Mobile,RoundTrip,196,10,11,M,LTNPRG,United Kingdom,0,1,0,10.59,0
1,Internet,OneWay,302,15,22,W,LTNPRG,France,0,0,1,4.98,1
4,Internet,RoundTrip,274,18,0,T,JFKDXB,United Kingdom,0,0,1,11.85,1
3,Internet,OneWay,32,2,10,M,CDGSYD,United Kingdom,0,0,1,5.13,0
1,Internet,RoundTrip,129,16,8,F,LHRBOM,USA,1,1,0,9.29,0
3,Internet,OneWay,233,15,15,F,AUHBOM,United Kingdom,1,0,0,6.82,0
1,Internet,OneWay,216,5,17,S,LTNPRG,United Kingdom,1,0,0,11.14,0
3,Mobile,RoundTrip,255,2,20,F,LTNPRG,UAE,1,1,0,10.88,0
3,Internet,OneWay,273,7,5,T,CDGSYD,India,1,0,1,12.72,0
3,Internet,RoundTrip,111,6,4,F,JFKDXB,UAE,0,0,0,5.66,0
2,Internet,RoundTrip,171,3,11,S,JFKDXB,France,1,1,1,7.22,1
1,Internet,RoundTrip,61,6,2,W,AUHBOM,France,1,1,1,4.94,1
2,Internet,OneWay,261,4,11,F,JFKDXB,India,0,0,1,8.85,1
4,Internet,OneWay,164,18,5,S,LTNPRG,India,1,1,0,2.58,1
4,Mobile,RoundTrip,127,2,7,T,LTNPRG,India,0,1,1,13.63,0
1,Internet,RoundTrip,275,11,16,S,AUHBOM,UAE,0,0,1,6.41,1
2,Internet,RoundTrip,342,7,3,W,LTNPRG,India,0,1,1,6.27,1
4,Internet,RoundTrip,323,17,8,W,AUHBOM,UAE,0,1,1,7.36,1
2,Internet,RoundTrip,50,10,15,T,LTNPRG,France,0,1,1,6.26,1
1,Internet,RoundTrip,297,12,11,T,JFKDXB,India,0,0,1,10.58,0
4,Mobile,RoundTrip,207,8,19,F,LTNPRG,India,1,1,0,14.18,1
2,Internet,OneWay,40,17,0,S,LHRBOM,UAE,1,1,0,8.63,0
3,Internet,RoundTrip,142,14,9,W,AUHBOM,United Kingdom,1,0,1,12.52,0
2,Internet,RoundTrip,82,12,0,F,AUHBOM,United Kingdom,1,1,1,6.25,1
3,Internet,RoundTrip,94,8,1,S,JFKDXB,UAE,1,0,1,7.41,1
2,Internet,RoundTrip,225,9,9,T,LTNPRG,USA,0,1,1,13.71,0
3,Internet,RoundTrip,147,6,5,T,CDGSYD,France,0,1,0,2.69,1
2,Internet,OneWay,259,14,3,S,JFKDXB,USA,0,0,0,8.58,0
3,Internet,RoundTrip,294,6,22,T,AUHBOM,United Kingdom,0,1,1,12.8,0
1,Mobile,OneWay,4,6,18,W,LTNPRG,United Kingdom,0,1,0,9.9,1
1,Mobile,OneWay,301,10,9,S,LTNPRG,India,1,1,0,3.32,1
3,Mobile,OneWay,52,19,21,M,CDGSYD,India,0,0,0,2.78,1
1,Mobile,RoundTrip,3,9,1,S,CDGSYD,United Kingdom,0,0,1,13.46,0
4,Mobile,RoundTrip,35,19,21,F,CDGSYD,India,0,1,1,7.28,1
4,Mobile,OneWay,19,11,20,F,LHRBOM,United Kingdom,1,0,1,8.02,0
2,Mobile,RoundTrip,125,2,10,F,AUHBOM,USA,0,1,1,4.33,1
2,Mobile,RoundTrip,306,12,16,S,CDGSYD,France,1,0,1,8.1,0
3,Mobile,RoundTrip,248,19,6,W,LTNPRG,United Kingdom,0,1,1,7.4,1
1,Mobile,RoundTrip,161,18,22,S,AUHBOM,UAE,1,0,0,12.16,0
4,Internet,RoundTrip,344,4,11,M,LHRBOM,USA,0,0,0,3.21,0
1,Internet,OneWay,178,6,5,S,LTNPRG,USA,1,0,1,10.29,0
2,Internet,RoundTrip,33,14,2,S,CDGSYD,India,1,0,1,14.63,1
1,Mobile,RoundTrip,8,9,16,T,CDGSYD,France,1,1,1,5.77,0
4,Internet,OneWay,185,17,21,S,JFKDXB,India,0,1,0,11.42,1
1,Mobile,RoundTrip,82,11,15,W,LTNPRG,USA,0,0,0,3.24,1
2,Mobile,RoundTrip,136,5,15,W,AUHBOM,India,1,0,0,8.28,1
4,Mobile,OneWay,113,7,18,T,AUHBOM,France,1,0,1,6.7,0
2,Internet,OneWay,145,3,6,T,LTNPRG,India,1,0,1,11.36,0
1,Mobile,RoundTrip,351,6,7,T,CDGSYD,United Kingdom,1,0,1,14.43,1
1,Mobile,RoundTrip,25,16,17,T,LTNPRG,France,1,0,0,11.93,0
3,Mobile,RoundTrip,40,5,14,S,AUHBOM,India,1,0,1,4.47,1
1,Mobile,OneWay,105,9,5,M,JFKDXB,USA,1,1,1,12.64,1
2,Internet,OneWay,271,4,1,T,LTNPRG,India,1,0,1,2.4,0
3,Internet,RoundTrip,92,10,17,T,CDGSYD,UAE,0,1,0,10.88,0
2,Internet,OneWay,91,20,19,S,AUHBOM,UAE,0,1,0,2.61,0
4,Mobile,RoundTrip,262,16,9,S,CDGSYD,United Kingdom,1,0,1,12.92,1
3,Internet,RoundTrip,220,16,19,T,AUHBOM,United Kingdom,1,0,0,13.59,0
1,Mobile,RoundTrip,234,6,19,S,AUHBOM,UAE,1,1,1,10.45,1
4,Mobile,RoundTrip,241,7,16,M,JFKDXB,USA,0,0,1,5.15,1
4,Internet,OneWay,232,2,22,S,CDGSYD,United Kingdom,1,1,1,4.6,1
1,Internet,RoundTrip,203,19,22,S,CDGSYD,USA,1,1,0,4.87,0
2,Internet,RoundTrip,190,20,7,W,AUHBOM,USA,0,1,1,6.04,0
2,Mobile,RoundTrip,280,7,20,S,LHRBOM,USA,1,0,1,8.53,0
2,Internet,OneWay,125,14,12,M,LHRBOM,USA,1,1,0,2.7,0
2,Internet,RoundTrip,118,5,8,F,AUHBOM,France,0,0,0,12.09,0
4,Mobile,OneWay,89,14,5,S,AUHBOM,UAE,0,1,1,8.49,1
3,Internet,RoundTrip,303,2,15,T,LTNPRG,USA,0,1,1,9.25,0
4,Mobile,OneWay,5,7,18,S,AUHBOM,France,0,1,0,10.42,1
2,Internet,RoundTrip,77,8,4,S,JFKDXB,USA,1,1,0,4.08,1
3,Internet,RoundTrip,54,20,11,T,LHRBOM,France,0,0,0,9.84,0
1,Internet,OneWay,136,10,20,S,LHRBOM,France,1,1,0,7.23,0
2,Internet,RoundTrip,81,5,22,T,LTNPRG,India,0,0,1,8.09,0
3,Internet,OneWay,184,1,10,T,LHRBOM,USA,1,0,1,9.82,1
1,Mobile,RoundTrip,356,4,20,S,AUHBOM,India,1,1,0,5.16,0
4,Internet,RoundTrip,156,5,19,T,CDGSYD,France,1,1,1,3.12,0
2,Internet,OneWay,354,7,6,M,LHRBOM,United Kingdom,1,0,0,7.38,0
1,Internet,OneWay,113,3,10,S,LTNPRG,France,1,0,0,3.99,1
4,Internet,RoundTrip,280,15,2,S,CDGSYD,France,1,1,1,3.01,0
1,Mobile,RoundTrip,51,8,0,F,CDGSYD,UAE,1,1,1,11.43,1
2,Internet,OneWay,223,5,14,F,LHRBOM,United Kingdom,1,0,1,9.97,1
1,Mobile,RoundTrip,274,11,0,T,JFKDXB,India,0,1,0,4.06,1
3,Internet,OneWay,244,7,7,T,JFKDXB,USA,1,0,1,8.39,1
4,Internet,RoundTrip,342,14,4,S,JFKDXB,UAE,0,0,1,13.88,0
1,Internet,RoundTrip,219,11,5,T,JFKDXB,USA,0,0,0,13.84,0
2,Internet,OneWay,214,19,5,S,LTNPRG,India,0,1,1,7.75,0
2,Mobile,RoundTrip,236,13,12,M,JFKDXB,UAE,0,0,1,13.9,1
3,Internet,RoundTrip,129,8,17,T,AUHBOM,India,1,1,1,13.03,1
2,Internet,RoundTrip,80,3,12,S,LHRBOM,United Kingdom,0,1,1,3.58,1
3,Internet,OneWay,330,3,17,M,LHRBOM,India,0,0,0,5.63,1
3,Internet,RoundTrip,356,14,12,M,AUHBOM,USA,0,1,1,5.43,1
1,Mobile,OneWay,340,1,15,S,AUHBOM,France,1,1,1,2.5,1
3,Mobile,RoundTrip,276,8,6,T,LHRBOM,UAE,1,0,1,9.12,1
3,Internet,RoundTrip,82,1,7,S,JFKDXB,United Kingdom,0,0,1,9.95,0
4,Mobile,RoundTrip,86,7,3,W,LHRBOM,United Kingdom,0,1,1,2.67,0
3,Mobile,RoundTrip,113,18,11,S,AUHBOM,France,0,0,0,9.79,1
4,Internet,RoundTrip,187,2,4,T,JFKDXB,France,1,1,1,4.79,1
2,Mobile,RoundTrip,86,20,14,M,AUHBOM,USA,0,0,1,5.41,1
3,Internet,RoundTrip,288,20,16,F,LHRBOM,India,0,1,1,2.36,0
4,Mobile,RoundTrip,31,18,20,S,CDGSYD,France,0,0,1,2.15,0
1,Mobile,RoundTrip,332,14,10,T,LTNPRG,USA,1,0,1,10.59,1
3,Internet,RoundTrip,165,4,22,S,AUHBOM,UAE,0,0,0,4.81,1
4,Mobile,RoundTrip,140,2,10,T,CDGSYD,UAE,1,1,0,14.47,0
3,Mobile,RoundTrip,164,19,16,S,AUHBOM,France,0,0,0,13.72,1
4,Internet,OneWay,177,8,22,W,CDGSYD,United Kingdom,1,0,0,2.52,1
2,Internet,OneWay,201,9,12,F,LHRBOM,USA,0,0,1,12.79,0
4,Mobile,OneWay,113,2,21,S,JFKDXB,United Kingdom,0,1,0,10.79,1
3,Mobile,RoundTrip,111,2,13,T,AUHBOM,USA,0,1,0,7.32,0
2,Internet,RoundTrip,138,11,1,T,LHRBOM,UAE,0,1,1,5.01,1
1,Internet,OneWay,57,9,11,T,JFKDXB,United Kingdom,0,1,0,9.38,0
1,Internet,OneWay,83,15,18,T,JFKDXB,United Kingdom,1,1,0,13.82,0
2,Internet,RoundTrip,153,17,14,M,LTNPRG,United Kingdom,0,1,0,3.5,1
4,Internet,RoundTrip,11,2,5,T,AUHBOM,France,1,1,0,13.95,1
2,Internet,OneWay,153,20,6,S,CDGSYD,France,1,1,1,10.85,0
2,Internet,OneWay,152,19,16,T,JFKDXB,UAE,0,0,0,2.94,1
2,Internet,RoundTrip,1,12,18,S,JFKDXB,UAE,1,0,1,8.42,0
2,Internet,RoundTrip,172,8,3,S,AUHBOM,United Kingdom,1,0,1,2.76,1
4,Internet,OneWay,241,4,10,F,CDGSYD,India,1,1,0,10.97,1
2,Mobile,RoundTrip,284,5,3,W,CDGSYD,France,0,1,1,2.93,0
2,Internet,RoundTrip,141,15,6,S,LTNPRG,India,1,0,1,7.09,1
3,Internet,RoundTrip,191,3,21,S,AUHBOM,USA,0,0,0,3.34,0
3,Internet,RoundTrip,29,20,0,W,LHRBOM,France,0,0,0,14.49,1
2,Internet,RoundTrip,119,3,12,F,CDGSYD,France,1,1,0,5.66,1
1,Internet,OneWay,242,16,10,W,LTNPRG,UAE,1,0,0,8.46,0
3,Internet,RoundTrip,169,17,8,F,CDGSYD,UAE,0,0,1,5.08,0
3,Internet,RoundTrip,348,6,20,T,LTNPRG,India,0,1,0,9.31,1
3,Internet,RoundTrip,290,10,20,W,LHRBOM,United Kingdom,0,1,1,3.42,0
3,Internet,RoundTrip,331,12,0,S,JFKDXB,India,1,1,1,11.08,1
3,Internet,RoundTrip,176,16,6,T,LHRBOM,USA,0,0,1,4.25,1
4,Mobile,RoundTrip,28,2,5,S,AUHBOM,United Kingdom,0,1,0,14.4,0
1,Mobile,RoundTrip,203,5,1,M,LTNPRG,France,0,0,1,9.55,1
1,Internet,OneWay,345,3,11,S,LHRBOM,France,0,0,1,13.8,0
4,Internet,RoundTrip,63,7,9,S,AUHBOM,UAE,0,0,1,3.1,1
4,Internet,OneWay,350,14,9,S,AUHBOM,UAE,0,0,1,6.01,1
2,Internet,RoundTrip,3,9,16,S,LHRBOM,France,0,0,0,9.2,0
3,Internet,RoundTrip,224,10,22,S,CDGSYD,France,0,1,0,9.68,0
2,Internet,OneWay,339,10,15,T,LHRBOM,USA,0,1,1,12.43,0
4,Internet,RoundTrip,77,1,14,S,LHRBOM,UAE,0,1,1,2.21,1
2,Internet,OneWay,98,2,10,S,LTNPRG,India,0,0,0,11.21,0
4,Internet,RoundTrip,294,5,9,T,AUHBOM,USA,0,1,1,9.18,0
2,Mobile,OneWay,127,1,11,F,LHRBOM,USA,0,1,0,14.47,0
2,Mobile,RoundTrip,239,17,6,S,AUHBOM,UAE,1,0,0,12.46,0
3,Internet,RoundTrip,42,20,12,S,JFKDXB,United Kingdom,0,0,0,5.92,0
2,Internet,RoundTrip,245,10,8,S,LTNPRG,United Kingdom,0,1,0,2.24,1
1,Internet,RoundTrip,187,14,8,S,JFKDXB,UAE,0,1,0,9.22,1
1,Mobile,RoundTrip,183,2,19,S,CDGSYD,India,0,0,0,8.73,0
4,Internet,RoundTrip,269,2,1,S,LHRBOM,United Kingdom,0,1,0,13.34,1
2,Internet,RoundTrip,163,13,18,S,CDGSYD,United Kingdom,0,0,1,3.29,1
1,Internet,RoundTrip,250,16,3,T,JFKDXB,UAE,0,1,0,9.63,0
4,Mobile,RoundTrip,156,19,8,F,JFKDXB,France,1,0,0,14.95,0
4,Internet,RoundTrip,312,8,16,T,CDGSYD,UAE,0,0,1,2.33,0
2,Internet,RoundTrip,203,9,21,W,LHRBOM,USA,1,1,0,2.71,0
3,Internet,OneWay,105,16,18,F,JFKDXB,USA,0,0,1,2.04,0
4,Internet,RoundTrip,320,3,16,F,JFKDXB,USA,0,0,1,2.76,0
1,Internet,RoundTrip,115,19,9,T,JFKDXB,France,1,0,1,4.94,1
2,Internet,RoundTrip,344,6,8,S,JFKDXB,UAE,1,1,1,10.57,1
3,Internet,RoundTrip,352,1,7,W,CDGSYD,United Kingdom,0,1,1,8.54,1
3,Internet,RoundTrip,204,16,19,T,LTNPRG,United Kingdom,1,1,1,3.12,1
2,Internet,OneWay,167,20,13,S,CDGSYD,India,0,1,1,6.62,1
1,Mobile,RoundTrip,97,10,1,F,LTNPRG,India,1,1,1,7.27,0
4,Internet,OneWay,304,4,0,M,LHRBOM,India,1,0,0,10.24,1
3,Internet,RoundTrip,98,4,2,W,LHRBOM,France,1,1,0,5.39,0
4,Internet,OneWay,223,6,13,T,AUHBOM,United Kingdom,0,0,0,2.06,0
2,Internet,RoundTrip,293,11,22,S,CDGSYD,USA,0,1,0,2.84,0
3,Internet,RoundTrip,66,13,10,W,JFKDXB,UAE,0,1,1,2.65,0
2,Mobile,RoundTrip,63,14,5,T,JFKDXB,USA,1,0,0,12.71,1
2,Internet,OneWay,349,15,10,F,CDGSYD,United Kingdom,1,1,1,2.23,0
3,Mobile,RoundTrip,360,5,16,T,AUHBOM,United Kingdom,1,1,0,5.67,1
4,Mobile,RoundTrip,119,4,0,T,CDGSYD,India,0,0,0,6.54,1
4,Internet,RoundTrip,85,20,15,T,AUHBOM,UAE,0,0,1,12.55,0
3,Internet,RoundTrip,234,3,21,S,JFKDXB,France,1,1,1,12.08,1
1,Internet,OneWay,213,11,21,F,LHRBOM,USA,1,0,1,11.29,1
3,Internet,RoundTrip,93,6,3,S,LHRBOM,India,1,1,0,10.4,1
4,Internet,RoundTrip,79,15,22,S,LHRBOM,UAE,0,0,1,9.69,1
2,Internet,RoundTrip,210,7,2,M,LTNPRG,USA,1,0,0,14.4,0
3,Internet,RoundTrip,101,3,10,T,JFKDXB,India,0,0,0,2.07,0
2,Internet,OneWay,197,7,8,W,JFKDXB,USA,1,0,1,8.46,0
1,Mobile,OneWay,251,3,15,T,LHRBOM,USA,1,0,0,10.61,0
3,Internet,RoundTrip,96,4,17,M,JFKDXB,France,0,0,1,10.18,1
2,Mobile,RoundTrip,209,10,14,T,JFKDXB,UAE,0,1,1,14.73,0
3,Internet,OneWay,360,20,17,M,CDGSYD,USA,1,0,0,11.77,0
3,Internet,RoundTrip,196,5,22,M,JFKDXB,India,0,0,1,9.74,0
4,Internet,OneWay,52,16,11,W,JFKDXB,United Kingdom,0,1,0,5.54,0
4,Internet,RoundTrip,268,11,13,S,LHRBOM,UAE,0,0,0,13.65,0
3,Internet,RoundTrip,162,20,12,W,LTNPRG,United Kingdom,0,1,1,6.2,1
1,Mobile,RoundTrip,261,11,6,S,JFKDXB,UAE,0,1,0,11.29,1
3,Internet,RoundTrip,12,3,10,T,LTNPRG,United Kingdom,0,0,0,6.38,0
4,Internet,OneWay,260,9,12,F,LTNPRG,United Kingdom,0,0,1,9.75,1
2,Internet,OneWay,249,2,0,W,CDGSYD,United Kingdom,0,0,1,7.59,0
3,Internet,RoundTrip,2,5,9,W,LTNPRG,United Kingdom,0,0,0,8.07,0
4,Internet,RoundTrip,169,11,6,W,LTNPRG,India,0,1,1,7.32,1
2,Internet,OneWay,172,19,15,W,LTNPRG,France,0,1,1,12.27,1
2,Internet,OneWay,204,13,8,S,CDGSYD,India,1,1,0,9.67,1
2,Internet,RoundTrip,225,8,3,M,JFKDXB,India,0,0,1,8.55,1
4,Internet,OneWay,255,13,12,S,JFKDXB,USA,0,1,1,8.42,1
2,Mobile,RoundTrip,333,5,10,S,CDGSYD,India,1,0,0,8.08,1
2,Internet,OneWay,279,2,15,M,JFKDXB,United Kingdom,1,0,0,12.55,1
3,Internet,RoundTrip,114,15,17,W,AUHBOM,India,1,0,0,8.48,0
3,Mobile,RoundTrip,352,17,22,F,AUHBOM,France,1,1,0,8.4,1
4,Internet,RoundTrip,175,13,14,W,AUHBOM,UAE,0,0,0,3.74,0
4,Internet,RoundTrip,315,10,11,M,CDGSYD,United Kingdom,0,0,1,5.19,1
4,Mobile,RoundTrip,177,10,6,W,JFKDXB,USA,1,0,1,12.52,0
4,Mobile,RoundTrip,118,8,15,S,CDGSYD,USA,0,1,1,12.72,0
2,Mobile,RoundTrip,264,20,9,T,CDGSYD,USA,1,0,1,6.56,0
2,Internet,OneWay,265,11,22,S,AUHBOM,USA,0,1,1,4.57,0
3,Mobile,RoundTrip,44,18,15,W,LTNPRG,UAE,1,1,1,12.27,1
3,Internet,RoundTrip,28,1,6,F,AUHBOM,India,0,0,1,13.9,1
3,Mobile,OneWay,276,8,21,S,AUHBOM,France,0,1,0,11.11,1
1,Mobile,RoundTrip,50,5,10,F,AUHBOM,United Kingdom,0,0,1,6.92,0
1,Mobile,RoundTrip,168,3,14,T,JFKDXB,USA,1,0,1,8.42,1
1,Internet,OneWay,168,20,16,S,LTNPRG,USA,0,1,0,13.4,0
2,Internet,RoundTrip,160,2,15,T,CDGSYD,UAE,0,1,0,3.97,1
4,Internet,OneWay,168,12,12,M,LTNPRG,France,1,0,0,2.62,0
4,Internet,RoundTrip,347,5,16,M,LTNPRG,United Kingdom,0,0,0,13.8,1
4,Internet,RoundTrip,185,2,20,F,AUHBOM,France,1,0,1,9.44,0
3,Mobile,OneWay,316,20,3,W,AUHBOM,India,0,1,0,10.29,0
1,Internet,OneWay,173,6,13,M,LHRBOM,United Kingdom,0,0,1,3.8,0
4,Internet,RoundTrip,172,8,13,T,CDGSYD,India,0,1,1,11.44,0
4,Internet,OneWay,234,4,21,M,LHRBOM,UAE,1,1,1,9.33,0
4,Internet,OneWay,86,14,13,W,CDGSYD,India,1,1,0,6.37,1
2,Internet,OneWay,348,19,3,F,LHRBOM,USA,1,1,0,10.71,0
1,Internet,RoundTrip,340,7,17,T,CDGSYD,USA,0,1,1,13.94,1
4,Mobile,RoundTrip,63,17,18,T,CDGSYD,United Kingdom,1,0,1,13.96,0
1,Mobile,OneWay,54,9,19,S,CDGSYD,USA,1,1,1,2.45,1
4,Internet,OneWay,131,11,4,M,LHRBOM,USA,0,1,0,3.2,1
4,Internet,RoundTrip,70,17,3,S,CDGSYD,United Kingdom,1,0,0,9.1,1
4,Internet,RoundTrip,28,20,1,M,LTNPRG,France,0,0,0,10.15,1
3,Mobile,RoundTrip,295,13,9,S,LTNPRG,United Kingdom,0,1,1,14.14,0
4,Mobile,RoundTrip,73,8,2,S,LTNPRG,UAE,1,0,0,10.01,0
4,Internet,RoundTrip,135,10,17,W,CDGSYD,UAE,1,0,0,12.37,0
4,Mobile,RoundTrip,360,18,13,T,JFKDXB,United Kingdom,0,0,1,11.2,1
2,Internet,RoundTrip,146,8,7,T,CDGSYD,USA,0,1,1,7.64,1
3,Internet,RoundTrip,15,10,6,W,AUHBOM,India,0,0,1,6.37,1
4,Mobile,RoundTrip,89,16,10,T,CDGSYD,France,1,1,0,10.3,1
1,Internet,OneWay,78,17,3,T,LHRBOM,UAE,0,0,1,10.39,0
1,Internet,RoundTrip,203,9,9,T,LTNPRG,France,1,0,1,6.63,0
2,Internet,RoundTrip,156,19,14,S,AUHBOM,India,0,1,0,5.98,1
2,Internet,RoundTrip,28,18,10,W,JFKDXB,United Kingdom,1,0,1,3.46,0
4,Internet,RoundTrip,107,10,11,M,LHRBOM,UAE,1,0,0,3.24,0
4,Internet,RoundTrip,171,6,19,W,CDGSYD,UAE,1,1,1,3.14,1
1,Internet,OneWay,199,4,8,T,AUHBOM,India,1,1,0,11.1,1
2,Internet,RoundTrip,152,3,2,M,LHRBOM,USA,0,0,1,8.92,1
4,Mobile,RoundTrip,361,4,12,T,AUHBOM,United Kingdom,0,1,0,13.37,1
3,Internet,OneWay,179,2,3,S,CDGSYD,France,0,0,1,3.47,0
1,Mobile,OneWay,257,6,19,F,JFKDXB,United Kingdom,1,0,0,14.99,0
3,Internet,RoundTrip,209,20,3,W,JFKDXB,France,0,1,0,7.88,1
4,Internet,RoundTrip,148,5,16,S,LHRBOM,UAE,0,0,1,12.23,1
2,Internet,RoundTrip,11,8,10,W,CDGSYD,France,1,0,1,4.98,1
2,Mobile,RoundTrip,249,8,11,M,CDGSYD,United Kingdom,0,1,1,6.14,0
3,Internet,RoundTrip,313,11,20,T,CDGSYD,UAE,1,1,0,3.59,1
4,Mobile,RoundTrip,318,11,18,M,LTNPRG,France,1,1,1,6.59,1
3,Internet,RoundTrip,289,12,3,T,LHRBOM,United Kingdom,1,0,0,6.84,1
4,Internet,RoundTrip,84,2,19,W,LTNPRG,UAE,0,1,0,6.22,0
4,Internet,OneWay,165,7,7,M,LTNPRG,India,1,1,0,13.79,0
2,Internet,RoundTrip,261,19,8,W,CDGSYD,United Kingdom,1,0,0,13.04,0
2,Internet,RoundTrip,267,20,19,T,AUHBOM,UAE,1,1,1,3.38,1
3,Internet,OneWay,224,1,3,S,AUHBOM,USA,1,1,1,7.09,1
1,Internet,RoundTrip,18,13,9,F,AUHBOM,India,1,1,1,6.11,0
1,Internet,RoundTrip,268,3,2,T,JFKDXB,India,0,0,1,14.09,0
1,Internet,RoundTrip,206,11,12,S,LTNPRG,USA,1,1,1,9.83,0
4,Internet,RoundTrip,31,1,14,S,JFKDXB,France,0,0,0,13.57,1
4,Internet,RoundTrip,197,16,13,S,LHRBOM,France,1,1,1,7.38,0
4,Internet,RoundTrip,267,20,21,M,AUHBOM,United Kingdom,0,1,1,10.04,0
1,Internet,RoundTrip,341,3,16,T,JFKDXB,USA,0,1,1,3.8,1
2,Internet,RoundTrip,287,9,0,M,JFKDXB,India,0,0,0,3.52,0
2,Internet,RoundTrip,96,4,4,F,AUHBOM,India,0,1,0,9.97,0
1,Mobile,OneWay,251,4,11,S,AUHBOM,UAE,1,1,0,9.33,1
2,Internet,OneWay,246,16,10,M,CDGSYD,UAE,1,1,1,13.61,1
2,Internet,RoundTrip,72,3,4,S,LTNPRG,USA,0,0,0,10.93,0
4,Mobile,RoundTrip,303,3,12,T,LHRBOM,France,1,1,1,4.77,1
1,Internet,OneWay,59,8,12,M,JFKDXB,India,1,1,0,8.77,0
4,Internet,RoundTrip,274,7,10,T,LTNPRG,UAE,0,0,1,2.55,1
4,Mobile,RoundTrip,269,20,19,S,LTNPRG,UAE,0,0,0,10.52,1
1,Mobile,OneWay,350,8,8,W,JFKDXB,United Kingdom,1,1,0,3.59,1
2,Mobile,RoundTrip,236,11,18,M,LTNPRG,India,0,1,0,7.4,1
2,Internet,RoundTrip,27,3,16,M,LTNPRG,USA,1,1,0,2.5,1
4,Internet,RoundTrip,359,8,22,S,JFKDXB,USA,0,1,1,10.67,0
4,Mobile,RoundTrip,140,5,14,F,LHRBOM,USA,1,0,0,10.89,0
4,Mobile,RoundTrip,166,8,11,T,CDGSYD,France,0,1,1,3.9,0
2,Internet,RoundTrip,316,7,0,F,AUHBOM,France,1,0,1,4.28,1
4,Internet,RoundTrip,84,3,15,M,JFKDXB,UAE,1,0,1,6.19,0
4,Internet,RoundTrip,242,12,12,F,CDGSYD,France,1,1,1,14.94,1
3,Internet,OneWay,281,11,20,S,AUHBOM,United Kingdom,0,0,0,13.53,0
1,Internet,RoundTrip,193,11,13,S,CDGSYD,USA,1,1,0,8.02,1
2,Internet,RoundTrip,273,9,16,T,JFKDXB,India,1,0,1,12.49,0
1,Internet,RoundTrip,260,11,20,W,JFKDXB,United Kingdom,1,1,1,2.05,0
4,Internet,RoundTrip,191,15,22,T,LHRBOM,UAE,1,1,0,3.52,0
2,Internet,RoundTrip,34,6,5,M,AUHBOM,France,1,0,0,11.47,1
3,Internet,RoundTrip,272,4,5,S,CDGSYD,USA,0,1,1,13.64,0
2,Internet,RoundTrip,288,14,18,F,LHRBOM,India,0,0,1,3.49,1
4,Internet,RoundTrip,114,3,3,T,LTNPRG,USA,0,0,0,12.19,1
4,Mobile,RoundTrip,298,8,18,S,CDGSYD,United Kingdom,0,1,0,2.77,0
2,Internet,RoundTrip,79,12,3,S,CDGSYD,United Kingdom,1,1,1,6.53,1
2,Internet,RoundTrip,63,12,8,T,LHRBOM,USA,0,1,0,11.97,1
1,Internet,RoundTrip,46,15,19,T,LTNPRG,India,0,1,0,8.22,1
1,Internet,OneWay,202,10,3,W,LHRBOM,UAE,1,0,1,11.68,0
4,Internet,RoundTrip,106,10,1,T,AUHBOM,United Kingdom,1,0,1,5.69,0
4,Internet,RoundTrip,253,1,17,S,AUHBOM,India,0,1,1,10.7,1
4,Internet,RoundTrip,239,16,18,M,LHRBOM,USA,1,1,1,12.26,1
3,Internet,RoundTrip,156,5,17,W,AUHBOM,UAE,0,0,1,4.58,1
1,Internet,RoundTrip,95,17,10,T,LTNPRG,India,0,0,1,4.42,0
1,Internet,RoundTrip,334,13,17,W,LTNPRG,United Kingdom,1,0,1,2.59,1
3,Internet,RoundTrip,322,19,15,W,CDGSYD,France,1,0,0,6.97,0
2,Internet,OneWay,127,18,8,F,AUHBOM,France,0,0,0,2.18,1
1,Internet,OneWay,91,8,17,W,LTNPRG,UAE,1,1,0,8.86,1
1,Internet,RoundTrip,293,8,4,T,LTNPRG,India,1,1,0,5.61,1
3,Internet,RoundTrip,250,19,9,S,AUHBOM,USA,0,0,0,14.86,1
4,Internet,RoundTrip,167,18,19,T,AUHBOM,United Kingdom,0,1,1,13.33,0
2,Internet,RoundTrip,193,15,3,W,LHRBOM,India,0,1,0,9.15,0
4,Mobile,RoundTrip,264,19,9,T,LTNPRG,UAE,0,0,1,13.69,1
2,Mobile,RoundTrip,78,13,14,W,JFKDXB,India,0,1,0,14.52,0
3,Mobile,RoundTrip,363,1,13,T,CDGSYD,India,1,0,0,9.8,1
1,Internet,RoundTrip,203,12,22,S,JFKDXB,India,0,1,1,6.65,0
3,Internet,RoundTrip,47,8,15,F,JFKDXB,USA,1,1,0,13.48,1
2,Internet,RoundTrip,348,1,0,T,LHRBOM,UAE,0,0,0,5.47,0
4,Internet,OneWay,363,12,22,F,LHRBOM,USA,0,0,1,6.26,1
2,Internet,RoundTrip,344,12,5,S,CDGSYD,UAE,0,0,0,10.45,1
1,Internet,RoundTrip,255,15,13,M,LHRBOM,United Kingdom,1,0,1,2.43,1
1,Internet,RoundTrip,107,16,20,F,LHRBOM,USA,1,0,1,3.53,0
2,Internet,RoundTrip,194,7,13,M,LHRBOM,India,0,0,1,9.21,0
2,Internet,RoundTrip,196,20,1,S,CDGSYD,USA,1,1,1,3.81,1
2,Mobile,RoundTrip,186,9,8,S,CDGSYD,UAE,1,0,1,13.13,0
3,Internet,RoundTrip,55,9,0,S,LTNPRG,USA,0,0,1,13.36,1
4,Mobile,RoundTrip,114,4,9,F,LTNPRG,United Kingdom,0,1,0,8.67,1
3,Internet,RoundTrip,171,20,20,W,AUHBOM,France,0,1,0,3.2,1
2,Internet,RoundTrip,193,8,5,M,LTNPRG,France,0,1,1,5.64,1
3,Internet,RoundTrip,118,4,17,F,LHRBOM,UAE,1,0,1,9.59,1
4,Internet,RoundTrip,266,17,0,S,AUHBOM,UAE,1,0,0,2.71,0
1,Internet,OneWay,339,20,5,M,LHRBOM,United Kingdom,1,1,1,6.6,0
1,Internet,RoundTrip,170,5,13,T,LTNPRG,France,0,1,0,4.32,0
1,Internet,OneWay,231,12,22,T,JFKDXB,United Kingdom,0,1,0,9.49,1
4,Internet,RoundTrip,71,19,14,T,LTNPRG,France,1,0,0,13.34,0
4,Internet,RoundTrip,68,14,16,W,LTNPRG,United Kingdom,1,1,1,13.68,1
2,Mobile,RoundTrip,27,9,17,T,JFKDXB,France,1,0,1,3.27,0
4,Internet,RoundTrip,362,12,2,T,JFKDXB,UAE,1,0,0,3.23,0
3,Internet,RoundTrip,110,3,22,T,CDGSYD,India,0,1,1,11.44,1
4,Internet,RoundTrip,253,20,10,T,AUHBOM,United Kingdom,0,0,1,2.08,1
4,Internet,RoundTrip,228,11,7,F,LHRBOM,UAE,1,1,0,8.46,0
4,Internet,RoundTrip,50,1,19,S,LHRBOM,France,0,1,0,10.58,0
2,Internet,OneWay,61,7,11,M,AUHBOM,India,0,0,1,7.05,0
3,Mobile,RoundTrip,292,9,15,M,JFKDXB,UAE,0,1,0,7.55,1
1,Internet,RoundTrip,290,20,8,T,LHRBOM,France,1,0,0,7.72,1
4,Internet,RoundTrip,203,18,13,S,LHRBOM,France,0,1,0,5.85,1
2,Internet,OneWay,126,7,3,M,AUHBOM,India,0,1,0,7.47,0
2,Mobile,OneWay,146,4,9,S,JFKDXB,UAE,0,0,1,12.44,0
3,Mobile,RoundTrip,288,1,10,T,LHRBOM,France,0,0,1,12.87,0
4,Mobile,RoundTrip,72,12,5,M,JFKDXB,India,0,1,1,9.77,0
3,Internet,RoundTrip,33,9,20,T,JFKDXB,UAE,0,1,0,5.95,1
4,Internet,RoundTrip,102,11,14,T,CDGSYD,India,1,1,1,7.27,0
3,Internet,OneWay,70,6,20,W,AUHBOM,UAE,0,0,0,11.15,0
4,Mobile,RoundTrip,61,17,3,F,LTNPRG,UAE,0,0,0,8.16,0
3,Internet,OneWay,169,11,9,T,AUHBOM,USA,1,1,0,3.59,0
2,Internet,RoundTrip,293,19,18,S,LHRBOM,UAE,1,0,1,10.64,0
4,Internet,OneWay,252,5,3,W,AUHBOM,India,1,0,1,3.21,1
2,Internet,RoundTrip,100,6,4,S,CDGSYD,USA,1,1,1,14.84,1
3,Internet,RoundTrip,155,12,21,S,LTNPRG,France,0,1,0,6.17,0
2,Internet,RoundTrip,172,14,2,W,LTNPRG,France,1,0,1,4.06,0
2,Internet,RoundTrip,142,6,10,T,AUHBOM,France,1,0,1,9.75,0
2,Mobile,OneWay,353,11,1,S,CDGSYD,USA,1,1,0,11.82,0
2,Internet,RoundTrip,346,11,7,F,AUHBOM,India,1,1,0,11.34,1
4,Mobile,OneWay,363,14,18,W,LTNPRG,India,0,1,1,5.48,0
4,Internet,RoundTrip,153,13,8,T,LTNPRG,United Kingdom,1,0,1,9.02,1
3,Mobile,RoundTrip,289,5,10,W,AUHBOM,USA,0,0,1,11.0,0
1,Internet,RoundTrip,268,3,21,F,AUHBOM,France,0,0,1,12.58,1
1,Mobile,RoundTrip,291,6,9,T,JFKDXB,USA,0,1,1,8.3,0
1,Internet,OneWay,59,3,13,M,AUHBOM,France,0,0,0,2.1,0
3,Internet,RoundTrip,344,11,11,S,LTNPRG,India,1,1,1,7.49,1
4,Internet,RoundTrip,342,11,16,W,JFKDXB,United Kingdom,0,1,1,9.99,0
2,Internet,RoundTrip,291,1,13,T,LTNPRG,France,1,1,1,3.83,0
2,Internet,RoundTrip,209,17,19,F,LHRBOM,India,1,1,0,14.04,1
3,Mobile,OneWay,165,15,20,S,LHRBOM,India,0,1,0,4.32,0
4,Mobile,OneWay,91,10,22,S,CDGSYD,USA,0,1,1,3.98,0
2,Internet,RoundTrip,22,4,7,M,JFKDXB,India,0,0,0,2.01,1
2,Internet,RoundTrip,350,4,4,W,LHRBOM,India,0,1,1,5.25,0
3,Internet,RoundTrip,76,19,4,T,LHRBOM,USA,1,1,1,12.87,1
4,Mobile,OneWay,125,5,18,F,JFKDXB,UAE,0,0,1,11.35,0
3,Mobile,RoundTrip,162,18,19,S,AUHBOM,India,0,0,1,3.95,1
3,Internet,OneWay,247,14,5,M,AUHBOM,United Kingdom,1,1,1,14.14,0
3,Mobile,OneWay,97,13,11,F,LTNPRG,UAE,0,0,0,10.32,0
1,Internet,RoundTrip,79,17,0,T,JFKDXB,USA,0,1,1,8.58,1
4,Mobile,OneWay,120,18,13,T,JFKDXB,India,0,1,1,3.63,1
1,Mobile,RoundTrip,121,6,16,S,JFKDXB,UAE,1,1,0,13.56,1
2,Mobile,RoundTrip,22,20,3,S,LTNPRG,France,0,1,0,9.81,0
2,Internet,RoundTrip,143,3,21,M,JFKDXB,UAE,0,1,0,3.79,0
3,Internet,RoundTrip,201,16,19,T,CDGSYD,India,0,0,1,8.27,0
1,Internet,RoundTrip,163,8,22,S,JFKDXB,United Kingdom,1,1,1,2.48,0
1,Mobile,RoundTrip,128,13,21,M,CDGSYD,France,1,0,0,2.99,1
4,Internet,OneWay,334,17,1,T,LTNPRG,France,0,0,1,4.42,0
2,Internet,OneWay,95,9,10,T,AUHBOM,France,0,0,0,7.54,1
3,Mobile,RoundTrip,307,2,9,M,LHRBOM,UAE,0,1,0,12.63,1
3,Internet,RoundTrip,223,17,0,S,CDGSYD,India,1,1,0,10.73,0
3,Internet,RoundTrip,238,3,21,W,LHRBOM,India,1,0,0,10.9,1
3,Internet,RoundTrip,101,15,0,T,CDGSYD,UAE,1,0,1,2.98,0
3,Internet,RoundTrip,352,9,16,M,LHRBOM,United Kingdom,1,0,0,4.58,0
4,Internet,RoundTrip,174,10,6,M,LTNPRG,USA,0,0,0,7.77,0
4,Internet,RoundTrip,185,6,13,T,JFKDXB,United Kingdom,1,0,1,14.2,1
2,Internet,RoundTrip,90,11,11,S,AUHBOM,France,1,1,0,10.15,1
1,Internet,OneWay,175,4,5,T,JFKDXB,United Kingdom,1,0,0,4.73,1
4,Internet,RoundTrip,248,5,9,T,LTNPRG,India,1,0,0,2.07,1
2,Internet,OneWay,342,10,16,F,LHRBOM,UAE,1,0,1,2.85,1
2,Internet,OneWay,311,16,13,W,CDGSYD,UAE,1,1,1,4.29,1
1,Internet,RoundTrip,57,11,5,W,AUHBOM,France,0,1,0,10.18,0
3,Internet,RoundTrip,30,18,5,T,AUHBOM,United Kingdom,0,1,0,3.87,0
3,Mobile,OneWay,347,6,16,S,AUHBOM,France,1,0,0,2.54,1
4,Internet,RoundTrip,299,1,4,S,JFKDXB,India,1,1,0,9.47,1
3,Internet,RoundTrip,56,7,13,W,CDGSYD,USA,1,0,1,4.31,1
3,Mobile,RoundTrip,311,3,22,T,JFKDXB,India,0,0,0,4.91,0
3,Internet,RoundTrip,278,11,13,W,AUHBOM,United Kingdom,1,1,0,14.55,1
4,Internet,RoundTrip,352,20,6,T,JFKDXB,India,0,1,0,12.58,0
4,Internet,RoundTrip,59,10,15,T,CDGSYD,United Kingdom,1,1,1,12.86,0
4,Internet,OneWay,302,4,21,T,AUHBOM,India,0,0,1,2.41,1
2,Internet,RoundTrip,133,12,14,T,LHRBOM,India,0,0,1,14.62,1
2,Mobile,OneWay,202,15,13,T,LHRBOM,India,1,1,1,8.25,1
1,Mobile,OneWay,95,18,14,S,LHRBOM,USA,0,1,0,3.14,1
4,Internet,RoundTrip,26,10,1,T,JFKDXB,UAE,0,0,0,6.09,1
3,Internet,OneWay,254,9,0,S,LTNPRG,France,1,0,0,3.32,1
4,Internet,RoundTrip,28,11,13,F,LHRBOM,India,0,0,1,6.26,1
4,Internet,RoundTrip,170,5,10,S,CDGSYD,USA,0,0,0,3.66,1
2,Internet,OneWay,72,3,22,F,CDGSYD,India,1,1,0,5.25,1
1,Internet,OneWay,335,16,10,S,LTNPRG,UAE,1,0,0,2.88,1
1,Mobile,RoundTrip,163,3,19,F,CDGSYD,India,1,1,0,5.33,1
4,Internet,OneWay,68,14,15,F,JFKDXB,France,0,1,1,6.43,0
2,Internet,RoundTrip,348,12,6,W,CDGSYD,India,1,1,0,13.88,1
2,Internet,OneWay,251,10,19,S,LHRBOM,United Kingdom,0,1,0,4.46,0
4,Internet,RoundTrip,64,8,2,W,AUHBOM,USA,0,0,1,12.76,1
2,Mobile,RoundTrip,130,20,16,S,LTNPRG,UAE,1,0,1,12.63,0
4,Internet,OneWay,197,16,10,W,JFKDXB,USA,1,1,1,9.29,0
3,Mobile,RoundTrip,284,4,16,S,CDGSYD,France,0,1,0,7.69,0
4,Mobile,RoundTrip,364,20,2,S,JFKDXB,India,1,0,0,7.21,0
1,Mobile,OneWay,307,3,4,T,JFKDXB,France,0,0,1,13.84,0
2,Internet,OneWay,6,17,6,F,CDGSYD,USA,0,1,1,14.4,1
1,Internet,RoundTrip,174,9,13,T,LHRBOM,USA,0,0,0,11.11,0
1,Mobile,RoundTrip,18,9,21,W,LTNPRG,France,0,1,0,13.23,1
4,Mobile,RoundTrip,110,11,20,T,JFKDXB,France,0,1,1,12.19,1
3,Internet,RoundTrip,99,10,15,F,CDGSYD,USA,0,1,1,11.29,1
2,Mobile,RoundTrip,97,3,2,S,LTNPRG,France,0,1,0,5.14,1
2,Internet,RoundTrip,82,4,18,W,AUHBOM,USA,1,0,1,7.39,1
1,Internet,RoundTrip,146,15,19,W,JFKDXB,France,0,0,1,5.24,1
1,Mobile,OneWay,182,14,12,S,LHRBOM,USA,0,1,1,11.79,0
4,Internet,OneWay,348,8,1,S,CDGSYD,India,0,1,1,5.91,0
1,Internet,RoundTrip,154,9,3,S,JFKDXB,UAE,0,0,1,11.15,0
2,Mobile,RoundTrip,9,8,18,F,LHRBOM,France,1,0,0,6.3,1
1,Mobile,OneWay,213,18,3,M,AUHBOM,France,1,1,0,2.81,1
4,Mobile,OneWay,110,2,7,T,AUHBOM,India,0,0,1,13.6,0
1,Internet,RoundTrip,54,14,17,M,JFKDXB,United Kingdom,1,0,0,7.39,0
2,Mobile,RoundTrip,245,7,3,W,AUHBOM,France,1,1,0,4.99,1
4,Internet,RoundTrip,250,4,9,M,LTNPRG,UAE,1,1,0,8.96,1
3,Internet,RoundTrip,128,4,15,T,AUHBOM,USA,0,1,1,3.73,0
2,Internet,RoundTrip,79,9,11,M,LHRBOM,UAE,1,0,0,2.15,0
3,Mobile,RoundTrip,179,3,20,S,JFKDXB,France,1,1,0,2.32,1
2,Mobile,OneWay,165,14,4,T,LTNPRG,India,1,0,0,14.88,1
2,Mobile,OneWay,353,7,13,M,CDGSYD,UAE,1,0,1,12.35,0
3,Internet,RoundTrip,13,18,8,T,LTNPRG,USA,1,1,1,12.98,0
2,Internet,RoundTrip,66,3,12,T,CDGSYD,USA,1,0,0,8.4,1
4,Internet,RoundTrip,291,8,3,F,LTNPRG,UAE,1,0,0,8.9,0
2,Internet,RoundTrip,346,8,15,S,LHRBOM,United Kingdom,0,1,1,4.39,0
4,Internet,RoundTrip,229,14,4,T,LHRBOM,France,1,1,1,8.47,0
1,Internet,OneWay,116,6,18,S,AUHBOM,France,1,1,1,9.54,1
3,Mobile,RoundTrip,76,4,20,M,LHRBOM,USA,0,1,1,12.69,1
3,Mobile,OneWay,308,9,7,W,JFKDXB,United Kingdom,1,0,0,13.09,0
3,Mobile,RoundTrip,220,19,16,M,CDGSYD,France,0,1,0,12.65,0
2,Internet,RoundTrip,149,17,12,W,AUHBOM,India,1,0,0,14.39,0
3,Internet,OneWay,160,12,19,M,LHRBOM,USA,1,0,1,13.76,1
1,Internet,OneWay,55,20,21,S,CDGSYD,USA,0,1,1,5.61,1
3,Internet,RoundTrip,301,16,20,T,AUHBOM,India,1,0,1,4.56,0
4,Internet,OneWay,18,16,5,S,LHRBOM,UAE,1,0,1,6.88,0
2,Internet,RoundTrip,359,8,13,F,AUHBOM,France,1,0,0,3.09,1
1,Internet,OneWay,62,10,2,M,AUHBOM,India,0,0,1,12.8,1
3,Internet,RoundTrip,46,19,6,W,LTNPRG,France,0,1,1,8.05,0
4,Internet,RoundTrip,27,19,8,M,LHRBOM,United Kingdom,0,1,1,3.56,1
2,Internet,RoundTrip,179,15,11,M,LTNPRG,USA,1,0,1,7.92,1
1,Internet,OneWay,21,2,19,S,CDGSYD,United Kingdom,0,1,1,9.17,0
2,Internet,OneWay,94,4,0,S,CDGSYD,United Kingdom,1,0,0,6.7,0
4,Internet,RoundTrip,291,10,11,M,LTNPRG,France,0,1,0,6.1,0
2,Internet,OneWay,273,12,18,W,LTNPRG,United Kingdom,1,0,0,7.75,0
3,Internet,RoundTrip,125,13,5,W,CDGSYD,United Kingdom,1,1,0,5.25,0
2,Internet,RoundTrip,13,6,18,T,JFKDXB,United Kingdom,1,1,0,6.9,1
3,Mobile,RoundTrip,58,16,1,F,LTNPRG,UAE,1,0,0,11.17,0
2,Internet,RoundTrip,199,17,11,W,LTNPRG,United Kingdom,1,1,0,13.74,1
2,Internet,RoundTrip,170,5,22,S,AUHBOM,United Kingdom,1,1,1,2.69,0
3,Internet,RoundTrip,312,16,8,M,LHRBOM,India,1,1,1,14.61,1
3,Internet,RoundTrip,176,4,14,F,CDGSYD,UAE,1,1,1,7.49,0
2,Internet,RoundTrip,142,10,3,F,LHRBOM,India,1,1,1,12.98,1
2,Mobile,RoundTrip,228,18,9,T,AUHBOM,United Kingdom,1,0,1,10.57,1
1,Internet,RoundTrip,305,7,1,F,AUHBOM,USA,0,0,1,12.71,1
3,Internet,RoundTrip,298,14,2,F,AUHBOM,India,0,1,0,4.01,0
2,Internet,RoundTrip,54,18,7,T,CDGSYD,France,0,0,0,3.63,1
3,Internet,RoundTrip,153,10,22,S,LTNPRG,France,0,1,0,2.61,1
2,Internet,OneWay,335,18,21,T,LHRBOM,UAE,1,1,0,4.83,1
4,Internet,OneWay,295,13,1,T,LTNPRG,UAE,0,0,0,10.39,0
3,Internet,RoundTrip,289,11,1,T,LHRBOM,France,0,0,1,8.54,0
2,Mobile,OneWay,42,3,15,F,LHRBOM,UAE,0,1,1,10.65,0
2,Mobile,RoundTrip,143,15,21,W,LHRBOM,France,1,0,0,14.64,0
3,Mobile,OneWay,303,7,11,M,AUHBOM,United Kingdom,0,0,0,4.1,0
1,Internet,RoundTrip,48,6,12,S,JFKDXB,USA,1,1,1,4.88,1
1,Mobile,RoundTrip,262,19,13,S,AUHBOM,India,1,0,0,4.92,1
1,Internet,RoundTrip,190,7,10,T,CDGSYD,France,1,0,0,11.41,1
2,Internet,OneWay,266,8,17,W,LHRBOM,United Kingdom,1,0,0,2.41,0
2,Mobile,RoundTrip,245,19,2,S,LHRBOM,France,1,1,1,6.38,0
2,Internet,RoundTrip,35,6,1,W,JFKDXB,France,1,1,0,9.14,1
1,Mobile,RoundTrip,47,15,1,T,CDGSYD,India,1,1,0,2.18,1
2,Mobile,OneWay,123,11,5,T,CDGSYD,USA,1,1,1,14.12,0
2,Internet,RoundTrip,340,2,12,T,LTNPRG,India,1,0,0,14.5,1
2,Internet,RoundTrip,342,12,6,S,AUHBOM,USA,1,1,1,12.68,0
3,Internet,RoundTrip,278,10,13,W,LTNPRG,India,0,0,0,8.13,0
2,Mobile,OneWay,88,15,0,T,LTNPRG,USA,1,0,0,9.6,1
4,Mobile,RoundTrip,347,8,9,S,LHRBOM,India,1,0,0,2.33,0
4,Internet,RoundTrip,262,5,3,M,LTNPRG,France,1,0,1,12.46,1
3,Internet,RoundTrip,109,5,6,T,CDGSYD,France,1,0,0,2.16,1
3,Internet,RoundTrip,259,11,14,T,JFKDXB,USA,0,1,1,10.17,1
1,Internet,RoundTrip,158,20,0,F,JFKDXB,United Kingdom,1,1,1,3.16,0
3,Internet,RoundTrip,175,10,17,W,LHRBOM,UAE,1,0,0,12.29,0
2,Mobile,RoundTrip,88,3,6,M,AUHBOM,UAE,0,1,1,8.88,1
2,Internet,RoundTrip,235,17,19,T,LTNPRG,United Kingdom,1,1,0,4.04,0
4,Mobile,RoundTrip,100,7,16,T,AUHBOM,France,1,0,1,2.87,0
1,Internet,RoundTrip,337,9,20,T,CDGSYD,UAE,1,0,0,5.19,0
2,Internet,OneWay,53,17,13,F,LHRBOM,USA,0,0,1,14.6,0
4,Internet,RoundTrip,92,3,9,S,AUHBOM,France,0,1,1,3.57,1
4,Mobile,RoundTrip,46,3,3,W,CDGSYD,UAE,0,0,1,7.92,0
3,Internet,RoundTrip,88,5,1,S,AUHBOM,USA,1,0,1,5.54,1
3,Internet,OneWay,245,8,18,S,LHRBOM,USA,0,0,0,10.61,1
4,Internet,OneWay,345,18,14,M,LHRBOM,USA,1,1,0,11.97,0
1,Mobile,OneWay,58,13,3,T,JFKDXB,United Kingdom,0,0,1,14.2,1
2,Internet,RoundTrip,82,16,2,T,JFKDXB,India,0,1,0,8.05,0
1,Internet,RoundTrip,49,7,18,T,LTNPRG,India,0,0,0,8.01,0
2,Mobile,RoundTrip,295,9,1,T,JFKDXB,United Kingdom,0,1,0,5.63,1
4,Mobile,OneWay,195,9,11,W,AUHBOM,France,1,1,1,11.72,0
3,Internet,RoundTrip,133,3,7,T,JFKDXB,USA,0,0,0,14.9,0
4,Internet,RoundTrip,257,12,16,F,LHRBOM,USA,1,0,1,6.63,1
3,Internet,RoundTrip,31,7,1,S,JFKDXB,UAE,0,1,1,11.14,1
4,Internet,OneWay,284,20,1,M,AUHBOM,France,1,0,1,12.02,1
1,Internet,RoundTrip,35,14,3,M,LHRBOM,India,0,1,1,12.58,1
2,Internet,OneWay,212,18,17,T,JFKDXB,United Kingdom,1,0,0,9.86,1
2,Internet,RoundTrip,12,4,16,W,AUHBOM,France,0,0,0,7.27,0
4,Internet,OneWay,74,3,16,S,LTNPRG,India,1,0,0,9.68,1
3,Internet,RoundTrip,228,9,13,F,LTNPRG,India,0,0,1,3.31,1
1,Internet,RoundTrip,209,12,4,T,LTNPRG,USA,1,0,1,14.61,0
1,Internet,OneWay,163,12,5,S,LTNPRG,United Kingdom,1,1,1,4.03,1
2,Internet,RoundTrip,228,14,3,S,LTNPRG,United Kingdom,1,1,1,4.84,0
1,Mobile,RoundTrip,305,17,2,M,CDGSYD,India,0,0,0,9.78,1
3,Internet,RoundTrip,94,7,17,S,CDGSYD,France,1,1,1,9.01,0
4,Internet,RoundTrip,354,6,10,W,LTNPRG,France,1,1,0,2.86,0
4,Internet,RoundTrip,53,6,9,T,LTNPRG,UAE,0,0,0,9.28,0
1,Internet,RoundTrip,357,8,3,M,AUHBOM,France,0,1,1,10.64,1
2,Internet,RoundTrip,337,12,14,M,AUHBOM,France,1,0,0,8.23,1
3,Internet,RoundTrip,156,17,19,M,CDGSYD,France,1,1,1,9.5,1
2,Mobile,RoundTrip,35,9,0,S,CDGSYD,UAE,0,1,0,3.51,0
2,Internet,RoundTrip,149,9,21,S,LHRBOM,USA,1,1,1,13.67,1
1,Internet,RoundTrip,101,19,4,S,JFKDXB,France,0,0,0,14.92,1
1,Internet,RoundTrip,211,7,20,T,JFKDXB,India,0,0,0,9.99,1
2,Internet,OneWay,85,4,17,T,LHRBOM,France,0,0,0,9.15,1
1,Mobile,OneWay,25,7,20,S,LTNPRG,UAE,1,1,1,11.11,1
1,Internet,RoundTrip,325,1,4,S,AUHBOM,France,0,0,0,13.5,1
3,Mobile,OneWay,316,8,12,W,AUHBOM,United Kingdom,0,1,0,4.4,1
4,Mobile,RoundTrip,183,18,1,T,LTNPRG,USA,1,1,1,8.46,1
3,Internet,RoundTrip,310,17,10,S,LHRBOM,UAE,1,0,0,7.26,1
1,Internet,RoundTrip,349,18,4,W,JFKDXB,India,0,0,0,4.08,0
4,Internet,RoundTrip,335,7,1,T,JFKDXB,USA,1,1,0,7.36,0
3,Mobile,RoundTrip,302,9,19,S,JFKDXB,India,1,1,0,13.41,0
2,Internet,RoundTrip,16,17,17,T,LHRBOM,France,0,0,0,3.48,1
2,Internet,RoundTrip,275,16,7,W,AUHBOM,India,0,1,0,4.36,0
4,Mobile,RoundTrip,335,4,9,T,CDGSYD,India,1,1,0,10.34,1
2,Mobile,RoundTrip,65,17,12,S,AUHBOM,UAE,0,0,1,4.76,1
1,Internet,RoundTrip,25,3,13,M,JFKDXB,USA,1,0,1,4.25,1
2,Internet,RoundTrip,126,6,13,T,AUHBOM,UAE,1,1,0,14.01,0
2,Mobile,OneWay,300,11,7,W,LHRBOM,USA,0,1,0,7.72,1
2,Internet,RoundTrip,299,14,8,W,JFKDXB,India,0,1,1,4.79,1
2,Mobile,RoundTrip,213,16,22,S,LTNPRG,India,0,1,0,8.58,1
3,Internet,RoundTrip,359,15,2,S,AUHBOM,India,1,0,0,2.87,1
2,Internet,OneWay,60,6,9,F,LTNPRG,United Kingdom,0,0,1,5.03,1
3,Mobile,RoundTrip,320,8,5,T,LHRBOM,USA,0,1,0,9.41,0
2,Internet,RoundTrip,317,15,5,F,AUHBOM,France,1,1,1,4.36,0
4,Internet,OneWay,346,19,3,F,CDGSYD,USA,0,1,1,14.01,1
4,Internet,RoundTrip,107,18,2,M,LTNPRG,United Kingdom,1,1,0,5.18,0
2,Internet,OneWay,234,20,20,S,AUHBOM,USA,0,0,0,5.72,0
1,Mobile,RoundTrip,101,14,20,T,LHRBOM,United Kingdom,0,1,0,11.2,0
3,Internet,OneWay,176,10,17,S,JFKDXB,USA,1,1,1,13.26,1
2,Internet,RoundTrip,350,16,21,M,JFKDXB,India,1,0,0,3.07,0
4,Internet,RoundTrip,188,2,18,S,AUHBOM,France,0,1,0,9.24,0
2,Mobile,RoundTrip,280,19,2,S,LHRBOM,India,0,0,1,11.54,0
2,Internet,RoundTrip,167,19,18,S,JFKDXB,United Kingdom,1,0,1,13.25,0
2,Mobile,RoundTrip,1,11,18,T,JFKDXB,France,0,0,0,3.14,0
4,Mobile,OneWay,57,11,0,M,AUHBOM,India,0,0,0,14.93,1
1,Internet,OneWay,245,11,20,T,JFKDXB,France,0,1,1,3.29,0
4,Mobile,OneWay,112,3,17,F,LHRBOM,United Kingdom,1,0,0,12.44,0
1,Internet,RoundTrip,114,5,22,T,LTNPRG,UAE,0,0,0,3.92,0
4,Internet,OneWay,33,15,11,W,JFKDXB,United Kingdom,1,0,1,10.02,0
3,Internet,RoundTrip,299,1,17,W,CDGSYD,UAE,1,1,0,6.42,0
3,Mobile,RoundTrip,33,14,17,F,CDGSYD,India,0,0,1,6.42,1
1,Mobile,RoundTrip,196,7,15,F,AUHBOM,USA,1,1,1,6.81,1
3,Mobile,RoundTrip,114,3,22,S,LTNPRG,UAE,0,0,0,11.35,1
3,Mobile,RoundTrip,330,12,3,M,LHRBOM,India,1,0,1,7.04,1
2,Internet,RoundTrip,243,6,8,T,LTNPRG,USA,0,1,1,14.14,0
2,Mobile,RoundTrip,25,9,2,S,CDGSYD,India,1,1,0,4.59,1
3,Mobile,RoundTrip,224,18,13,S,LTNPRG,France,1,0,0,2.07,0
2,Internet,RoundTrip,61,14,0,F,LTNPRG,United Kingdom,1,1,1,4.28,1
4,Internet,OneWay,204,20,7,W,AUHBOM,USA,0,1,1,14.47,1
1,Internet,RoundTrip,89,8,17,W,LTNPRG,France,1,0,0,10.33,1
2,Mobile,OneWay,273,9,20,F,AUHBOM,India,0,1,1,9.99,1
4,Internet,RoundTrip,173,14,5,S,CDGSYD,UAE,0,0,0,14.71,1
4,Mobile,OneWay,154,3,5,W,LHRBOM,United Kingdom,0,1,0,7.89,1
2,Internet,OneWay,320,18,0,S,LTNPRG,France,0,0,0,6.07,0
3,Internet,OneWay,161,8,8,W,JFKDXB,United Kingdom,1,1,1,2.13,0
1,Internet,RoundTrip,86,10,16,W,JFKDXB,United Kingdom,0,1,0,5.63,0
1,Internet,RoundTrip,189,11,20,F,JFKDXB,United Kingdom,1,0,1,8.21,0
4,Mobile,RoundTrip,295,2,9,S,JFKDXB,United Kingdom,1,0,1,2.02,1
3,Internet,RoundTrip,25,7,2,T,LTNPRG,UAE,0,0,1,13.19,0
1,Mobile,OneWay,103,3,7,S,JFKDXB,UAE,1,1,0,9.11,0
4,Internet,RoundTrip,212,13,11,S,LTNPRG,India,1,1,0,13.43,1
2,Mobile,RoundTrip,88,15,13,T,AUHBOM,France,1,0,0,11.22,1
3,Internet,OneWay,274,1,13,S,AUHBOM,UAE,0,1,1,10.14,0
4,Internet,RoundTrip,21,1,18,S,JFKDXB,United Kingdom,1,1,0,11.24,0
4,Internet,RoundTrip,96,17,13,S,LTNPRG,United Kingdom,0,1,0,11.62,1
1,Internet,RoundTrip,215,7,9,T,AUHBOM,France,0,0,0,7.21,0
2,Internet,RoundTrip,312,17,2,S,LTNPRG,United Kingdom,0,0,0,11.33,1
2,Mobile,RoundTrip,129,14,21,S,CDGSYD,France,1,1,0,13.27,0
4,Internet,RoundTrip,97,16,0,S,LTNPRG,United Kingdom,1,0,0,11.77,1
4,Internet,OneWay,338,8,7,W,LTNPRG,United Kingdom,1,0,0,10.77,0
3,Internet,OneWay,187,7,9,T,AUHBOM,United Kingdom,1,0,0,12.86,0
1,Internet,RoundTrip,74,15,20,S,LHRBOM,France,1,0,1,4.73,0
4,Internet,RoundTrip,319,13,10,F,JFKDXB,United Kingdom,0,1,1,6.21,1
3,Internet,OneWay,11,12,9,S,LTNPRG,France,0,0,0,9.49,1
2,Mobile,RoundTrip,269,8,21,M,CDGSYD,United Kingdom,0,1,0,4.64,1
2,Mobile,RoundTrip,330,13,8,M,LHRBOM,USA,1,1,1,11.03,0
2,Internet,RoundTrip,210,8,17,T,LTNPRG,India,0,0,0,11.8,1
2,Internet,OneWay,334,18,0,F,CDGSYD,UAE,1,1,0,2.34,1
4,Internet,RoundTrip,227,15,13,S,LHRBOM,USA,0,1,0,10.58,1
4,Internet,RoundTrip,218,8,16,F,AUHBOM,USA,1,1,0,2.4,1
1,Internet,OneWay,40,17,4,S,CDGSYD,India,0,0,1,2.61,1
4,Mobile,OneWay,65,2,17,W,LHRBOM,United Kingdom,0,1,1,3.94,0
2,Internet,RoundTrip,255,17,20,F,LTNPRG,UAE,0,1,1,4.98,1
4,Internet,RoundTrip,249,9,1,M,JFKDXB,United Kingdom,0,1,0,13.22,1
4,Mobile,OneWay,223,5,4,F,JFKDXB,USA,1,0,0,9.25,0
3,Internet,RoundTrip,77,17,3,M,AUHBOM,UAE,0,0,1,2.72,0
3,Mobile,OneWay,31,14,21,T,JFKDXB,USA,0,0,0,14.5,0
3,Internet,RoundTrip,32,2,6,T,LHRBOM,India,0,0,1,8.07,0
4,Internet,RoundTrip,46,6,21,S,AUHBOM,USA,1,0,0,9.16,1
2,Mobile,OneWay,80,10,8,T,LTNPRG,India,1,1,1,11.19,1
3,Mobile,RoundTrip,354,13,22,T,CDGSYD,UAE,1,1,0,12.9,1
4,Mobile,RoundTrip,284,17,12,S,AUHBOM,USA,0,0,1,9.66,0
4,Internet,RoundTrip,65,8,6,T,AUHBOM,France,1,0,0,10.13,0
1,Mobile,OneWay,112,17,11,T,LHRBOM,USA,0,0,0,3.12,0
2,Internet,RoundTrip,327,16,3,M,JFKDXB,United Kingdom,0,1,1,2.7,0
3,Internet,OneWay,164,8,4,T,LTNPRG,UAE,0,1,0,5.38,1
3,Internet,RoundTrip,101,19,14,S,LHRBOM,France,1,0,1,9.13,1
3,Internet,RoundTrip,120,19,17,W,AUHBOM,USA,0,1,0,13.66,0
4,Internet,OneWay,145,6,9,T,LHRBOM,USA,1,0,0,4.26,0
3,Internet,OneWay,198,12,19,S,CDGSYD,USA,1,1,1,14.22,0
3,Mobile,OneWay,203,18,8,T,JFKDXB,UAE,1,0,0,5.44,1
4,Mobile,RoundTrip,194,11,8,S,CDGSYD,France,1,0,1,12.65,0
1,Mobile,RoundTrip,228,15,12,W,LHRBOM,United Kingdom,1,0,1,5.71,0
3,Internet,RoundTrip,109,16,9,T,JFKDXB,France,1,0,0,7.26,0
2,Mobile,RoundTrip,182,12,15,M,JFKDXB,UAE,0,1,0,11.13,1
4,Internet,RoundTrip,302,8,20,W,CDGSYD,UAE,0,0,0,13.47,1
3,Internet,RoundTrip,127,11,7,M,LTNPRG,USA,0,0,1,5.2,1
3,Mobile,RoundTrip,358,17,11,F,AUHBOM,India,1,1,1,12.04,0
4,Internet,RoundTrip,182,7,7,M,AUHBOM,France,1,0,1,14.92,1
1,Internet,RoundTrip,137,17,13,M,AUHBOM,France,1,1,0,7.19,0
3,Internet,RoundTrip,256,5,14,T,AUHBOM,France,1,1,0,3.27,0
4,Internet,RoundTrip,143,10,10,F,AUHBOM,India,0,1,0,9.43,1
4,Mobile,RoundTrip,145,2,1,T,AUHBOM,France,1,1,0,5.1,1
1,Internet,RoundTrip,137,18,21,S,LHRBOM,USA,1,0,0,3.2,1
4,Internet,OneWay,199,15,16,W,LTNPRG,UAE,0,0,0,9.85,0
1,Internet,RoundTrip,16,3,16,T,LTNPRG,India,0,0,0,6.57,1
2,Internet,OneWay,139,5,18,T,LTNPRG,UAE,0,1,1,5.93,0
4,Mobile,RoundTrip,280,11,0,S,CDGSYD,UAE,1,0,1,13.83,1
3,Mobile,OneWay,121,10,20,T,LTNPRG,USA,0,0,0,3.43,1
3,Mobile,RoundTrip,197,3,1,S,LTNPRG,India,0,1,1,7.8,1
3,Mobile,OneWay,109,18,17,S,AUHBOM,UAE,0,0,0,11.27,0
4,Internet,OneWay,343,10,21,T,LTNPRG,France,1,1,1,10.07,1
1,Mobile,RoundTrip,82,14,11,M,LTNPRG,UAE,0,1,0,10.33,0
2,Internet,RoundTrip,283,16,16,F,LHRBOM,USA,1,0,1,12.47,1
2,Internet,RoundTrip,277,4,20,T,JFKDXB,UAE,1,1,0,6.41,0
4,Internet,RoundTrip,148,7,13,W,LTNPRG,UAE,1,1,1,7.88,1
3,Internet,OneWay,359,15,11,M,CDGSYD,India,0,1,1,6.27,1
3,Mobile,OneWay,360,16,18,T,LHRBOM,India,1,1,1,5.33,0
4,Internet,RoundTrip,11,5,18,S,LHRBOM,USA,1,1,0,6.76,1
4,Mobile,RoundTrip,207,7,1,T,JFKDXB,UAE,0,1,1,6.39,1
2,Internet,RoundTrip,72,16,1,S,CDGSYD,United Kingdom,0,1,0,7.5,1
2,Internet,RoundTrip,364,7,16,T,LHRBOM,United Kingdom,0,0,1,13.14,0
1,Mobile,RoundTrip,351,2,16,M,LHRBOM,United Kingdom,1,0,1,6.53,0
1,Internet,RoundTrip,155,10,18,T,AUHBOM,France,0,0,1,7.78,1
2,Internet,OneWay,125,3,1,M,LHRBOM,United Kingdom,1,0,0,7.6,0
3,Internet,RoundTrip,299,12,3,T,AUHBOM,France,1,1,0,5.68,0
4,Mobile,OneWay,142,19,0,M,AUHBOM,USA,0,1,0,8.26,1
2,Mobile,RoundTrip,267,3,6,M,LTNPRG,United Kingdom,0,1,1,13.27,1
3,Internet,RoundTrip,242,6,11,M,JFKDXB,UAE,1,1,0,5.58,0
4,Internet,RoundTrip,104,12,8,S,CDGSYD,USA,0,0,1,8.33,0
2,Internet,RoundTrip,129,4,2,T,LTNPRG,India,1,0,1,8.28,1
1,Internet,RoundTrip,340,11,12,T,CDGSYD,France,0,1,1,11.0,1
4,Internet,OneWay,180,5,7,T,LHRBOM,India,0,1,1,8.51,1
3,Internet,RoundTrip,152,13,6,M,JFKDXB,UAE,0,0,1,4.94,0
1,Internet,RoundTrip,328,8,17,T,LHRBOM,UAE,1,0,1,6.79,0
2,Internet,RoundTrip,209,19,7,M,JFKDXB,USA,0,1,0,4.26,0
2,Internet,RoundTrip,206,17,12,T,LHRBOM,USA,1,1,1,3.14,1
1,Internet,RoundTrip,142,20,1,T,CDGSYD,USA,0,0,1,4.13,0
2,Internet,RoundTrip,243,4,16,W,LHRBOM,United Kingdom,0,0,1,3.28,1
4,Mobile,RoundTrip,17,19,12,T,AUHBOM,UAE,1,1,1,3.19,1
3,Internet,OneWay,80,1,18,T,LHRBOM,USA,0,1,0,3.84,1
4,Mobile,RoundTrip,299,5,6,T,AUHBOM,UAE,1,0,1,6.87,1
4,Internet,RoundTrip,96,18,11,W,LHRBOM,USA,1,1,1,3.86,0
2,Internet,RoundTrip,359,18,9,M,AUHBOM,France,0,0,0,8.33,1
1,Internet,RoundTrip,325,6,22,S,AUHBOM,UAE,0,1,1,5.33,0
1,Internet,RoundTrip,139,17,2,W,AUHBOM,UAE,1,0,0,12.89,1
4,Internet,RoundTrip,334,2,4,W,LTNPRG,USA,1,1,1,3.5,0
2,Mobile,OneWay,261,7,22,F,LTNPRG,USA,0,0,1,11.3,1
3,Mobile,RoundTrip,294,1,1,W,AUHBOM,UAE,1,0,1,2.95,0
2,Internet,RoundTrip,172,11,6,F,CDGSYD,India,0,0,1,14.6,1
4,Internet,RoundTrip,45,18,7,S,LHRBOM,India,0,0,1,11.25,1
3,Mobile,RoundTrip,199,13,18,S,CDGSYD,France,1,1,0,13.21,1
4,Internet,OneWay,298,11,17,W,LTNPRG,USA,1,1,1,3.2,1
2,Internet,RoundTrip,33,4,19,M,LHRBOM,United Kingdom,0,0,1,9.92,0
4,Mobile,OneWay,7,13,2,M,LTNPRG,United Kingdom,1,1,1,2.09,1
3,Internet,RoundTrip,299,7,4,T,CDGSYD,France,0,0,1,6.82,0
1,Internet,RoundTrip,218,13,10,F,LHRBOM,USA,0,1,0,14.77,0
1,Internet,RoundTrip,190,3,16,T,CDGSYD,France,1,1,1,6.76,1
2,Internet,RoundTrip,246,11,13,T,CDGSYD,United Kingdom,0,0,1,9.48,0
1,Internet,RoundTrip,250,10,12,T,AUHBOM,India,1,0,1,8.72,1
4,Mobile,OneWay,156,16,18,T,LHRBOM,United Kingdom,1,0,0,6.06,1
1,Internet,RoundTrip,223,19,4,S,AUHBOM,India,1,1,0,2.76,0
3,Mobile,RoundTrip,175,19,19,S,LHRBOM,UAE,1,1,1,13.32,0
3,Mobile,RoundTrip,76,7,15,T,CDGSYD,UAE,0,1,1,10.66,1
3,Mobile,RoundTrip,271,13,5,T,JFKDXB,UAE,1,0,0,14.7,0
3,Internet,RoundTrip,137,14,10,T,LHRBOM,United Kingdom,0,1,0,10.04,0
4,Internet,RoundTrip,326,17,6,S,CDGSYD,United Kingdom,0,0,1,3.38,0
4,Internet,RoundTrip,145,17,7,W,AUHBOM,India,0,1,0,7.76,0
4,Internet,OneWay,69,1,15,W,AUHBOM,UAE,0,1,0,5.44,1
2,Mobile,OneWay,302,17,6,T,JFKDXB,UAE,0,1,0,14.17,0
3,Internet,RoundTrip,51,10,19,T,LHRBOM,USA,1,1,1,4.76,0
1,Mobile,RoundTrip,360,20,2,S,LTNPRG,India,1,0,0,7.78,0
4,Internet,RoundTrip,230,13,3,W,CDGSYD,France,0,0,1,14.28,0
1,Internet,RoundTrip,176,8,21,S,LTNPRG,USA,1,0,0,3.12,0
1,Internet,OneWay,84,5,16,W,LTNPRG,France,0,1,1,11.68,1
4,Mobile,OneWay,74,19,10,F,CDGSYD,USA,0,1,1,10.34,0
4,Internet,OneWay,71,4,5,S,LHRBOM,France,1,1,1,7.62,0
1,Internet,RoundTrip,304,2,5,S,LTNPRG,USA,0,1,1,3.31,1
4,Mobile,RoundTrip,75,3,4,F,CDGSYD,USA,1,0,1,12.89,0
1,Internet,OneWay,13,12,20,F,CDGSYD,UAE,1,0,1,2.36,1
1,Internet,RoundTrip,72,6,7,W,AUHBOM,USA,1,0,1,12.2,1
4,Internet,RoundTrip,223,12,21,M,AUHBOM,India,1,0,1,9.86,1
1,Internet,RoundTrip,174,17,18,S,LHRBOM,UAE,0,0,0,4.51,0
1,Internet,RoundTrip,136,6,8,S,AUHBOM,United Kingdom,0,1,0,9.29,0
4,Internet,RoundTrip,352,1,17,T,LHRBOM,France,0,1,1,11.02,0
3,Internet,RoundTrip,126,8,10,M,CDGSYD,UAE,1,1,1,7.05,1
3,Internet,RoundTrip,302,13,11,S,LTNPRG,UAE,0,0,1,12.41,0
4,Internet,OneWay,46,15,17,M,LHRBOM,USA,0,1,0,14.43,1
1,Internet,OneWay,198,2,16,M,JFKDXB,USA,1,1,0,11.66,1
4,Internet,OneWay,48,18,5,S,AUHBOM,USA,0,1,0,2.03,1
2,Internet,OneWay,30,12,9,F,CDGSYD,USA,1,0,1,6.45,0
3,Internet,RoundTrip,248,10,21,F,CDGSYD,France,1,0,0,13.87,0
2,Internet,OneWay,245,6,4,F,CDGSYD,France,1,0,1,6.39,0
2,Internet,RoundTrip,210,20,16,S,CDGSYD,India,1,1,1,4.47,0
2,Mobile,OneWay,165,4,19,F,LTNPRG,United Kingdom,0,1,1,3.87,0
3,Mobile,OneWay,99,9,13,S,JFKDXB,United Kingdom,1,0,1,12.42,0
4,Internet,RoundTrip,284,10,1,S,AUHBOM,UAE,0,1,0,5.17,0
1,Internet,RoundTrip,69,11,19,T,CDGSYD,India,1,0,0,7.95,1
3,Internet,RoundTrip,180,5,20,F,AUHBOM,India,0,0,0,8.54,0
4,Mobile,RoundTrip,344,19,14,W,LTNPRG,USA,1,1,0,14.51,0
3,Internet,RoundTrip,244,8,18,F,LTNPRG,USA,0,1,1,10.42,0
4,Internet,RoundTrip,308,15,1,T,CDGSYD,USA,0,1,1,14.48,0
1,Internet,RoundTrip,73,13,16,S,LTNPRG,USA,1,0,0,4.71,1
2,Internet,RoundTrip,10,5,18,T,LTNPRG,France,1,0,0,13.19,0
2,Internet,OneWay,304,19,13,T,JFKDXB,United Kingdom,0,0,1,4.68,1
3,Mobile,RoundTrip,205,10,12,M,CDGSYD,UAE,1,1,0,5.59,1
2,Mobile,OneWay,284,13,18,T,AUHBOM,France,1,1,1,14.72,1
2,Internet,RoundTrip,307,13,15,W,AUHBOM,United Kingdom,1,0,0,8.44,0
4,Internet,RoundTrip,137,11,0,F,LHRBOM,India,1,1,0,6.69,1
1,Internet,RoundTrip,41,13,4,W,CDGSYD,USA,0,0,0,10.49,0
4,Internet,OneWay,351,12,13,W,JFKDXB,France,0,0,0,12.13,0
1,Internet,RoundTrip,111,15,13,W,CDGSYD,France,0,0,1,7.89,1
2,Internet,RoundTrip,59,10,6,T,AUHBOM,France,1,0,1,12.87,1
3,Mobile,RoundTrip,208,17,3,F,CDGSYD,United Kingdom,0,1,1,10.33,0
4,Mobile,RoundTrip,8,12,14,M,LTNPRG,France,1,0,1,13.17,0
4,Internet,RoundTrip,22,20,7,S,JFKDXB,India,1,1,0,14.33,1
1,Internet,RoundTrip,278,12,15,T,AUHBOM,USA,1,0,0,10.33,0
3,Internet,RoundTrip,33,12,15,M,CDGSYD,UAE,1,1,1,11.26,1
2,Internet,OneWay,219,10,4,F,AUHBOM,USA,0,0,1,3.05,1
4,Internet,RoundTrip,166,8,17,F,LTNPRG,United Kingdom,1,0,1,12.33,0
4,Internet,RoundTrip,41,16,3,F,JFKDXB,India,0,1,0,14.68,0
1,Internet,RoundTrip,344,13,9,W,LHRBOM,United Kingdom,1,0,1,8.14,0
2,Mobile,OneWay,59,8,13,T,CDGSYD,India,0,1,0,7.28,1
4,Internet,RoundTrip,237,17,20,S,LTNPRG,France,0,1,0,11.09,0
4,Internet,RoundTrip,48,3,21,T,CDGSYD,India,1,0,0,4.76,1
3,Internet,RoundTrip,215,2,15,T,CDGSYD,United Kingdom,0,0,1,3.53,1
1,Mobile,OneWay,61,13,15,T,LHRBOM,India,0,1,0,14.06,1
2,Internet,RoundTrip,324,10,11,S,AUHBOM,UAE,0,1,0,2.88,1
4,Internet,OneWay,168,16,11,S,CDGSYD,UAE,1,0,0,11.04,1
3,Internet,OneWay,4,14,12,F,CDGSYD,India,0,0,1,5.92,1
1,Internet,RoundTrip,19,16,21,S,LHRBOM,UAE,0,0,0,2.14,0
2,Mobile,RoundTrip,198,6,14,F,AUHBOM,UAE,1,1,0,5.1,0
1,Internet,RoundTrip,190,6,18,T,AUHBOM,United Kingdom,0,0,1,12.78,1
2,Mobile,RoundTrip,121,6,12,T,JFKDXB,USA,1,0,1,2.26,0
2,Internet,RoundTrip,221,13,16,W,CDGSYD,USA,0,0,1,4.77,0
3,Internet,RoundTrip,291,14,19,W,LHRBOM,France,1,0,1,11.59,0
4,Internet,RoundTrip,265,20,10,S,AUHBOM,India,1,0,0,14.78,0
3,Internet,RoundTrip,273,5,14,S,JFKDXB,United Kingdom,1,0,0,10.64,1
3,Internet,RoundTrip,345,3,11,T,CDGSYD,UAE,0,1,0,8.94,1
2,Internet,RoundTrip,76,20,11,M,JFKDXB,France,0,1,1,7.07,1
3,Internet,RoundTrip,31,11,6,W,AUHBOM,USA,0,0,0,11.52,1
4,Mobile,RoundTrip,45,8,19,S,LTNPRG,India,0,0,1,4.77,1
1,Mobile,RoundTrip,13,7,18,F,LTNPRG,France,0,1,0,3.07,1
2,Internet,OneWay,107,18,21,T,AUHBOM,UAE,0,1,0,11.12,1
1,Internet,RoundTrip,51,16,6,W,JFKDXB,United Kingdom,0,0,1,13.8,0
1,Mobile,RoundTrip,336,4,22,S,LHRBOM,USA,1,0,1,13.34,1
1,Internet,OneWay,123,7,16,S,LHRBOM,France,0,1,1,6.9,1
3,Mobile,RoundTrip,80,18,7,F,CDGSYD,United Kingdom,0,0,1,14.2,0
4,Internet,RoundTrip,192,15,20,S,JFKDXB,United Kingdom,1,1,1,3.05,1
4,Mobile,RoundTrip,157,17,12,T,JFKDXB,USA,0,0,0,2.85,0
1,Internet,RoundTrip,2,4,12,T,AUHBOM,USA,1,1,0,9.08,0
3,Internet,RoundTrip,350,12,17,F,AUHBOM,United Kingdom,0,0,1,10.99,0
2,Internet,OneWay,253,2,3,F,LTNPRG,France,1,1,0,5.56,0
2,Internet,RoundTrip,301,10,10,T,LHRBOM,France,0,1,0,9.63,0
3,Mobile,RoundTrip,349,3,0,S,LHRBOM,UAE,0,1,1,2.73,1
3,Mobile,OneWay,323,6,9,S,LHRBOM,France,0,0,1,13.69,1
3,Internet,RoundTrip,91,6,15,T,LHRBOM,France,0,1,1,9.27,1
1,Internet,OneWay,278,4,22,F,LTNPRG,India,0,0,0,14.28,0
2,Internet,OneWay,4,17,5,S,AUHBOM,USA,0,1,1,9.56,1
2,Internet,RoundTrip,132,8,20,S,JFKDXB,India,0,1,1,13.02,0
1,Internet,RoundTrip,275,4,0,W,JFKDXB,France,0,1,0,14.35,0
1,Mobile,RoundTrip,255,20,0,S,AUHBOM,United Kingdom,0,0,0,8.11,0
2,Mobile,RoundTrip,281,1,7,W,AUHBOM,United Kingdom,0,0,0,6.29,1
1,Internet,RoundTrip,276,3,6,S,AUHBOM,UAE,0,1,0,6.2,1
3,Internet,RoundTrip,16,18,13,S,JFKDXB,United Kingdom,0,1,0,6.81,0
1,Internet,RoundTrip,213,10,4,W,CDGSYD,United Kingdom,1,1,0,5.44,0
1,Internet,RoundTrip,225,8,12,F,LTNPRG,USA,0,1,0,14.23,0
4,Internet,RoundTrip,57,7,22,S,LHRBOM,India,0,1,0,8.86,0
3,Internet,OneWay,89,12,3,W,JFKDXB,India,1,1,1,9.88,0
3,Internet,RoundTrip,178,8,9,S,JFKDXB,USA,0,0,1,2.89,0
1,Internet,OneWay,231,2,13,T,AUHBOM,France,0,1,1,13.47,0
1,Mobile,RoundTrip,310,20,9,T,AUHBOM,UAE,0,1,1,3.04,1
4,Internet,OneWay,265,19,9,F,LTNPRG,India,0,0,1,8.7,0
4,Internet,RoundTrip,356,4,0,T,JFKDXB,USA,0,0,1,13.25,1
4,Internet,OneWay,82,11,10,F,LTNPRG,United Kingdom,0,0,0,3.36,0
4,Mobile,RoundTrip,143,10,21,S,AUHBOM,India,0,1,0,12.81,0
1,Internet,OneWay,95,2,20,T,JFKDXB,India,0,0,0,11.3,1
4,Internet,RoundTrip,325,8,18,T,LHRBOM,UAE,0,1,1,9.03,1
2,Internet,RoundTrip,223,13,1,F,LHRBOM,USA,1,1,1,6.35,0
3,Internet,RoundTrip,185,3,2,S,LTNPRG,UAE,0,0,0,11.42,0
2,Internet,RoundTrip,212,8,12,S,JFKDXB,UAE,1,0,0,14.23,0
3,Mobile,RoundTrip,119,6,6,W,LTNPRG,USA,1,0,0,4.13,0
4,Internet,RoundTrip,323,8,3,S,LTNPRG,India,0,1,0,2.08,1
4,Internet,RoundTrip,224,13,4,S,AUHBOM,United Kingdom,1,0,1,2.06,0
3,Internet,OneWay,186,9,4,W,JFKDXB,USA,0,1,0,14.85,1
2,Mobile,RoundTrip,257,16,2,M,LHRBOM,UAE,0,1,0,9.24,1
3,Mobile,RoundTrip,292,11,14,S,CDGSYD,USA,0,1,0,8.59,0
2,Mobile,OneWay,144,14,9,T,AUHBOM,India,0,1,0,4.47,0
1,Internet,RoundTrip,267,13,15,M,LHRBOM,UAE,1,0,0,5.98,0
3,Mobile,RoundTrip,291,17,4,W,AUHBOM,United Kingdom,1,0,1,9.91,0
1,Internet,RoundTrip,243,3,13,S,LHRBOM,UAE,0,1,0,3.93,1
2,Internet,RoundTrip,43,20,4,S,LTNPRG,USA,1,0,0,8.5,1
3,Internet,RoundTrip,70,16,21,W,AUHBOM,USA,1,1,1,2.22,0
4,Mobile,OneWay,12,4,3,F,JFKDXB,France,1,1,1,11.66,0
3,Internet,OneWay,101,1,18,S,CDGSYD,UAE,0,1,1,4.6,1
4,Internet,OneWay,60,1,15,M,AUHBOM,France,1,1,0,14.72,1
4,Internet,RoundTrip,207,14,4,S,AUHBOM,USA,0,1,0,14.51,1
1,Internet,OneWay,332,9,2,F,CDGSYD,UAE,1,1,0,3.2,1
4,Internet,RoundTrip,25,4,14,S,JFKDXB,UAE,1,0,0,8.21,0
2,Internet,RoundTrip,104,7,0,M,CDGSYD,India,0,0,0,5.71,0
3,Mobile,RoundTrip,17,9,14,T,LHRBOM,USA,1,0,0,9.17,0
1,Internet,OneWay,31,1,15,W,CDGSYD,India,1,0,1,9.44,1
3,Internet,OneWay,19,12,14,S,JFKDXB,United Kingdom,0,1,1,11.85,1
3,Internet,RoundTrip,221,1,22,F,CDGSYD,USA,1,0,1,10.33,1
4,Internet,OneWay,336,13,9,W,LHRBOM,India,0,1,1,4.22,0
4,Mobile,RoundTrip,264,2,11,T,AUHBOM,United Kingdom,1,0,0,8.85,0
4,Internet,RoundTrip,251,16,21,T,LTNPRG,United Kingdom,1,1,0,14.19,0
3,Internet,RoundTrip,58,6,19,T,CDGSYD,India,0,1,0,2.42,0
4,Internet,RoundTrip,305,11,10,S,LHRBOM,India,1,0,1,2.57,0
1,Mobile,RoundTrip,211,8,9,S,LHRBOM,United Kingdom,1,1,1,5.21,1
4,Internet,RoundTrip,351,18,18,S,LHRBOM,USA,1,1,1,11.93,1
1,Mobile,OneWay,143,16,12,T,LTNPRG,USA,0,0,1,14.99,0
2,Internet,RoundTrip,256,20,11,F,LHRBOM,India,0,0,0,4.36,0
4,Internet,OneWay,175,15,18,T,LHRBOM,United Kingdom,0,0,0,5.78,1
3,Internet,RoundTrip,188,20,18,M,JFKDXB,United Kingdom,0,0,1,13.21,1
4,Internet,RoundTrip,39,5,9,T,AUHBOM,United Kingdom,0,0,0,10.47,0
3,Internet,OneWay,175,7,9,T,JFKDXB,France,1,0,1,6.05,0
3,Internet,RoundTrip,61,17,15,S,LHRBOM,UAE,0,1,0,11.08,1
1,Mobile,RoundTrip,272,1,0,M,JFKDXB,United Kingdom,0,1,0,4.33,0
4,Mobile,RoundTrip,258,4,17,W,LHRBOM,UAE,1,0,0,11.24,1
3,Mobile,OneWay,316,15,11,M,LHRBOM,USA,0,1,1,3.42,0
3,Internet,RoundTrip,168,8,20,T,CDGSYD,UAE,1,0,0,9.45,0
2,Mobile,OneWay,302,6,12,S,JFKDXB,USA,0,0,0,8.36,1
4,Mobile,OneWay,325,7,8,M,JFKDXB,United Kingdom,1,1,1,7.68,0
2,Internet,RoundTrip,180,16,2,F,CDGSYD,France,1,0,1,9.11,1
1,Internet,RoundTrip,345,10,0,T,CDGSYD,India,0,0,1,14.85,1
1,Mobile,RoundTrip,282,1,15,M,LHRBOM,France,1,1,0,8.95,1
3,Internet,RoundTrip,106,11,4,T,LHRBOM,USA,0,0,1,3.99,1
3,Internet,RoundTrip,174,16,19,T,LTNPRG,United Kingdom,1,1,0,4.48,0
1,Mobile,RoundTrip,37,4,11,S,LHRBOM,USA,1,0,1,5.13,1
3,Internet,RoundTrip,140,2,19,W,JFKDXB,France,0,0,1,11.5,0
4,Internet,OneWay,132,13,10,F,LTNPRG,India,0,1,1,4.4,0
3,Internet,RoundTrip,109,18,8,T,CDGSYD,United Kingdom,1,0,0,4.69,1
4,Internet,RoundTrip,130,2,3,F,LHRBOM,India,1,0,1,14.71,0
1,Mobile,RoundTrip,20,14,9,S,LHRBOM,India,0,0,1,11.84,0
2,Internet,RoundTrip,166,16,18,W,CDGSYD,USA,1,0,1,6.94,0
3,Internet,RoundTrip,74,4,19,T,JFKDXB,United Kingdom,1,1,1,9.6,1
2,Mobile,OneWay,84,6,10,T,JFKDXB,USA,0,0,1,8.06,1
1,Internet,RoundTrip,266,11,22,T,LTNPRG,UAE,1,0,1,10.02,1
2,Mobile,RoundTrip,324,13,0,F,LTNPRG,UAE,0,1,0,14.4,0
2,Internet,OneWay,63,11,1,T,AUHBOM,USA,0,0,0,12.21,1
1,Internet,RoundTrip,205,4,1,F,JFKDXB,India,0,0,0,8.8,0
2,Internet,OneWay,329,18,1,F,LHRBOM,France,1,0,0,3.91,1
2,Internet,RoundTrip,222,9,0,S,AUHBOM,UAE,1,0,1,2.82,1
4,Mobile,OneWay,29,11,1,T,JFKDXB,UAE,1,0,1,8.33,0
2,Mobile,OneWay,283,11,18,S,LTNPRG,France,0,0,1,2.86,0
2,Mobile,OneWay,19,12,10,W,CDGSYD,India,1,1,0,14.74,0
2,Internet,RoundTrip,225,6,17,T,JFKDXB,UAE,0,0,1,8.57,1
3,Mobile,RoundTrip,176,7,18,S,JFKDXB,France,1,0,1,4.1,1
2,Internet,OneWay,193,3,15,T,CDGSYD,United Kingdom,1,0,0,5.04,1
4,Mobile,RoundTrip,82,15,2,T,JFKDXB,India,0,1,1,4.96,1
2,Internet,RoundTrip,323,7,2,W,LTNPRG,UAE,0,1,0,8.67,1
2,Mobile,RoundTrip,38,2,15,T,AUHBOM,France,0,0,1,7.72,0
1,Internet,RoundTrip,342,1,21,M,AUHBOM,United Kingdom,1,1,0,10.16,1
4,Internet,RoundTrip,22,20,3,S,AUHBOM,UAE,0,1,1,7.22,1
2,Mobile,RoundTrip,111,9,14,M,LTNPRG,United Kingdom,1,1,0,10.78,1
1,Internet,RoundTrip,192,13,0,T,LHRBOM,United Kingdom,0,0,1,6.89,1
1,Internet,RoundTrip,188,11,4,T,AUHBOM,UAE,1,1,0,5.99,1
2,Mobile,RoundTrip,95,17,13,S,CDGSYD,India,1,1,1,2.53,0
4,Internet,RoundTrip,105,18,15,F,JFKDXB,India,0,0,0,12.34,1
1,Internet,OneWay,203,16,13,M,JFKDXB,India,1,1,1,8.53,1
1,Internet,RoundTrip,8,20,10,M,JFKDXB,France,1,0,1,4.58,0
3,Internet,RoundTrip,54,5,6,T,CDGSYD,France,1,0,0,7.96,1
2,Internet,OneWay,144,9,18,F,CDGSYD,UAE,0,1,0,6.28,1
4,Mobile,RoundTrip,9,6,7,M,CDGSYD,United Kingdom,1,1,1,4.8,0
4,Mobile,RoundTrip,32,17,16,T,JFKDXB,USA,1,1,0,10.64,0
3,Internet,RoundTrip,10,6,8,T,CDGSYD,United Kingdom,0,0,1,8.04,0
2,Internet,RoundTrip,298,16,11,T,LHRBOM,USA,1,1,0,7.6,1
3,Internet,RoundTrip,42,5,21,W,LTNPRG,United Kingdom,1,0,1,8.08,1
3,Mobile,RoundTrip,68,14,9,W,CDGSYD,United Kingdom,0,0,1,10.48,0
2,Internet,OneWay,290,1,19,W,LTNPRG,USA,0,0,1,12.38,1
2,Internet,RoundTrip,158,16,1,M,LTNPRG,USA,1,1,1,8.01,0
4,Mobile,RoundTrip,164,17,12,W,CDGSYD,UAE,0,0,1,9.05,1
3,Mobile,RoundTrip,240,12,11,T,LTNPRG,UAE,1,0,0,10.39,0
2,Internet,RoundTrip,228,11,22,W,LHRBOM,United Kingdom,1,1,0,4.28,0
4,Internet,RoundTrip,151,10,6,S,JFKDXB,France,1,1,1,12.03,0
2,Internet,OneWay,319,12,13,W,AUHBOM,France,1,0,1,2.43,1
1,Internet,OneWay,83,12,13,W,JFKDXB,United Kingdom,0,0,1,5.09,0
4,Internet,RoundTrip,78,10,2,T,LTNPRG,USA,1,0,0,14.8,1
4,Internet,RoundTrip,188,11,22,F,LTNPRG,France,0,1,0,10.12,0
2,Internet,RoundTrip,318,3,11,T,AUHBOM,France,0,1,0,7.49,1
4,Internet,RoundTrip,327,10,10,M,AUHBOM,India,0,1,1,11.57,1
2,Internet,RoundTrip,272,9,20,S,LTNPRG,United Kingdom,0,1,0,7.07,0
3,Internet,RoundTrip,2,18,1,S,JFKDXB,India,1,0,1,6.7,1
1,Mobile,RoundTrip,266,6,15,S,LTNPRG,UAE,0,1,1,11.75,0
3,Internet,RoundTrip,60,20,0,S,AUHBOM,UAE,1,1,0,8.08,1
1,Mobile,RoundTrip,317,18,21,M,AUHBOM,USA,0,1,1,8.12,1
1,Internet,RoundTrip,42,16,18,S,CDGSYD,India,1,1,0,3.45,1
4,Internet,RoundTrip,46,15,12,W,LHRBOM,United Kingdom,1,0,1,12.73,1
1,Mobile,RoundTrip,188,7,9,S,JFKDXB,USA,0,1,0,6.5,0
2,Internet,RoundTrip,197,4,20,T,JFKDXB,France,1,0,1,9.34,0
4,Internet,RoundTrip,124,16,5,F,CDGSYD,United Kingdom,1,1,0,7.33,1
4,Internet,RoundTrip,177,15,17,T,LHRBOM,France,1,1,1,9.91,1
2,Internet,RoundTrip,261,17,9,T,LHRBOM,United Kingdom,0,0,1,8.85,0
1,Internet,OneWay,242,11,18,W,JFKDXB,India,0,1,0,14.46,0
2,Internet,RoundTrip,260,18,17,M,CDGSYD,United Kingdom,0,1,1,14.45,0
3,Internet,RoundTrip,87,2,22,S,AUHBOM,France,0,0,1,4.22,0
2,Internet,RoundTrip,204,3,13,S,LTNPRG,USA,1,0,0,13.61,0
3,Internet,RoundTrip,47,2,6,S,CDGSYD,France,1,1,1,7.7,0
4,Internet,RoundTrip,89,7,20,T,LHRBOM,United Kingdom,1,1,0,8.09,0
3,Internet,RoundTrip,355,3,14,W,CDGSYD,USA,0,0,1,11.6,0
3,Internet,RoundTrip,16,1,16,F,CDGSYD,France,0,1,1,8.59,0
3,Internet,OneWay,170,17,5,W,JFKDXB,United Kingdom,0,0,0,11.36,1
1,Internet,OneWay,180,4,12,S,JFKDXB,France,0,0,1,7.45,0
3,Internet,RoundTrip,85,17,19,T,LTNPRG,United Kingdom,1,0,0,11.41,1
4,Internet,RoundTrip,19,13,8,F,AUHBOM,United Kingdom,1,0,1,8.38,1
3,Internet,OneWay,47,13,13,F,CDGSYD,UAE,0,1,0,3.45,1
4,Internet,RoundTrip,266,3,4,W,CDGSYD,France,1,1,0,9.78,0
4,Mobile,OneWay,217,1,4,S,LTNPRG,France,0,0,0,10.78,0
2,Mobile,OneWay,203,3,17,T,AUHBOM,India,1,1,0,5.21,0
2,Internet,RoundTrip,54,7,9,M,LTNPRG,India,1,0,1,10.66,0
4,Internet,RoundTrip,199,20,4,W,JFKDXB,United Kingdom,0,1,1,14.94,0
2,Internet,RoundTrip,67,9,4,M,LHRBOM,France,0,1,1,8.28,1
3,Mobile,OneWay,114,5,2,S,LTNPRG,United Kingdom,0,0,1,6.06,1
3,Mobile,RoundTrip,347,6,10,F,CDGSYD,USA,1,0,1,4.21,1
1,Internet,RoundTrip,163,7,7,S,AUHBOM,UAE,1,0,0,4.56,0
2,Internet,RoundTrip,11,12,1,T,LHRBOM,France,0,1,1,4.95,0
2,Internet,OneWay,217,17,11,S,LTNPRG,United Kingdom,1,1,0,6.69,1
1,Mobile,OneWay,69,2,22,F,LHRBOM,UAE,0,1,1,2.33,0
4,Mobile,RoundTrip,2,16,22,W,CDGSYD,USA,1,0,0,8.2,0
4,Internet,RoundTrip,245,1,13,W,AUHBOM,USA,1,0,1,13.52,1
4,Internet,RoundTrip,231,7,13,S,JFKDXB,United Kingdom,0,1,0,8.06,1
1,Internet,OneWay,79,12,22,T,JFKDXB,United Kingdom,0,1,0,8.62,1
2,Internet,RoundTrip,270,3,17,M,LTNPRG,UAE,0,1,1,9.43,1
1,Mobile,RoundTrip,67,6,3,M,LTNPRG,USA,0,0,1,14.67,0
1,Internet,OneWay,183,13,12,F,CDGSYD,USA,1,0,1,5.78,0
3,Internet,RoundTrip,203,14,8,S,JFKDXB,India,1,1,0,14.47,0
4,Internet,RoundTrip,41,2,3,T,JFKDXB,India,1,0,1,11.92,1
1,Internet,OneWay,254,16,21,W,LHRBOM,UAE,0,0,1,7.76,0
3,Mobile,RoundTrip,184,9,13,T,LTNPRG,India,1,1,1,12.95,1
1,Internet,OneWay,157,13,15,M,CDGSYD,USA,0,0,0,14.42,1
4,Mobile,RoundTrip,269,5,18,S,LHRBOM,UAE,1,1,1,14.22,1
1,Internet,RoundTrip,285,20,1,T,LHRBOM,United Kingdom,1,1,0,7.87,1
2,Internet,RoundTrip,180,16,7,S,JFKDXB,UAE,0,1,1,13.82,0
1,Internet,RoundTrip,297,13,20,S,LHRBOM,USA,1,1,1,11.15,1
2,Internet,RoundTrip,20,4,4,S,CDGSYD,France,0,1,0,3.01,0
2,Internet,RoundTrip,227,16,4,T,LHRBOM,India,0,0,1,2.48,1
3,Internet,RoundTrip,102,8,14,W,CDGSYD,France,0,1,1,7.19,0
4,Internet,RoundTrip,211,13,6,S,LHRBOM,India,1,0,0,10.38,1
4,Internet,RoundTrip,228,14,19,M,LTNPRG,USA,0,1,1,13.62,0
2,Internet,RoundTrip,298,17,16,S,LTNPRG,India,1,1,1,2.49,0
4,Internet,RoundTrip,204,17,17,S,CDGSYD,United Kingdom,0,1,1,5.51,1
2,Mobile,RoundTrip,6,8,16,M,LTNPRG,UAE,0,0,0,11.72,1
1,Mobile,RoundTrip,357,2,3,T,LHRBOM,USA,1,0,1,6.72,0
3,Internet,RoundTrip,186,9,15,S,JFKDXB,USA,0,0,0,9.84,1
3,Mobile,RoundTrip,45,9,3,F,CDGSYD,USA,0,0,1,7.18,1
2,Mobile,RoundTrip,47,7,0,W,JFKDXB,UAE,0,0,0,4.7,0
3,Mobile,RoundTrip,12,10,22,S,CDGSYD,United Kingdom,0,1,1,2.79,0
2,Internet,OneWay,81,12,5,F,LTNPRG,France,1,0,1,8.99,1
1,Internet,RoundTrip,98,13,16,S,CDGSYD,UAE,0,1,1,4.41,1
2,Internet,OneWay,346,8,7,W,LTNPRG,USA,0,0,1,2.9,0
2,Mobile,RoundTrip,296,13,16,F,LHRBOM,United Kingdom,0,0,0,6.02,0
2,Mobile,RoundTrip,2,20,9,F,CDGSYD,France,0,1,1,14.04,1
4,Internet,RoundTrip,123,14,10,M,LTNPRG,France,0,1,1,9.28,1
2,Internet,RoundTrip,112,13,1,F,LHRBOM,USA,1,0,0,5.12,1
3,Mobile,RoundTrip,164,6,10,S,CDGSYD,UAE,1,1,1,10.05,1
1,Mobile,RoundTrip,57,7,15,M,JFKDXB,United Kingdom,1,1,1,12.02,0
2,Internet,RoundTrip,98,2,16,S,LTNPRG,UAE,1,0,0,13.05,0
4,Internet,RoundTrip,208,11,20,T,JFKDXB,India,1,0,1,14.88,1
4,Internet,RoundTrip,190,2,13,W,JFKDXB,France,1,0,0,10.03,1
4,Internet,RoundTrip,308,16,22,T,LTNPRG,USA,1,1,0,7.62,1
1,Internet,RoundTrip,337,20,14,S,AUHBOM,India,0,0,0,10.83,0
4,Mobile,OneWay,143,17,18,M,CDGSYD,USA,1,0,1,3.43,1
2,Mobile,RoundTrip,297,4,3,S,LHRBOM,USA,1,0,0,11.59,1
1,Internet,RoundTrip,305,13,4,F,LHRBOM,USA,1,0,0,5.62,0
1,Internet,RoundTrip,126,9,13,T,CDGSYD,United Kingdom,0,0,0,10.66,1
4,Internet,RoundTrip,161,1,11,F,CDGSYD,India,1,1,1,8.06,1
3,Internet,RoundTrip,229,15,11,S,CDGSYD,France,1,1,0,5.29,0
3,Internet,OneWay,331,18,21,T,JFKDXB,USA,1,0,1,12.01,1
4,Internet,RoundTrip,282,10,10,S,LTNPRG,UAE,1,0,1,13.41,0
1,Internet,RoundTrip,309,19,1,M,LTNPRG,India,0,0,1,9.42,1
1,Internet,RoundTrip,289,2,12,M,CDGSYD,USA,1,0,0,12.9,0
4,Internet,RoundTrip,66,18,5,S,AUHBOM,United Kingdom,1,0,0,12.92,0
3,Mobile,RoundTrip,78,14,0,S,LTNPRG,United Kingdom,0,0,0,5.15,1
4,Internet,OneWay,323,14,6,T,LTNPRG,India,0,1,0,9.93,1
3,Internet,RoundTrip,164,11,0,W,JFKDXB,United Kingdom,1,0,1,14.91,1
1,Mobile,RoundTrip,71,1,14,F,JFKDXB,India,1,1,0,3.49,0
3,Internet,RoundTrip,109,10,10,F,LTNPRG,USA,1,1,1,10.41,0
4,Internet,RoundTrip,179,20,21,M,LHRBOM,India,1,1,0,6.77,1
1,Internet,RoundTrip,203,10,1,T,AUHBOM,France,1,1,1,7.04,0
1,Internet,RoundTrip,72,2,11,F,CDGSYD,United Kingdom,0,0,0,2.79,0
2,Internet,RoundTrip,92,10,21,F,JFKDXB,India,0,0,1,5.65,0
2,Internet,RoundTrip,141,3,12,S,LHRBOM,France,0,0,1,13.11,0
3,Internet,RoundTrip,78,9,8,S,AUHBOM,USA,1,1,1,2.77,1
1,Internet,RoundTrip,359,13,14,M,CDGSYD,France,1,0,0,5.99,1
4,Internet,RoundTrip,8,2,6,T,LTNPRG,India,0,0,0,14.83,1
1,Internet,RoundTrip,279,10,19,T,LHRBOM,United Kingdom,1,1,1,3.89,0
1,Internet,OneWay,107,11,15,T,LTNPRG,UAE,1,0,1,11.91,0
4,Internet,RoundTrip,202,16,6,M,AUHBOM,France,1,0,1,14.93,1
2,Mobile,RoundTrip,113,2,1,S,CDGSYD,UAE,0,1,0,13.57,1
3,Internet,OneWay,341,13,14,T,JFKDXB,France,0,0,0,13.12,0
2,Internet,RoundTrip,355,13,20,T,CDGSYD,USA,0,0,0,14.96,1
2,Internet,OneWay,131,1,21,F,LHRBOM,USA,1,0,1,5.54,0
3,Internet,RoundTrip,11,3,15,T,CDGSYD,France,1,0,0,14.49,1
4,Mobile,OneWay,64,13,21,F,LTNPRG,France,1,1,0,9.03,1
1,Internet,RoundTrip,261,18,18,M,LHRBOM,India,1,0,0,3.38,0
4,Internet,RoundTrip,302,18,8,T,LHRBOM,USA,1,0,1,13.25,1
1,Mobile,OneWay,15,16,19,S,LTNPRG,United Kingdom,0,1,0,3.7,1
4,Mobile,RoundTrip,5,18,2,T,LHRBOM,United Kingdom,0,0,1,4.3,0
4,Internet,RoundTrip,179,13,20,S,CDGSYD,France,0,0,0,2.01,1
4,Internet,RoundTrip,293,4,21,T,CDGSYD,United Kingdom,0,1,1,6.91,1
3,Internet,RoundTrip,280,11,12,W,LTNPRG,United Kingdom,0,0,0,7.41,0
4,Internet,RoundTrip,8,7,21,T,CDGSYD,United Kingdom,1,0,0,5.37,0
4,Internet,RoundTrip,360,6,3,W,CDGSYD,United Kingdom,0,1,1,12.66,0
3,Internet,RoundTrip,104,3,2,W,LHRBOM,India,1,1,1,13.46,1
4,Mobile,OneWay,84,1,7,T,AUHBOM,United Kingdom,1,1,1,5.83,0
2,Internet,OneWay,130,16,1,T,CDGSYD,United Kingdom,0,0,1,8.76,0
4,Internet,OneWay,276,4,5,M,AUHBOM,France,0,1,1,14.24,0
4,Internet,RoundTrip,116,13,4,T,CDGSYD,United Kingdom,0,1,1,4.35,0
3,Internet,RoundTrip,236,7,10,M,AUHBOM,United Kingdom,1,0,0,4.84,0
1,Internet,RoundTrip,89,10,14,S,AUHBOM,India,1,1,1,6.89,1
1,Mobile,RoundTrip,43,8,4,S,JFKDXB,UAE,1,0,1,5.14,1
1,Internet,RoundTrip,40,6,6,T,LTNPRG,UAE,1,1,0,2.48,0
3,Internet,OneWay,160,10,16,S,CDGSYD,India,1,0,1,13.68,0
2,Internet,RoundTrip,2,16,5,W,LHRBOM,United Kingdom,0,1,1,2.68,1
4,Internet,RoundTrip,204,11,7,W,AUHBOM,USA,1,0,0,6.75,0
2,Internet,RoundTrip,282,16,18,T,AUHBOM,USA,0,0,1,3.24,1
1,Mobile,RoundTrip,205,19,9,S,LTNPRG,United Kingdom,0,0,0,6.52,1
3,Internet,RoundTrip,167,10,5,S,JFKDXB,India,1,1,1,3.41,0
1,Internet,RoundTrip,62,17,18,F,LHRBOM,UAE,1,1,1,3.45,1
4,Mobile,OneWay,59,3,22,S,CDGSYD,India,0,0,0,10.33,1
1,Internet,RoundTrip,43,12,20,S,JFKDXB,USA,1,1,1,7.76,0
2,Mobile,RoundTrip,30,10,10,S,JFKDXB,UAE,1,1,0,5.55,0
4,Internet,RoundTrip,205,1,0,T,LHRBOM,USA,1,0,0,14.41,1
3,Internet,OneWay,102,18,9,W,AUHBOM,USA,1,1,1,14.62,0
4,Mobile,OneWay,241,15,17,T,AUHBOM,France,0,1,0,9.97,1
2,Internet,RoundTrip,129,12,21,T,CDGSYD,United Kingdom,1,0,1,4.65,0
4,Internet,RoundTrip,118,14,1,F,LTNPRG,India,1,0,0,14.1,0
3,Internet,RoundTrip,168,16,2,S,AUHBOM,India,1,0,0,6.76,0
3,Internet,OneWay,133,16,6,M,LHRBOM,France,1,1,1,8.29,1
1,Internet,OneWay,37,6,2,S,CDGSYD,UAE,1,1,1,11.59,1
4,Internet,RoundTrip,10,9,4,F,CDGSYD,UAE,0,1,1,11.64,0
1,Mobile,RoundTrip,357,7,9,S,LHRBOM,USA,1,1,0,7.97,0
2,Internet,RoundTrip,40,19,5,F,LHRBOM,UAE,1,1,1,9.0,0
3,Internet,RoundTrip,98,3,13,S,LHRBOM,United Kingdom,1,1,0,14.65,0
4,Internet,RoundTrip,148,19,21,S,LTNPRG,India,1,1,1,8.44,1
3,Internet,RoundTrip,161,7,11,W,CDGSYD,France,0,1,0,11.18,0
2,Internet,RoundTrip,273,16,11,T,JFKDXB,UAE,1,1,0,4.76,0
2,Internet,RoundTrip,259,4,21,T,CDGSYD,United Kingdom,0,0,0,10.05,0
4,Internet,RoundTrip,221,17,13,S,LTNPRG,India,1,1,1,4.32,0
2,Internet,RoundTrip,113,11,22,F,LTNPRG,India,0,0,1,6.76,1
4,Internet,RoundTrip,347,20,21,F,JFKDXB,UAE,0,0,0,7.83,0
1,Internet,RoundTrip,31,8,0,F,JFKDXB,USA,1,1,1,10.72,0
3,Internet,RoundTrip,113,20,21,F,LTNPRG,United Kingdom,1,1,1,3.06,0
3,Mobile,RoundTrip,138,17,3,T,CDGSYD,India,1,1,1,3.3,0
3,Mobile,OneWay,128,1,6,F,LTNPRG,United Kingdom,1,1,1,2.68,0
2,Internet,RoundTrip,202,8,12,F,LTNPRG,France,0,1,0,6.96,1
3,Mobile,RoundTrip,19,9,17,F,CDGSYD,India,1,1,1,4.62,0
2,Mobile,RoundTrip,307,5,21,S,CDGSYD,USA,0,0,1,12.0,1
3,Internet,RoundTrip,59,18,10,W,CDGSYD,USA,1,0,1,12.73,1
4,Mobile,RoundTrip,134,2,6,T,AUHBOM,USA,1,0,1,5.18,0
3,Internet,RoundTrip,212,6,8,S,CDGSYD,USA,1,0,1,10.0,0
3,Internet,RoundTrip,324,6,8,W,JFKDXB,France,0,0,1,8.36,0
4,Internet,RoundTrip,203,9,6,T,CDGSYD,USA,0,0,1,4.61,1
1,Internet,OneWay,199,14,5,W,JFKDXB,United Kingdom,1,0,0,10.27,1
3,Internet,RoundTrip,90,1,16,S,AUHBOM,UAE,1,0,0,11.58,0
3,Mobile,RoundTrip,262,13,22,T,AUHBOM,India,0,0,1,12.89,0
3,Internet,RoundTrip,204,9,13,M,LHRBOM,France,0,0,1,5.93,0
1,Internet,RoundTrip,11,13,3,S,LHRBOM,India,1,1,0,4.01,1
4,Internet,OneWay,153,2,15,T,CDGSYD,France,0,1,1,14.11,0
1,Internet,RoundTrip,327,18,12,F,AUHBOM,USA,0,1,1,14.1,1
2,Mobile,RoundTrip,313,12,9,T,AUHBOM,UAE,1,0,0,5.72,1
3,Mobile,RoundTrip,78,6,0,T,LTNPRG,France,0,1,0,2.73,1
2,Internet,RoundTrip,270,16,17,T,CDGSYD,India,1,0,1,11.21,1
1,Internet,RoundTrip,119,10,13,S,JFKDXB,India,0,0,1,6.75,0
3,Internet,RoundTrip,278,8,5,S,LTNPRG,United Kingdom,1,0,1,11.86,0
2,Internet,OneWay,191,4,9,W,LTNPRG,United Kingdom,1,1,1,2.93,1
4,Mobile,RoundTrip,117,10,12,T,LTNPRG,India,0,0,1,7.97,0
4,Mobile,RoundTrip,350,5,13,T,LHRBOM,USA,1,0,0,6.32,0
2,Internet,OneWay,88,15,15,M,AUHBOM,France,0,1,0,10.35,0
3,Internet,OneWay,126,8,1,F,AUHBOM,USA,1,0,1,11.22,0
1,Internet,RoundTrip,340,3,12,T,CDGSYD,India,1,1,0,14.33,0
4,Internet,RoundTrip,81,15,2,S,CDGSYD,UAE,1,0,0,6.52,0
1,Internet,OneWay,72,17,3,S,CDGSYD,India,1,1,0,3.68,1
4,Internet,RoundTrip,350,17,2,T,LTNPRG,United Kingdom,1,1,1,14.49,1
4,Internet,RoundTrip,176,10,14,M,AUHBOM,India,0,1,0,9.41,0
2,Mobile,RoundTrip,295,7,19,F,LTNPRG,United Kingdom,0,0,1,14.13,1
4,Internet,OneWay,33,5,22,M,CDGSYD,USA,0,0,1,12.8,0
3,Internet,RoundTrip,242,8,16,F,CDGSYD,United Kingdom,0,1,0,8.38,1
3,Internet,RoundTrip,38,3,17,S,JFKDXB,India,1,1,0,3.15,0
2,Internet,RoundTrip,150,18,2,S,LTNPRG,UAE,1,1,1,5.89,0
1,Internet,RoundTrip,74,5,0,S,AUHBOM,USA,0,1,1,11.09,0
3,Internet,RoundTrip,154,16,7,S,JFKDXB,USA,0,0,1,11.54,0
1,Mobile,RoundTrip,143,8,8,T,LHRBOM,UAE,1,0,0,5.27,1
2,Internet,RoundTrip,347,14,10,S,CDGSYD,UAE,1,0,1,10.33,1
1,Internet,RoundTrip,242,19,15,S,LHRBOM,France,1,0,1,3.34,0
1,Mobile,OneWay,26,9,2,M,JFKDXB,France,0,1,1,4.78,1
1,Internet,RoundTrip,178,20,2,F,LHRBOM,France,1,1,1,3.59,1
1,Internet,RoundTrip,276,7,19,W,LHRBOM,UAE,0,1,0,4.64,1
4,Internet,RoundTrip,180,6,13,T,LHRBOM,United Kingdom,1,0,0,4.15,1
4,Internet,RoundTrip,219,15,8,W,JFKDXB,USA,1,0,0,11.35,0
4,Mobile,RoundTrip,187,3,19,S,LTNPRG,UAE,1,1,0,13.9,1
1,Mobile,RoundTrip,353,2,15,T,JFKDXB,UAE,1,1,1,14.56,1
4,Internet,OneWay,240,8,19,T,JFKDXB,USA,1,0,0,7.09,0
3,Internet,RoundTrip,204,11,14,S,JFKDXB,United Kingdom,1,0,0,13.17,0
4,Internet,RoundTrip,344,10,11,T,LTNPRG,France,0,0,0,3.19,1
4,Mobile,RoundTrip,103,2,21,T,LHRBOM,UAE,1,1,1,9.4,0
2,Internet,OneWay,275,11,22,M,AUHBOM,UAE,1,1,0,9.87,1
3,Mobile,RoundTrip,284,13,17,M,LTNPRG,USA,1,1,1,7.33,0
3,Internet,OneWay,135,6,14,S,CDGSYD,USA,1,1,1,2.29,1
2,Internet,RoundTrip,359,12,0,F,AUHBOM,USA,0,0,1,6.29,1
2,Internet,RoundTrip,108,8,20,F,AUHBOM,India,0,0,1,2.06,0
1,Internet,RoundTrip,331,2,3,M,JFKDXB,USA,1,1,1,12.51,0
1,Mobile,RoundTrip,7,15,0,F,LTNPRG,UAE,0,0,1,14.99,0
4,Internet,OneWay,108,9,10,M,CDGSYD,India,0,1,1,4.7,1
3,Internet,RoundTrip,112,20,1,T,JFKDXB,United Kingdom,1,1,1,12.03,1
3,Internet,RoundTrip,127,4,2,S,JFKDXB,India,1,1,0,13.59,0
3,Internet,RoundTrip,159,1,10,T,CDGSYD,UAE,1,0,0,5.75,1
2,Internet,RoundTrip,275,16,9,S,JFKDXB,France,1,0,0,10.43,0
1,Internet,RoundTrip,157,18,2,W,LHRBOM,France,1,1,0,5.24,0
4,Internet,RoundTrip,218,19,22,W,LHRBOM,United Kingdom,0,0,1,2.86,1
4,Internet,OneWay,42,20,4,S,AUHBOM,USA,1,1,1,9.5,1
1,Mobile,RoundTrip,5,7,4,T,CDGSYD,United Kingdom,0,0,1,5.78,1
4,Internet,RoundTrip,144,14,18,S,JFKDXB,UAE,0,1,1,13.21,1
2,Mobile,RoundTrip,52,1,16,T,LTNPRG,India,1,1,0,14.45,1
3,Mobile,RoundTrip,40,9,8,T,JFKDXB,UAE,1,1,1,4.31,1
1,Internet,RoundTrip,32,18,5,M,LTNPRG,France,0,0,0,3.95,0
2,Internet,RoundTrip,100,13,21,T,CDGSYD,United Kingdom,0,0,1,4.6,0
1,Mobile,RoundTrip,66,17,0,T,CDGSYD,France,0,1,0,8.05,1
4,Internet,RoundTrip,53,19,14,F,LTNPRG,France,1,1,0,6.14,1
2,Internet,OneWay,111,16,2,M,JFKDXB,USA,1,1,0,10.33,0
2,Internet,OneWay,93,14,0,T,LTNPRG,France,0,0,1,8.04,1
3,Internet,RoundTrip,353,8,2,S,AUHBOM,UAE,1,1,0,2.28,0
4,Internet,OneWay,233,11,12,W,CDGSYD,USA,0,1,0,11.74,1
2,Mobile,OneWay,247,2,6,S,LTNPRG,USA,0,1,1,6.59,0
3,Internet,OneWay,250,12,15,W,CDGSYD,UAE,1,0,1,10.63,0
3,Mobile,RoundTrip,20,20,22,T,AUHBOM,UAE,0,1,1,12.92,0
2,Internet,RoundTrip,180,3,0,F,LTNPRG,UAE,0,0,0,3.41,0
4,Internet,RoundTrip,222,10,14,T,CDGSYD,United Kingdom,1,1,0,9.74,1
1,Internet,RoundTrip,342,18,20,F,LHRBOM,India,0,0,0,14.12,0
4,Internet,RoundTrip,159,8,2,T,LTNPRG,United Kingdom,0,0,1,3.75,0
2,Internet,RoundTrip,100,12,9,S,AUHBOM,UAE,0,0,1,9.88,1
1,Internet,OneWay,275,16,1,S,LTNPRG,France,1,0,1,4.82,1
4,Internet,OneWay,68,16,2,S,LHRBOM,United Kingdom,0,1,1,7.55,1
4,Internet,RoundTrip,322,14,22,S,AUHBOM,USA,1,0,1,11.5,1
4,Internet,OneWay,130,2,5,M,JFKDXB,UAE,1,0,0,12.94,0
1,Internet,OneWay,24,1,3,S,JFKDXB,United Kingdom,0,0,0,14.03,0
4,Internet,RoundTrip,129,16,20,F,CDGSYD,India,0,1,1,12.45,1
3,Internet,OneWay,357,20,6,T,JFKDXB,UAE,1,1,0,13.3,0
4,Internet,RoundTrip,158,6,6,S,LHRBOM,USA,1,0,0,3.18,0
2,Internet,RoundTrip,22,12,19,S,LTNPRG,France,1,1,0,11.11,1
4,Internet,OneWay,136,2,17,S,LTNPRG,USA,0,0,1,11.06,0
3,Internet,RoundTrip,267,4,12,F,JFKDXB,USA,1,1,1,3.12,1
2,Internet,RoundTrip,20,10,19,F,LTNPRG,USA,0,0,0,6.37,0
1,Internet,OneWay,329,1,5,W,LHRBOM,UAE,1,0,0,6.59,1
4,Internet,RoundTrip,275,12,18,F,LHRBOM,India,1,1,0,10.41,0
3,Internet,RoundTrip,274,12,15,T,LHRBOM,France,0,1,0,9.06,0
1,Mobile,RoundTrip,275,2,13,F,AUHBOM,India,1,0,0,14.18,0
1,Mobile,RoundTrip,55,12,8,W,AUHBOM,India,0,1,1,3.85,0
4,Internet,RoundTrip,292,10,2,T,LHRBOM,USA,1,0,0,9.71,1
1,Internet,RoundTrip,76,2,13,W,LTNPRG,India,1,1,1,3.72,1
1,Internet,OneWay,56,5,18,W,JFKDXB,United Kingdom,0,0,0,13.17,0
3,Mobile,RoundTrip,15,11,2,T,CDGSYD,India,0,0,1,6.96,0
4,Internet,RoundTrip,53,17,3,M,AUHBOM,United Kingdom,0,1,0,5.64,1
2,Internet,RoundTrip,48,9,20,W,AUHBOM,USA,0,1,1,5.69,0
3,Internet,RoundTrip,322,13,19,T,AUHBOM,France,1,0,1,3.54,0
3,Internet,RoundTrip,23,9,13,F,LTNPRG,UAE,1,1,0,4.71,1
3,Internet,RoundTrip,236,18,10,F,AUHBOM,UAE,0,1,0,7.0,0
3,Internet,RoundTrip,20,20,0,T,CDGSYD,United Kingdom,1,1,0,2.45,0
1,Internet,RoundTrip,350,9,20,T,LTNPRG,UAE,0,0,1,8.58,0
3,Internet,RoundTrip,205,6,12,M,JFKDXB,USA,1,1,0,4.4,1
1,Mobile,RoundTrip,188,12,1,F,AUHBOM,United Kingdom,0,0,0,9.16,0
3,Mobile,RoundTrip,28,18,8,F,LHRBOM,India,0,1,0,3.77,1
4,Internet,RoundTrip,317,12,19,T,CDGSYD,France,1,0,1,5.34,0
4,Internet,RoundTrip,155,7,20,T,LTNPRG,France,1,0,0,12.29,1
1,Internet,RoundTrip,51,16,14,F,CDGSYD,United Kingdom,1,1,0,14.93,1
4,Mobile,OneWay,259,4,3,W,JFKDXB,France,1,0,1,6.53,1
2,Mobile,RoundTrip,344,6,3,S,CDGSYD,France,0,0,1,8.15,0
1,Internet,RoundTrip,6,4,7,S,LTNPRG,USA,0,1,0,7.73,0
3,Mobile,RoundTrip,74,19,17,T,AUHBOM,France,0,0,0,6.66,0
3,Internet,RoundTrip,233,19,17,T,JFKDXB,India,0,1,1,5.36,1
2,Internet,RoundTrip,23,20,17,W,LHRBOM,India,1,1,0,10.36,1
3,Internet,RoundTrip,276,1,5,W,LTNPRG,USA,0,0,1,5.06,0
3,Internet,RoundTrip,223,18,7,W,LTNPRG,France,1,0,0,7.84,0
1,Internet,RoundTrip,196,5,7,T,AUHBOM,United Kingdom,1,0,0,7.14,0
3,Internet,RoundTrip,120,20,16,W,CDGSYD,USA,1,1,0,11.71,1
2,Mobile,OneWay,174,7,17,W,AUHBOM,UAE,1,1,0,12.62,1
1,Internet,RoundTrip,31,7,0,S,AUHBOM,France,0,0,1,2.29,0
2,Mobile,RoundTrip,267,14,16,T,CDGSYD,USA,1,1,0,9.36,1
4,Mobile,OneWay,224,16,8,M,CDGSYD,United Kingdom,1,1,0,3.49,0
3,Internet,RoundTrip,193,8,8,S,JFKDXB,India,1,1,0,3.17,0
2,Mobile,RoundTrip,286,17,11,S,CDGSYD,France,0,0,1,6.41,0
2,Internet,RoundTrip,186,1,10,S,AUHBOM,USA,1,0,1,2.92,1
4,Internet,OneWay,147,18,22,T,JFKDXB,USA,0,0,0,14.08,1
3,Internet,RoundTrip,292,11,12,W,AUHBOM,United Kingdom,0,0,1,11.01,0
4,Internet,OneWay,341,11,18,W,LHRBOM,France,0,0,0,10.39,1
3,Mobile,RoundTrip,305,18,20,T,CDGSYD,USA,1,0,1,4.19,0
4,Internet,RoundTrip,187,2,22,S,JFKDXB,France,0,0,0,13.06,0
3,Internet,RoundTrip,135,18,15,M,CDGSYD,France,0,0,0,5.39,1
2,Internet,RoundTrip,48,5,21,F,LHRBOM,France,1,1,1,5.43,0
2,Internet,RoundTrip,152,20,13,S,JFKDXB,USA,0,1,0,13.57,0
1,Mobile,RoundTrip,303,15,8,M,LTNPRG,India,0,1,0,10.13,1
4,Internet,RoundTrip,292,7,18,S,AUHBOM,United Kingdom,1,0,1,10.68,1
4,Mobile,RoundTrip,47,2,20,T,CDGSYD,United Kingdom,1,0,1,14.65,0
3,Internet,OneWay,199,3,6,W,LHRBOM,USA,1,1,0,7.19,1
2,Mobile,RoundTrip,244,3,22,T,LHRBOM,France,1,1,1,5.56,1
1,Internet,RoundTrip,251,2,10,S,CDGSYD,France,1,1,0,5.46,1
3,Internet,RoundTrip,319,13,5,S,LTNPRG,France,1,0,0,4.59,1
1,Internet,RoundTrip,28,18,15,T,LTNPRG,United Kingdom,1,1,0,12.88,1
3,Internet,RoundTrip,170,16,5,W,AUHBOM,India,1,0,1,5.75,1
2,Mobile,RoundTrip,35,15,9,F,LTNPRG,USA,1,1,0,3.51,0
4,Internet,RoundTrip,264,20,12,W,LTNPRG,USA,0,1,1,12.07,0
4,Internet,RoundTrip,194,13,11,M,AUHBOM,India,0,0,0,14.52,1
1,Mobile,RoundTrip,158,2,2,S,CDGSYD,France,1,1,1,11.97,1
2,Internet,RoundTrip,299,10,3,T,CDGSYD,UAE,1,0,1,6.32,1
4,Internet,RoundTrip,309,16,1,M,AUHBOM,France,1,1,1,4.24,0
1,Mobile,RoundTrip,116,10,14,F,CDGSYD,India,0,0,1,12.23,0
3,Internet,RoundTrip,297,7,22,S,LTNPRG,USA,1,0,1,10.62,1
1,Mobile,RoundTrip,350,10,14,F,LTNPRG,India,0,1,1,4.56,0
2,Internet,RoundTrip,19,16,12,T,AUHBOM,UAE,1,0,0,14.32,1
1,Mobile,RoundTrip,277,8,19,S,LHRBOM,India,1,0,0,9.7,0
1,Internet,RoundTrip,43,8,0,T,JFKDXB,India,0,1,1,9.69,1
2,Internet,OneWay,285,10,1,M,JFKDXB,USA,1,1,0,7.15,0
1,Internet,OneWay,248,9,22,T,CDGSYD,United Kingdom,0,0,1,4.67,0
4,Mobile,OneWay,304,5,20,T,AUHBOM,United Kingdom,0,1,0,9.59,0
3,Internet,OneWay,209,6,12,T,CDGSYD,UAE,0,0,1,7.47,0
2,Mobile,OneWay,93,3,1,F,LHRBOM,UAE,1,1,0,4.13,1
2,Internet,RoundTrip,254,16,4,S,LHRBOM,USA,1,0,1,2.25,0
4,Internet,RoundTrip,121,5,17,F,JFKDXB,USA,1,1,1,13.5,1
4,Mobile,RoundTrip,12,20,5,F,JFKDXB,United Kingdom,1,0,0,14.11,1
1,Internet,RoundTrip,44,20,13,S,LTNPRG,United Kingdom,0,1,0,3.31,0
3,Internet,RoundTrip,317,14,17,S,LHRBOM,France,0,0,0,5.81,1
2,Mobile,OneWay,139,20,9,S,JFKDXB,USA,0,1,0,11.43,0
4,Internet,RoundTrip,53,18,10,S,JFKDXB,France,0,1,1,10.4,1
4,Internet,RoundTrip,14,16,21,T,JFKDXB,USA,0,0,1,7.17,0
3,Internet,RoundTrip,15,8,22,S,CDGSYD,India,0,0,0,6.2,1
3,Internet,RoundTrip,274,17,10,T,CDGSYD,UAE,0,1,0,14.84,0
1,Internet,RoundTrip,48,7,4,F,AUHBOM,France,1,0,1,3.44,1
4,Internet,RoundTrip,293,3,0,F,AUHBOM,France,0,1,0,12.68,1
3,Internet,RoundTrip,204,12,4,M,AUHBOM,India,0,0,0,7.01,1
2,Internet,RoundTrip,78,3,11,M,JFKDXB,India,0,1,0,2.17,0
1,Internet,RoundTrip,328,2,22,S,AUHBOM,UAE,1,0,1,12.38,0
3,Internet,RoundTrip,179,2,12,W,LHRBOM,France,1,1,0,14.68,0
2,Internet,RoundTrip,144,19,22,M,AUHBOM,United Kingdom,1,0,0,12.79,0
3,Internet,RoundTrip,245,2,17,M,AUHBOM,United Kingdom,0,1,0,10.08,0
2,Internet,RoundTrip,240,8,1,M,CDGSYD,France,1,0,1,11.69,0
1,Mobile,RoundTrip,271,15,8,T,JFKDXB,France,0,1,1,5.63,1
2,Internet,OneWay,224,17,13,S,JFKDXB,UAE,1,0,1,5.61,1
4,Internet,RoundTrip,353,2,1,S,CDGSYD,India,1,1,1,13.17,1
4,Internet,RoundTrip,152,18,0,M,AUHBOM,UAE,0,1,0,9.68,0
2,Internet,RoundTrip,74,19,8,T,LTNPRG,France,0,0,0,7.81,1
4,Mobile,RoundTrip,47,20,20,F,JFKDXB,United Kingdom,0,1,1,10.21,1
1,Mobile,RoundTrip,90,14,13,S,LHRBOM,India,0,0,1,6.96,0
4,Mobile,OneWay,282,11,12,S,AUHBOM,India,0,0,1,13.71,0
4,Internet,RoundTrip,311,4,12,S,JFKDXB,France,1,0,1,5.79,0
1,Internet,OneWay,107,3,12,S,LHRBOM,India,1,0,1,4.08,0
3,Internet,RoundTrip,36,17,19,S,JFKDXB,UAE,1,0,0,4.35,0
2,Internet,OneWay,263,18,7,S,CDGSYD,India,1,1,0,14.02,0
4,Internet,OneWay,287,17,6,S,JFKDXB,USA,0,0,1,6.0,0
1,Internet,RoundTrip,21,13,6,S,LTNPRG,France,0,0,1,14.7,0
4,Internet,RoundTrip,49,12,13,T,LHRBOM,United Kingdom,0,0,0,2.53,0
4,Mobile,RoundTrip,123,4,6,M,LTNPRG,USA,0,1,1,2.64,0
2,Internet,RoundTrip,170,2,22,T,JFKDXB,India,1,0,1,12.67,1
2,Internet,RoundTrip,41,5,15,S,AUHBOM,United Kingdom,1,1,1,7.26,0
3,Mobile,RoundTrip,216,9,7,F,AUHBOM,UAE,1,1,0,11.15,0
1,Mobile,OneWay,181,7,5,T,CDGSYD,India,0,1,0,9.71,1
4,Internet,RoundTrip,280,11,10,W,LHRBOM,France,0,1,0,10.93,1
1,Internet,OneWay,347,16,19,T,AUHBOM,France,1,1,0,8.83,0
1,Internet,RoundTrip,42,15,22,W,LTNPRG,India,1,1,1,11.14,0
3,Internet,RoundTrip,165,17,12,S,LHRBOM,USA,0,1,0,9.41,1
2,Internet,OneWay,300,6,3,S,LHRBOM,India,1,1,0,7.24,1
1,Internet,RoundTrip,4,19,0,S,LTNPRG,USA,0,1,0,11.07,0
4,Internet,RoundTrip,310,18,13,F,LTNPRG,France,0,1,1,3.58,1
1,Internet,OneWay,145,7,14,F,LHRBOM,United Kingdom,0,0,1,5.48,1
1,Internet,RoundTrip,289,6,8,M,LTNPRG,France,0,0,1,4.44,0
3,Mobile,RoundTrip,219,18,20,F,AUHBOM,United Kingdom,0,1,0,12.92,1
4,Internet,RoundTrip,342,20,1,S,LTNPRG,France,0,1,1,10.09,1
1,Internet,RoundTrip,55,10,7,W,LTNPRG,India,1,1,1,2.02,0
2,Internet,OneWay,318,3,17,S,CDGSYD,United Kingdom,0,1,1,12.73,1
4,Mobile,OneWay,207,13,5,F,LHRBOM,United Kingdom,0,0,0,5.58,0
4,Internet,RoundTrip,280,17,4,S,LHRBOM,France,0,1,1,2.14,0
1,Mobile,RoundTrip,282,10,16,M,JFKDXB,USA,0,0,1,3.05,1
3,Internet,OneWay,211,3,20,F,LTNPRG,India,0,1,1,9.2,0
4,Internet,RoundTrip,165,15,4,W,CDGSYD,France,1,0,0,4.37,0
3,Internet,RoundTrip,295,16,9,M,LHRBOM,France,0,0,1,10.18,1
3,Internet,OneWay,185,18,22,W,JFKDXB,United Kingdom,1,0,1,13.12,0
4,Mobile,RoundTrip,356,18,3,S,JFKDXB,India,1,1,1,7.32,1
2,Internet,RoundTrip,243,10,3,T,LTNPRG,USA,0,1,1,13.33,0
1,Internet,RoundTrip,232,7,5,F,CDGSYD,USA,0,0,0,4.78,0
3,Internet,RoundTrip,213,4,11,T,LTNPRG,India,0,1,0,10.33,0
3,Internet,RoundTrip,89,3,19,T,AUHBOM,UAE,1,1,0,13.6,1
4,Internet,RoundTrip,273,17,10,T,LHRBOM,UAE,1,0,0,9.15,0
4,Internet,RoundTrip,91,20,8,S,LTNPRG,United Kingdom,0,0,1,12.14,1
2,Mobile,OneWay,224,13,19,S,AUHBOM,India,0,0,1,9.87,0
4,Mobile,RoundTrip,290,20,5,T,JFKDXB,India,1,0,0,4.08,1
1,Mobile,RoundTrip,165,7,8,W,JFKDXB,France,1,1,0,13.95,1
4,Internet,RoundTrip,361,16,5,S,CDGSYD,United Kingdom,0,1,0,4.66,1
1,Internet,RoundTrip,60,8,2,S,LTNPRG,India,1,1,0,12.21,0
3,Internet,RoundTrip,77,8,13,S,CDGSYD,USA,0,1,1,3.21,1
3,Internet,RoundTrip,111,13,22,S,JFKDXB,India,0,0,1,8.36,1
3,Internet,RoundTrip,354,3,5,T,AUHBOM,United Kingdom,1,0,0,9.57,0
4,Internet,RoundTrip,195,9,1,T,LHRBOM,USA,1,1,0,10.78,0
3,Internet,RoundTrip,98,9,21,T,CDGSYD,United Kingdom,0,1,0,11.12,0
1,Internet,OneWay,352,9,2,T,LHRBOM,USA,1,0,0,2.72,0
3,Mobile,OneWay,151,15,1,T,LTNPRG,UAE,0,1,1,6.2,0
2,Internet,RoundTrip,98,6,16,T,JFKDXB,USA,0,0,0,10.69,0
3,Internet,RoundTrip,331,4,3,W,AUHBOM,United Kingdom,0,0,0,6.87,0
2,Internet,RoundTrip,57,13,22,W,LHRBOM,USA,1,0,1,7.81,0
1,Internet,RoundTrip,351,1,9,T,LTNPRG,United Kingdom,1,0,1,3.28,0
3,Mobile,OneWay,17,20,15,T,LTNPRG,UAE,1,1,0,9.81,0
1,Internet,RoundTrip,207,19,4,T,LTNPRG,USA,0,1,0,6.26,0
2,Mobile,RoundTrip,212,8,4,M,AUHBOM,UAE,0,1,0,3.48,0
3,Mobile,RoundTrip,346,14,17,M,AUHBOM,India,1,1,0,8.56,0
4,Internet,RoundTrip,339,11,11,M,LHRBOM,India,0,0,1,7.23,0
2,Internet,RoundTrip,307,14,21,S,LHRBOM,UAE,1,1,1,10.19,0
2,Internet,RoundTrip,334,5,21,S,LHRBOM,India,0,0,1,4.98,1
2,Internet,OneWay,316,19,13,T,JFKDXB,UAE,1,1,1,3.97,1
3,Internet,RoundTrip,187,18,17,S,CDGSYD,India,1,0,1,6.45,0
1,Mobile,OneWay,317,11,19,T,JFKDXB,USA,1,1,0,13.95,1
3,Internet,RoundTrip,281,18,13,S,CDGSYD,USA,1,0,0,4.78,0
4,Mobile,RoundTrip,141,7,18,T,LTNPRG,UAE,0,1,1,5.85,0
1,Internet,OneWay,321,16,0,S,LHRBOM,USA,1,1,0,12.2,0
4,Mobile,RoundTrip,12,19,3,W,LHRBOM,USA,0,1,1,11.88,0
3,Internet,RoundTrip,38,14,10,S,LTNPRG,India,1,0,0,7.13,0
3,Internet,OneWay,60,20,1,M,AUHBOM,USA,1,0,0,12.55,0
3,Internet,OneWay,195,5,10,F,LTNPRG,India,1,1,1,11.72,0
4,Internet,OneWay,28,1,14,S,CDGSYD,United Kingdom,0,1,1,5.7,0
3,Mobile,RoundTrip,82,11,8,M,LHRBOM,India,1,0,0,10.07,0
4,Internet,RoundTrip,89,7,22,W,CDGSYD,France,1,1,1,5.4,1
2,Internet,RoundTrip,89,13,20,S,LHRBOM,India,0,0,0,8.78,1
1,Internet,RoundTrip,21,8,19,S,LHRBOM,India,0,0,0,7.76,1
3,Internet,RoundTrip,82,18,16,T,CDGSYD,USA,0,0,1,8.2,0
1,Internet,OneWay,101,3,14,M,LTNPRG,France,0,0,0,14.4,0
1,Internet,RoundTrip,277,20,15,S,JFKDXB,India,1,0,0,12.3,1
1,Internet,RoundTrip,215,5,2,T,LHRBOM,UAE,0,0,0,10.04,1
2,Internet,OneWay,115,7,21,W,JFKDXB,USA,1,1,0,2.67,1
1,Internet,OneWay,52,1,17,S,LTNPRG,USA,1,1,0,3.66,1
3,Mobile,RoundTrip,187,14,6,M,CDGSYD,USA,1,1,0,10.32,1
3,Internet,RoundTrip,115,14,15,T,LTNPRG,USA,0,0,1,13.94,0
1,Internet,RoundTrip,254,19,9,F,CDGSYD,France,1,1,1,2.63,0
2,Internet,RoundTrip,82,3,21,M,LTNPRG,UAE,1,0,0,14.87,1
4,Internet,RoundTrip,363,10,12,T,CDGSYD,UAE,1,1,0,8.12,0
4,Internet,RoundTrip,35,18,16,M,AUHBOM,France,1,1,0,6.96,0
1,Internet,OneWay,304,1,4,F,JFKDXB,United Kingdom,1,1,1,10.87,0
3,Internet,OneWay,247,12,2,S,JFKDXB,France,0,0,0,14.86,1
2,Internet,RoundTrip,246,5,20,T,JFKDXB,UAE,0,0,0,4.65,1
2,Internet,RoundTrip,326,8,14,T,LHRBOM,USA,0,1,1,14.52,0
3,Mobile,RoundTrip,165,16,15,M,JFKDXB,France,1,1,0,3.61,0
4,Internet,OneWay,261,17,9,W,AUHBOM,France,0,1,0,12.54,0
3,Internet,OneWay,193,1,14,M,AUHBOM,USA,0,0,0,11.15,1
4,Internet,OneWay,250,14,9,S,CDGSYD,UAE,0,1,1,8.34,0
4,Internet,RoundTrip,202,8,14,M,JFKDXB,UAE,1,0,1,9.11,0
4,Mobile,RoundTrip,358,16,14,F,LTNPRG,USA,1,0,1,14.7,1
4,Internet,RoundTrip,118,17,5,W,JFKDXB,USA,1,1,1,11.95,0
4,Internet,RoundTrip,267,18,20,S,LHRBOM,UAE,0,1,0,14.86,0
2,Internet,RoundTrip,61,3,21,M,AUHBOM,India,1,0,1,3.48,0
4,Internet,RoundTrip,18,17,17,T,CDGSYD,France,0,0,0,7.16,1
4,Mobile,RoundTrip,257,20,0,M,AUHBOM,United Kingdom,1,0,1,5.23,1
3,Internet,RoundTrip,80,16,0,F,LHRBOM,India,0,1,1,6.24,0
3,Mobile,OneWay,6,8,18,T,LHRBOM,India,0,0,0,14.57,0
4,Internet,RoundTrip,233,15,3,F,JFKDXB,France,1,1,0,9.2,0
1,Mobile,OneWay,223,2,22,W,CDGSYD,UAE,0,1,0,12.84,0
1,Internet,RoundTrip,233,8,8,T,CDGSYD,United Kingdom,1,1,1,2.12,0
4,Internet,RoundTrip,166,17,4,T,LTNPRG,India,1,0,1,8.79,1
3,Mobile,RoundTrip,304,14,15,F,LHRBOM,UAE,0,1,0,14.43,1
3,Internet,RoundTrip,5,6,15,T,AUHBOM,France,1,0,1,6.44,1
3,Internet,RoundTrip,58,12,14,S,LHRBOM,USA,0,1,0,8.42,1
3,Mobile,RoundTrip,138,1,17,S,LHRBOM,UAE,1,1,1,5.9,1
1,Internet,OneWay,358,20,11,W,LTNPRG,UAE,1,1,0,11.25,0
2,Internet,OneWay,263,12,7,W,CDGSYD,United Kingdom,1,0,1,2.12,1
1,Internet,RoundTrip,188,11,9,T,AUHBOM,United Kingdom,1,0,0,9.42,1
2,Mobile,RoundTrip,346,7,14,S,AUHBOM,India,0,1,1,3.45,1
1,Mobile,RoundTrip,336,5,18,W,AUHBOM,USA,1,0,0,7.89,1
4,Internet,RoundTrip,39,7,9,W,AUHBOM,USA,1,0,0,8.56,0
2,Internet,RoundTrip,193,10,2,F,JFKDXB,United Kingdom,0,1,0,7.3,0
3,Internet,OneWay,347,9,9,T,CDGSYD,United Kingdom,1,0,1,2.66,0
1,Internet,OneWay,69,9,13,F,JFKDXB,India,1,1,0,9.25,0
1,Mobile,RoundTrip,58,11,17,W,JFKDXB,United Kingdom,0,1,1,5.26,1
2,Internet,RoundTrip,128,10,18,T,LTNPRG,France,0,0,0,7.73,1
4,Internet,RoundTrip,353,7,18,S,LTNPRG,India,0,1,1,3.18,0
4,Internet,RoundTrip,81,12,6,M,LHRBOM,India,1,1,0,4.12,0
3,Internet,RoundTrip,232,5,0,F,LTNPRG,USA,0,0,1,10.0,0
3,Mobile,RoundTrip,97,19,4,T,LTNPRG,India,0,0,0,14.92,0
3,Internet,RoundTrip,269,14,2,M,LTNPRG,United Kingdom,0,0,0,14.75,0
3,Internet,RoundTrip,325,6,15,W,CDGSYD,UAE,1,0,1,3.49,1
3,Mobile,RoundTrip,15,14,6,S,LHRBOM,UAE,1,0,0,9.54,1
1,Mobile,RoundTrip,138,20,4,S,AUHBOM,United Kingdom,0,0,0,13.75,1
2,Internet,RoundTrip,211,16,12,T,CDGSYD,India,1,0,0,7.19,0
4,Mobile,OneWay,67,16,11,W,LTNPRG,United Kingdom,1,0,1,12.45,0
2,Internet,OneWay,232,5,16,S,JFKDXB,United Kingdom,0,1,0,3.85,1
1,Mobile,RoundTrip,133,4,21,W,JFKDXB,France,0,0,1,14.82,0
3,Internet,RoundTrip,13,12,1,T,LHRBOM,United Kingdom,0,1,1,10.36,0
2,Internet,RoundTrip,225,6,1,T,LTNPRG,United Kingdom,0,1,1,10.03,0
3,Internet,OneWay,14,3,18,S,LHRBOM,India,1,0,0,9.55,1
3,Internet,RoundTrip,74,19,20,T,JFKDXB,France,0,0,1,13.73,1
3,Internet,RoundTrip,60,7,7,T,LTNPRG,UAE,0,0,0,6.01,1
4,Internet,RoundTrip,19,17,4,S,AUHBOM,UAE,1,1,0,4.78,0
3,Internet,RoundTrip,150,15,6,S,JFKDXB,USA,0,1,1,8.95,0
4,Internet,RoundTrip,318,3,11,F,LTNPRG,France,0,1,0,14.8,0
1,Internet,RoundTrip,112,4,0,W,CDGSYD,UAE,1,1,1,14.78,1
4,Internet,RoundTrip,88,12,3,S,CDGSYD,United Kingdom,0,0,1,3.19,0
2,Mobile,RoundTrip,294,13,0,S,JFKDXB,UAE,0,1,1,2.62,0
3,Mobile,RoundTrip,341,6,16,T,JFKDXB,France,0,1,1,12.51,0
1,Internet,OneWay,110,4,10,F,LTNPRG,UAE,0,0,1,10.36,1
3,Internet,OneWay,18,13,22,S,JFKDXB,France,0,0,1,10.13,1
1,Internet,RoundTrip,277,5,10,W,LTNPRG,India,0,0,0,11.09,0
3,Internet,RoundTrip,237,4,6,W,LTNPRG,India,0,1,0,2.41,0
1,Mobile,RoundTrip,364,8,7,F,JFKDXB,USA,1,0,0,7.34,0
1,Internet,RoundTrip,243,8,21,M,AUHBOM,France,0,0,1,8.23,1
1,Internet,RoundTrip,339,9,4,W,LTNPRG,USA,0,0,1,10.57,1
2,Internet,RoundTrip,57,8,16,F,AUHBOM,UAE,1,1,0,9.54,0
4,Internet,RoundTrip,61,12,20,T,AUHBOM,UAE,1,1,1,11.82,1
4,Mobile,RoundTrip,243,11,22,M,LTNPRG,United Kingdom,0,0,0,9.06,0
1,Internet,RoundTrip,273,1,1,M,JFKDXB,India,0,1,1,10.22,1
4,Internet,RoundTrip,142,5,15,M,LHRBOM,France,1,0,1,2.07,0
3,Internet,RoundTrip,157,11,18,T,LTNPRG,UAE,1,1,1,10.28,0
2,Mobile,RoundTrip,139,15,15,M,LHRBOM,UAE,1,0,1,8.65,1
4,Internet,OneWay,18,1,19,S,CDGSYD,France,0,0,1,7.37,1
1,Mobile,RoundTrip,320,17,21,F,LTNPRG,United Kingdom,0,0,1,11.06,0
1,Mobile,RoundTrip,331,2,20,T,CDGSYD,UAE,1,1,0,2.03,1
1,Internet,OneWay,347,13,16,T,JFKDXB,UAE,0,0,0,12.0,0
1,Mobile,RoundTrip,184,5,4,T,CDGSYD,France,0,1,0,13.53,1
2,Internet,RoundTrip,62,19,19,S,LTNPRG,France,1,1,0,3.47,1
1,Internet,RoundTrip,148,14,15,F,CDGSYD,France,1,0,0,6.61,1
1,Internet,OneWay,250,16,6,W,CDGSYD,France,1,1,0,13.29,1
2,Internet,RoundTrip,64,17,14,T,LHRBOM,United Kingdom,0,1,0,2.81,0
3,Internet,OneWay,57,1,3,W,LHRBOM,United Kingdom,1,0,0,4.95,1
4,Internet,OneWay,362,17,19,W,LHRBOM,France,0,0,1,12.47,0
1,Internet,OneWay,13,2,14,T,CDGSYD,UAE,1,0,0,6.64,1
3,Internet,RoundTrip,218,11,14,T,LHRBOM,United Kingdom,1,1,1,6.41,0
1,Internet,RoundTrip,55,14,5,S,AUHBOM,India,0,0,0,7.18,1
4,Internet,RoundTrip,8,18,3,M,LTNPRG,France,1,1,1,14.57,0
2,Internet,RoundTrip,232,15,9,F,LHRBOM,USA,0,0,0,2.75,0
4,Mobile,RoundTrip,67,15,8,M,LHRBOM,India,0,0,1,6.77,0
4,Mobile,RoundTrip,265,20,19,T,LHRBOM,United Kingdom,0,1,1,6.7,1
2,Internet,RoundTrip,301,1,22,S,LHRBOM,USA,0,1,0,14.73,0
2,Internet,RoundTrip,185,1,14,S,AUHBOM,United Kingdom,0,0,0,5.74,0
2,Internet,RoundTrip,61,4,18,S,LHRBOM,United Kingdom,1,0,0,14.27,0
2,Mobile,RoundTrip,347,5,21,T,LTNPRG,USA,0,1,0,7.24,0
2,Internet,RoundTrip,136,10,16,M,JFKDXB,United Kingdom,0,1,1,7.94,1
3,Mobile,RoundTrip,279,17,8,S,LTNPRG,United Kingdom,0,1,0,10.8,0
2,Internet,RoundTrip,71,8,5,S,JFKDXB,France,1,0,0,8.24,1
4,Internet,RoundTrip,59,18,6,T,LHRBOM,India,1,1,1,4.82,1
2,Mobile,RoundTrip,246,13,7,S,LTNPRG,USA,1,1,1,12.91,0
2,Internet,RoundTrip,76,10,4,W,LHRBOM,USA,1,1,0,5.67,1
2,Mobile,OneWay,194,16,15,S,JFKDXB,France,1,0,0,13.14,1
3,Internet,RoundTrip,217,10,22,S,AUHBOM,USA,0,1,1,14.59,1
1,Internet,RoundTrip,45,1,5,M,LTNPRG,USA,1,1,0,8.94,1
2,Internet,OneWay,122,18,9,M,LHRBOM,India,0,1,1,4.27,1
2,Internet,RoundTrip,71,3,21,S,LTNPRG,United Kingdom,0,0,0,4.11,0
3,Internet,RoundTrip,1,10,21,S,LHRBOM,USA,0,1,0,13.07,0
1,Internet,OneWay,346,4,0,W,LHRBOM,India,0,1,1,5.69,1
2,Internet,OneWay,9,16,7,T,LHRBOM,India,0,1,1,8.42,0
3,Internet,RoundTrip,302,13,8,M,LHRBOM,UAE,1,0,1,12.19,0
4,Internet,RoundTrip,149,19,6,T,LHRBOM,France,0,1,0,2.72,0
2,Internet,RoundTrip,101,18,21,M,JFKDXB,USA,0,1,1,7.63,1
4,Internet,OneWay,191,6,17,M,AUHBOM,India,1,1,1,10.72,0
3,Internet,RoundTrip,334,6,1,M,CDGSYD,United Kingdom,0,1,1,9.47,1
4,Mobile,RoundTrip,238,6,14,M,CDGSYD,India,1,1,1,7.29,1
1,Internet,RoundTrip,30,4,13,S,LHRBOM,UAE,0,1,1,6.59,1
4,Internet,OneWay,278,19,12,M,CDGSYD,India,1,0,0,3.03,1
2,Mobile,RoundTrip,278,2,16,M,CDGSYD,United Kingdom,1,0,0,9.87,0
1,Internet,OneWay,353,9,10,T,LTNPRG,India,1,0,0,2.75,0
1,Internet,RoundTrip,74,6,16,F,LHRBOM,France,1,1,0,8.78,0
3,Internet,RoundTrip,306,1,10,F,AUHBOM,UAE,0,1,1,3.74,0
3,Internet,RoundTrip,135,17,21,M,AUHBOM,India,1,0,0,2.52,1
1,Internet,RoundTrip,130,11,19,M,AUHBOM,India,0,0,1,8.33,1
4,Mobile,RoundTrip,231,18,1,M,CDGSYD,France,1,0,1,5.98,0
2,Mobile,RoundTrip,195,13,3,T,AUHBOM,France,0,1,0,8.35,1
3,Internet,RoundTrip,84,10,9,T,JFKDXB,France,0,1,1,4.13,0
3,Internet,RoundTrip,79,5,1,S,AUHBOM,India,1,1,0,14.56,1
3,Mobile,OneWay,237,12,1,F,AUHBOM,India,0,0,0,2.18,0
3,Internet,RoundTrip,353,15,0,T,CDGSYD,USA,1,0,1,3.76,0
4,Internet,RoundTrip,84,1,20,M,CDGSYD,United Kingdom,0,0,1,11.24,1
3,Internet,RoundTrip,195,5,11,S,CDGSYD,USA,1,1,1,14.09,1
4,Internet,RoundTrip,112,8,17,F,LTNPRG,UAE,0,1,0,2.59,0
4,Internet,RoundTrip,91,3,18,M,LTNPRG,India,1,1,0,2.29,0
2,Internet,OneWay,290,2,3,T,JFKDXB,USA,0,0,1,9.26,0
3,Internet,RoundTrip,264,5,15,S,JFKDXB,India,0,0,1,7.73,0
1,Internet,RoundTrip,175,7,14,T,LTNPRG,UAE,1,1,0,4.66,0
4,Mobile,OneWay,178,11,22,S,CDGSYD,United Kingdom,1,1,0,3.72,1
4,Internet,OneWay,155,17,20,W,LTNPRG,India,0,1,0,13.09,0
4,Internet,OneWay,363,18,14,T,JFKDXB,United Kingdom,0,1,1,3.61,1
3,Internet,RoundTrip,345,8,15,T,LTNPRG,France,0,0,0,11.04,1
4,Internet,RoundTrip,28,11,11,W,CDGSYD,France,1,0,1,12.75,1
4,Mobile,RoundTrip,298,1,13,M,AUHBOM,USA,0,1,0,2.29,1
1,Mobile,RoundTrip,123,17,13,W,LHRBOM,UAE,0,0,0,11.68,0
2,Internet,RoundTrip,238,5,20,S,LHRBOM,USA,0,1,0,10.88,1
3,Internet,OneWay,343,2,20,M,LHRBOM,India,1,1,0,9.06,0
2,Internet,RoundTrip,154,13,5,M,JFKDXB,UAE,0,1,0,3.03,0
3,Internet,OneWay,168,8,0,W,JFKDXB,India,1,1,1,13.8,1
3,Internet,OneWay,228,9,5,S,JFKDXB,United Kingdom,1,1,0,13.81,1
4,Internet,RoundTrip,114,9,10,F,AUHBOM,United Kingdom,0,1,0,6.44,1
4,Internet,RoundTrip,96,13,5,T,JFKDXB,UAE,1,0,1,6.37,0
1,Internet,OneWay,221,17,9,S,JFKDXB,United Kingdom,1,1,0,9.11,1
2,Internet,RoundTrip,76,12,9,M,LHRBOM,France,1,0,1,13.38,1
2,Internet,OneWay,242,13,21,T,CDGSYD,France,0,1,1,14.12,0
3,Internet,RoundTrip,91,17,10,S,JFKDXB,UAE,0,0,1,5.24,0
2,Internet,RoundTrip,34,16,4,S,LTNPRG,UAE,1,0,1,9.23,1
4,Internet,RoundTrip,37,4,9,T,LHRBOM,USA,0,0,1,6.74,0
2,Internet,RoundTrip,95,7,0,T,AUHBOM,UAE,0,1,0,4.84,1
2,Internet,OneWay,38,10,0,T,AUHBOM,USA,1,0,0,2.04,1
4,Internet,RoundTrip,113,19,14,M,CDGSYD,United Kingdom,0,1,1,5.82,1
2,Mobile,RoundTrip,153,13,5,S,LHRBOM,India,0,1,1,6.26,0
1,Mobile,RoundTrip,90,17,14,T,AUHBOM,United Kingdom,1,1,0,10.51,0
2,Internet,OneWay,195,16,0,S,LTNPRG,USA,0,1,1,10.37,1
2,Internet,RoundTrip,140,19,7,W,LTNPRG,USA,0,1,0,14.72,1
3,Mobile,OneWay,30,11,13,S,CDGSYD,India,0,0,0,10.62,1
3,Internet,RoundTrip,122,6,12,M,AUHBOM,France,0,0,1,3.99,0
3,Internet,OneWay,5,9,13,T,JFKDXB,USA,1,1,0,9.67,1
2,Internet,RoundTrip,267,1,13,M,JFKDXB,UAE,0,0,1,4.15,0
3,Internet,OneWay,162,14,7,M,JFKDXB,India,0,1,0,4.0,0
1,Internet,RoundTrip,219,13,8,W,JFKDXB,India,0,1,0,14.05,0
1,Internet,OneWay,52,4,9,F,LTNPRG,USA,0,1,1,4.32,0
3,Internet,RoundTrip,157,10,9,S,JFKDXB,USA,0,1,0,8.2,0
4,Internet,RoundTrip,295,15,18,T,CDGSYD,USA,0,1,0,13.8,1
3,Internet,RoundTrip,73,16,3,F,CDGSYD,United Kingdom,1,1,0,9.89,1
1,Internet,RoundTrip,359,16,12,S,AUHBOM,United Kingdom,0,1,1,7.97,0
4,Internet,OneWay,154,2,17,S,AUHBOM,UAE,0,1,1,6.36,1
2,Internet,OneWay,50,8,7,T,JFKDXB,United Kingdom,0,1,1,3.64,0
3,Internet,OneWay,66,12,8,M,CDGSYD,India,0,0,1,13.16,1
4,Internet,RoundTrip,169,3,15,S,JFKDXB,UAE,1,1,1,12.44,1
4,Mobile,OneWay,347,4,14,S,JFKDXB,USA,0,1,1,13.94,1
1,Internet,RoundTrip,172,19,12,T,CDGSYD,USA,0,1,0,12.07,1
1,Internet,OneWay,64,11,9,M,JFKDXB,France,0,1,1,8.37,1
3,Internet,RoundTrip,142,12,1,T,CDGSYD,United Kingdom,1,1,1,4.52,0
4,Mobile,RoundTrip,313,4,3,T,JFKDXB,India,0,0,1,13.45,0
4,Mobile,RoundTrip,359,13,11,T,LHRBOM,USA,0,1,0,4.65,0
3,Mobile,RoundTrip,225,19,16,M,LTNPRG,UAE,0,0,1,8.09,1
1,Internet,RoundTrip,316,20,4,S,LTNPRG,France,1,1,0,10.56,1
3,Internet,OneWay,296,4,9,W,CDGSYD,USA,1,1,1,13.03,1
3,Internet,OneWay,155,5,5,M,AUHBOM,India,1,1,1,12.97,1
2,Internet,RoundTrip,324,12,4,T,LTNPRG,United Kingdom,0,0,1,6.74,0
3,Internet,OneWay,28,18,20,F,CDGSYD,India,1,0,1,3.58,0
1,Internet,RoundTrip,293,1,21,S,CDGSYD,United Kingdom,0,0,0,8.37,0
4,Internet,RoundTrip,212,5,22,M,JFKDXB,UAE,1,0,0,13.35,0
1,Mobile,RoundTrip,215,4,20,S,LHRBOM,UAE,1,1,1,5.76,1
4,Internet,RoundTrip,341,16,9,S,JFKDXB,United Kingdom,0,0,1,9.0,1
4,Internet,RoundTrip,98,10,16,W,LTNPRG,United Kingdom,1,1,1,4.05,1
3,Internet,RoundTrip,72,15,6,F,AUHBOM,France,1,1,1,11.66,1
4,Mobile,RoundTrip,241,1,13,S,JFKDXB,India,1,1,1,9.89,1
4,Mobile,RoundTrip,270,3,5,S,LHRBOM,United Kingdom,0,0,1,11.62,0
1,Internet,OneWay,2,11,14,T,LTNPRG,UAE,1,0,1,5.77,0
3,Mobile,RoundTrip,182,9,9,S,LTNPRG,India,0,1,1,10.79,0
3,Mobile,OneWay,138,4,8,M,CDGSYD,France,0,1,0,4.22,1
4,Mobile,OneWay,299,6,1,T,LHRBOM,India,0,0,0,7.45,1
3,Mobile,OneWay,313,15,6,T,CDGSYD,United Kingdom,0,0,0,12.94,0
3,Internet,RoundTrip,51,1,10,M,AUHBOM,India,0,0,1,8.65,0
3,Mobile,RoundTrip,212,18,13,T,AUHBOM,USA,0,1,1,13.69,0
1,Internet,OneWay,263,4,19,T,LTNPRG,United Kingdom,0,0,0,12.62,0
2,Mobile,RoundTrip,95,16,17,M,JFKDXB,USA,0,1,0,8.86,0
2,Internet,OneWay,340,13,12,W,JFKDXB,UAE,0,1,0,6.42,1
4,Mobile,RoundTrip,325,2,11,M,LTNPRG,France,0,0,1,11.72,1
4,Mobile,RoundTrip,63,16,10,W,LHRBOM,India,1,1,1,11.76,0
3,Internet,RoundTrip,6,10,20,W,LHRBOM,India,0,1,0,8.75,0
1,Mobile,RoundTrip,211,7,19,T,AUHBOM,USA,0,0,0,3.78,0
3,Internet,OneWay,322,3,8,S,AUHBOM,France,0,0,1,6.16,1
2,Internet,RoundTrip,249,3,12,M,LTNPRG,United Kingdom,0,1,1,8.23,1
3,Internet,RoundTrip,277,9,8,S,LHRBOM,UAE,1,0,0,14.27,0
2,Mobile,RoundTrip,263,6,13,T,JFKDXB,United Kingdom,1,0,0,12.06,1
3,Internet,RoundTrip,54,17,9,S,AUHBOM,United Kingdom,0,0,0,12.1,1
1,Internet,RoundTrip,25,11,19,W,JFKDXB,India,0,0,0,4.66,1
1,Internet,RoundTrip,23,1,16,M,LTNPRG,India,0,0,0,4.02,0
1,Internet,RoundTrip,359,18,4,T,AUHBOM,USA,1,0,1,14.64,1
4,Internet,RoundTrip,347,6,0,M,CDGSYD,USA,0,0,0,5.74,1
1,Mobile,OneWay,304,13,22,S,CDGSYD,France,0,0,1,10.52,0
2,Internet,RoundTrip,25,17,8,T,CDGSYD,UAE,1,1,1,11.79,0
2,Mobile,RoundTrip,324,14,3,S,CDGSYD,India,0,1,1,8.79,0
4,Internet,OneWay,355,9,17,F,JFKDXB,United Kingdom,0,1,1,2.97,1
2,Mobile,RoundTrip,286,1,10,S,CDGSYD,India,0,0,0,6.36,0
4,Internet,RoundTrip,154,5,12,T,JFKDXB,United Kingdom,0,1,1,14.11,0
4,Internet,RoundTrip,34,12,14,W,AUHBOM,France,0,1,1,9.25,1
3,Internet,OneWay,129,19,7,S,JFKDXB,India,0,0,1,14.36,1
2,Internet,RoundTrip,75,1,13,S,AUHBOM,United Kingdom,1,0,0,4.1,1
3,Internet,OneWay,237,4,15,S,JFKDXB,UAE,1,0,0,2.88,1
3,Mobile,RoundTrip,322,8,14,S,LTNPRG,USA,1,0,0,10.57,0
1,Internet,RoundTrip,181,16,20,W,JFKDXB,USA,0,0,1,5.62,0
4,Internet,RoundTrip,18,20,8,F,LHRBOM,USA,1,1,0,9.43,0
2,Internet,OneWay,142,4,11,S,CDGSYD,USA,0,1,1,6.76,1
4,Mobile,RoundTrip,292,12,17,T,LTNPRG,France,0,1,1,5.24,1
3,Internet,RoundTrip,234,20,17,M,LTNPRG,France,1,1,0,3.15,1
4,Internet,OneWay,15,20,22,T,JFKDXB,India,0,1,0,9.18,1
1,Internet,RoundTrip,128,16,4,T,CDGSYD,France,1,0,0,2.7,0
1,Internet,RoundTrip,129,16,21,F,JFKDXB,USA,1,1,0,11.34,0
1,Internet,RoundTrip,13,6,10,T,LHRBOM,United Kingdom,1,0,0,5.42,0
4,Internet,RoundTrip,128,7,4,T,AUHBOM,USA,0,1,1,3.84,1
4,Internet,RoundTrip,301,20,6,F,LTNPRG,UAE,0,0,1,12.79,0
4,Internet,OneWay,48,13,8,F,LTNPRG,France,0,0,0,13.72,0
2,Internet,RoundTrip,188,3,22,M,CDGSYD,UAE,1,1,1,3.65,1
2,Internet,RoundTrip,240,2,2,M,CDGSYD,India,1,0,0,14.37,0
2,Mobile,RoundTrip,250,18,5,T,JFKDXB,France,0,0,1,8.1,1
4,Internet,RoundTrip,121,3,16,W,LTNPRG,USA,1,0,1,3.55,1
2,Internet,RoundTrip,210,14,21,T,LTNPRG,United Kingdom,1,1,0,6.8,0
3,Internet,RoundTrip,264,7,1,S,AUHBOM,France,1,0,0,9.14,1
3,Internet,RoundTrip,224,4,9,W,LHRBOM,India,0,1,1,5.41,0
2,Mobile,RoundTrip,306,3,9,F,JFKDXB,India,1,0,1,12.15,0
2,Internet,RoundTrip,80,11,11,F,JFKDXB,United Kingdom,0,0,1,3.53,0
3,Internet,RoundTrip,40,17,17,S,LTNPRG,United Kingdom,1,0,0,13.5,1
4,Internet,RoundTrip,341,1,12,W,JFKDXB,India,0,0,0,7.43,1
1,Internet,OneWay,268,15,3,M,CDGSYD,UAE,1,0,1,14.7,0
3,Mobile,RoundTrip,163,12,5,T,LHRBOM,United Kingdom,1,0,0,7.82,1
1,Internet,RoundTrip,208,16,16,T,AUHBOM,United Kingdom,1,1,0,2.21,0
1,Internet,OneWay,335,12,5,S,LHRBOM,USA,1,1,0,7.07,0
3,Mobile,RoundTrip,316,3,11,S,CDGSYD,India,0,1,0,7.12,0
2,Mobile,OneWay,294,9,8,S,CDGSYD,India,0,0,1,6.66,1
2,Internet,RoundTrip,216,20,10,S,LTNPRG,India,1,0,0,11.79,1
1,Internet,RoundTrip,263,17,17,S,LHRBOM,France,1,0,1,9.61,0
4,Internet,RoundTrip,212,8,5,S,AUHBOM,India,0,0,0,13.77,0
4,Mobile,RoundTrip,168,19,16,T,LHRBOM,France,1,1,1,10.13,1
4,Internet,OneWay,246,1,17,F,JFKDXB,UAE,0,0,1,9.6,0
1,Internet,RoundTrip,9,11,22,T,LHRBOM,USA,0,1,0,5.54,1
1,Mobile,OneWay,301,16,10,M,CDGSYD,USA,0,1,0,10.6,1
1,Internet,OneWay,115,14,2,S,AUHBOM,UAE,0,1,0,11.11,0
1,Internet,RoundTrip,199,4,15,M,CDGSYD,United Kingdom,0,1,1,2.58,1
2,Internet,RoundTrip,243,3,17,S,LTNPRG,United Kingdom,1,0,1,2.67,1
3,Mobile,RoundTrip,120,15,0,F,LHRBOM,USA,0,0,0,4.73,1
1,Internet,RoundTrip,121,20,4,T,CDGSYD,United Kingdom,1,1,0,9.59,1
2,Internet,RoundTrip,65,16,7,M,CDGSYD,USA,1,0,1,10.27,1
3,Internet,OneWay,37,18,11,S,LTNPRG,USA,0,0,1,6.63,0
2,Mobile,RoundTrip,321,19,11,S,JFKDXB,USA,1,0,0,5.18,0
2,Mobile,OneWay,189,19,4,T,JFKDXB,United Kingdom,0,1,0,4.14,0
3,Internet,RoundTrip,248,16,4,S,LTNPRG,United Kingdom,1,0,1,5.92,1
4,Internet,RoundTrip,57,16,21,S,CDGSYD,UAE,0,0,0,7.9,1
2,Mobile,RoundTrip,311,16,16,F,LHRBOM,India,0,1,1,9.8,0
1,Mobile,RoundTrip,112,7,11,T,JFKDXB,United Kingdom,1,0,1,13.32,0
4,Internet,RoundTrip,168,11,7,M,LHRBOM,India,1,1,0,10.25,0
3,Internet,RoundTrip,183,5,10,W,LTNPRG,United Kingdom,0,0,0,9.1,1
2,Mobile,OneWay,271,11,22,W,JFKDXB,United Kingdom,1,0,1,6.5,1
3,Mobile,RoundTrip,43,11,7,M,LHRBOM,UAE,0,1,1,7.6,1
4,Internet,RoundTrip,331,2,7,F,JFKDXB,India,1,0,1,10.38,1
1,Internet,RoundTrip,41,2,10,T,LHRBOM,India,1,1,1,10.28,1
4,Internet,RoundTrip,232,20,4,T,JFKDXB,USA,1,0,0,4.75,1
3,Mobile,RoundTrip,77,12,2,F,AUHBOM,United Kingdom,1,1,0,12.53,1
3,Internet,RoundTrip,337,1,20,T,AUHBOM,United Kingdom,1,1,1,12.79,1
4,Internet,OneWay,216,8,15,T,AUHBOM,France,1,1,0,14.76,0
2,Internet,OneWay,345,18,7,S,JFKDXB,India,1,0,0,13.62,0
4,Mobile,OneWay,340,15,13,T,JFKDXB,USA,0,0,0,3.32,0
3,Mobile,RoundTrip,98,17,11,F,LHRBOM,USA,1,0,0,7.65,0
4,Mobile,OneWay,88,13,2,F,AUHBOM,UAE,1,0,1,2.75,1
2,Internet,OneWay,41,15,17,M,AUHBOM,United Kingdom,1,0,1,11.99,1
3,Mobile,RoundTrip,263,5,2,T,LHRBOM,France,1,0,1,13.34,1
2,Mobile,OneWay,9,17,13,T,LHRBOM,USA,0,0,0,8.36,0
2,Internet,RoundTrip,69,15,6,M,LHRBOM,India,0,0,1,4.42,0
2,Internet,RoundTrip,331,5,10,M,LHRBOM,France,0,0,1,7.97,1
4,Mobile,RoundTrip,232,7,10,T,LTNPRG,India,0,0,1,3.7,0
4,Internet,RoundTrip,165,16,10,W,JFKDXB,United Kingdom,1,0,0,3.17,1
1,Internet,RoundTrip,51,5,5,T,AUHBOM,USA,1,0,1,3.59,0
4,Internet,RoundTrip,308,14,1,T,AUHBOM,France,1,0,0,3.32,0
3,Internet,RoundTrip,308,9,3,W,CDGSYD,UAE,0,0,0,13.61,0
1,Internet,OneWay,17,6,16,W,AUHBOM,United Kingdom,1,1,1,2.4,1
4,Mobile,RoundTrip,271,4,2,S,AUHBOM,France,0,1,1,5.67,1
1,Internet,RoundTrip,120,15,11,F,LHRBOM,United Kingdom,1,1,0,4.67,0
4,Mobile,RoundTrip,248,7,7,S,CDGSYD,United Kingdom,1,0,1,7.79,0
2,Internet,RoundTrip,108,12,16,F,JFKDXB,France,0,0,1,5.32,0
4,Internet,OneWay,6,6,14,T,LHRBOM,UAE,1,0,1,5.25,1
2,Mobile,RoundTrip,275,3,4,T,LHRBOM,USA,1,0,0,13.6,0
1,Internet,RoundTrip,305,1,15,T,AUHBOM,India,0,1,0,10.6,0
4,Internet,OneWay,249,19,15,T,LHRBOM,France,1,0,0,5.85,0
3,Mobile,RoundTrip,55,7,6,S,JFKDXB,France,0,0,1,6.18,0
2,Internet,RoundTrip,164,12,19,W,JFKDXB,India,0,0,1,6.8,0
1,Internet,RoundTrip,195,10,10,T,AUHBOM,USA,0,0,0,7.15,1
4,Internet,RoundTrip,289,8,0,W,CDGSYD,United Kingdom,0,0,0,4.44,1
4,Mobile,OneWay,283,17,14,T,LTNPRG,France,1,1,0,6.55,1
2,Internet,RoundTrip,324,19,10,F,LTNPRG,France,1,0,0,13.36,1
3,Internet,RoundTrip,230,4,8,S,JFKDXB,UAE,0,1,0,11.35,0
1,Mobile,OneWay,343,1,10,S,AUHBOM,India,0,1,1,2.5,1
1,Internet,RoundTrip,299,7,22,S,AUHBOM,France,1,1,0,12.53,0
3,Internet,RoundTrip,73,3,8,S,LTNPRG,UAE,0,0,0,7.28,0
4,Internet,RoundTrip,259,1,15,S,LTNPRG,United Kingdom,1,1,0,11.42,0
4,Internet,RoundTrip,32,17,19,S,JFKDXB,France,0,1,0,7.11,1
2,Internet,RoundTrip,276,2,13,M,AUHBOM,United Kingdom,0,1,0,12.08,1
1,Internet,RoundTrip,81,2,20,T,LHRBOM,United Kingdom,1,1,1,10.63,1
3,Internet,RoundTrip,109,8,11,T,LTNPRG,India,1,0,0,10.74,0
3,Internet,RoundTrip,209,12,5,S,LHRBOM,India,0,1,1,13.46,1
4,Internet,OneWay,138,10,11,S,CDGSYD,UAE,0,1,0,12.73,0
1,Internet,RoundTrip,236,15,2,S,LTNPRG,France,1,1,1,8.4,0
3,Internet,OneWay,183,15,6,T,CDGSYD,United Kingdom,0,1,1,10.6,0
3,Internet,RoundTrip,232,1,4,F,AUHBOM,France,0,0,0,6.92,1
3,Mobile,RoundTrip,214,16,1,S,LTNPRG,USA,0,0,0,10.58,1
1,Internet,RoundTrip,75,1,3,W,LTNPRG,UAE,0,0,0,5.47,0
1,Internet,RoundTrip,252,19,19,W,AUHBOM,India,1,1,1,9.44,0
3,Internet,RoundTrip,349,7,19,F,LHRBOM,United Kingdom,1,1,1,12.59,1
1,Mobile,OneWay,203,19,20,S,LTNPRG,France,0,1,1,8.56,1
3,Internet,OneWay,222,20,0,T,LTNPRG,USA,0,1,1,10.87,0
1,Mobile,RoundTrip,259,3,22,W,AUHBOM,France,1,1,1,5.74,1
4,Internet,RoundTrip,31,8,7,M,AUHBOM,United Kingdom,1,0,0,12.65,0
2,Internet,RoundTrip,55,3,9,T,AUHBOM,France,1,0,0,8.14,0
2,Mobile,OneWay,204,20,4,M,CDGSYD,France,1,1,1,7.16,0
2,Internet,RoundTrip,144,10,21,S,CDGSYD,India,0,1,0,2.39,0
2,Internet,RoundTrip,252,17,22,S,AUHBOM,USA,0,0,0,3.29,0
3,Mobile,RoundTrip,333,12,16,F,AUHBOM,UAE,1,1,1,3.62,1
3,Internet,RoundTrip,285,17,1,T,LTNPRG,India,0,0,1,8.31,1
3,Internet,RoundTrip,79,12,9,T,CDGSYD,France,1,0,0,3.0,1
4,Internet,RoundTrip,112,1,6,M,CDGSYD,France,0,1,0,10.07,1
1,Internet,RoundTrip,53,10,21,S,AUHBOM,UAE,1,0,1,4.03,0
4,Mobile,RoundTrip,36,14,14,M,LTNPRG,India,0,1,1,10.09,1
3,Internet,RoundTrip,272,20,22,F,CDGSYD,UAE,1,1,1,8.67,1
2,Mobile,OneWay,252,17,19,T,LHRBOM,UAE,1,0,1,5.7,0
4,Internet,RoundTrip,71,11,12,F,CDGSYD,USA,1,0,0,8.04,0
3,Mobile,RoundTrip,257,17,6,M,AUHBOM,India,0,0,0,7.99,1
1,Mobile,RoundTrip,167,19,17,W,AUHBOM,USA,0,0,0,3.72,0
1,Mobile,RoundTrip,319,18,16,S,LTNPRG,France,1,1,1,8.02,1
3,Internet,RoundTrip,260,20,17,S,LHRBOM,United Kingdom,0,0,1,10.34,0
3,Internet,OneWay,99,8,21,W,LHRBOM,India,1,0,0,11.02,0
1,Internet,RoundTrip,177,9,14,F,LHRBOM,United Kingdom,0,1,0,13.6,1
3,Internet,OneWay,85,1,15,S,LHRBOM,United Kingdom,1,1,1,11.4,1
3,Internet,RoundTrip,329,3,9,F,AUHBOM,United Kingdom,1,0,0,8.94,0
4,Mobile,RoundTrip,188,17,11,W,AUHBOM,UAE,1,0,1,5.89,1
3,Internet,RoundTrip,320,7,3,S,CDGSYD,United Kingdom,1,0,0,8.07,1
4,Mobile,RoundTrip,187,9,4,S,CDGSYD,USA,0,1,0,14.68,1
1,Internet,RoundTrip,184,8,22,T,LTNPRG,UAE,1,0,1,14.28,1
4,Mobile,RoundTrip,68,19,4,M,JFKDXB,UAE,0,0,0,11.59,0
2,Internet,RoundTrip,350,18,1,S,JFKDXB,France,0,0,0,2.43,0
3,Internet,RoundTrip,245,15,18,M,LTNPRG,USA,1,1,0,2.84,1
4,Mobile,RoundTrip,107,20,3,S,LHRBOM,USA,0,0,1,14.68,0
4,Mobile,OneWay,306,11,10,S,CDGSYD,USA,1,1,0,12.53,1
1,Mobile,RoundTrip,86,4,8,M,LTNPRG,UAE,0,0,0,8.35,0
1,Mobile,RoundTrip,36,13,9,T,LHRBOM,USA,0,0,1,7.2,1
3,Internet,RoundTrip,244,1,9,S,LHRBOM,United Kingdom,1,0,0,4.38,1
4,Mobile,RoundTrip,273,9,0,M,LHRBOM,India,0,0,0,8.75,0
3,Internet,RoundTrip,209,17,6,S,JFKDXB,France,0,0,0,10.46,1
1,Internet,RoundTrip,260,4,14,M,LTNPRG,UAE,0,1,0,3.67,0
1,Internet,RoundTrip,92,12,1,T,JFKDXB,USA,0,1,0,8.15,0
3,Internet,RoundTrip,102,16,6,M,AUHBOM,United Kingdom,1,0,0,6.63,1
3,Internet,RoundTrip,136,16,20,M,AUHBOM,India,0,1,0,13.55,1
4,Mobile,RoundTrip,76,12,15,S,CDGSYD,United Kingdom,0,1,0,11.25,1
3,Internet,OneWay,85,7,11,M,JFKDXB,France,1,0,1,13.74,0
2,Mobile,RoundTrip,18,5,12,S,LTNPRG,India,1,1,1,6.64,1
1,Internet,RoundTrip,87,4,22,M,AUHBOM,France,0,1,0,4.11,1
4,Internet,RoundTrip,200,15,1,F,LHRBOM,France,1,0,0,12.8,1
4,Internet,RoundTrip,134,6,20,W,LHRBOM,United Kingdom,1,0,0,7.51,0
1,Internet,RoundTrip,157,13,10,F,AUHBOM,India,0,1,1,9.45,0
2,Internet,OneWay,337,1,11,F,AUHBOM,USA,0,1,0,11.38,0
2,Internet,RoundTrip,3,6,5,F,LHRBOM,India,1,1,0,10.08,1
3,Internet,OneWay,304,8,8,T,CDGSYD,USA,0,0,1,12.43,1
4,Internet,RoundTrip,13,16,12,S,LHRBOM,India,0,0,1,4.29,0
1,Mobile,RoundTrip,187,2,5,T,LHRBOM,France,0,1,1,3.14,0
4,Internet,RoundTrip,48,10,8,S,JFKDXB,USA,0,0,1,6.38,0
1,Mobile,OneWay,174,10,22,W,LTNPRG,India,0,1,0,8.85,1
4,Mobile,RoundTrip,326,7,18,F,AUHBOM,France,0,0,1,11.82,1
3,Internet,OneWay,12,16,13,F,AUHBOM,USA,0,1,0,12.28,0
1,Internet,OneWay,185,20,6,W,JFKDXB,UAE,0,1,0,9.38,1
3,Internet,RoundTrip,169,1,19,S,CDGSYD,UAE,1,0,0,12.05,0
2,Internet,RoundTrip,165,19,19,T,LTNPRG,United Kingdom,1,1,0,9.45,0
2,Internet,RoundTrip,228,18,22,S,LTNPRG,India,1,1,0,5.17,0
1,Mobile,OneWay,119,17,15,T,AUHBOM,India,0,0,1,11.72,1
3,Internet,OneWay,284,3,5,S,AUHBOM,India,1,1,0,9.76,0
4,Internet,RoundTrip,87,8,8,S,CDGSYD,USA,0,1,1,9.38,1
3,Internet,RoundTrip,130,14,21,W,LHRBOM,UAE,0,0,0,12.52,0
4,Internet,RoundTrip,171,5,2,T,CDGSYD,UAE,1,1,1,2.5,0
2,Internet,RoundTrip,335,5,18,S,LTNPRG,USA,0,0,1,5.01,1
3,Internet,RoundTrip,195,12,11,F,JFKDXB,USA,1,1,1,10.92,1
4,Mobile,OneWay,306,17,10,S,JFKDXB,India,0,1,0,4.85,0
2,Internet,RoundTrip,51,4,3,S,LHRBOM,USA,1,1,1,4.5,1
3,Internet,OneWay,30,1,21,S,AUHBOM,France,1,1,1,14.36,0
1,Internet,OneWay,183,20,4,S,LTNPRG,India,1,1,1,14.11,0
3,Internet,RoundTrip,329,9,13,F,LHRBOM,USA,1,0,0,8.1,0
4,Mobile,RoundTrip,86,2,12,S,CDGSYD,UAE,1,1,0,3.34,1
4,Mobile,RoundTrip,82,20,9,W,AUHBOM,India,0,0,1,12.21,1
2,Mobile,RoundTrip,54,6,3,T,AUHBOM,UAE,0,1,0,12.19,0
3,Internet,RoundTrip,337,3,3,T,LHRBOM,USA,1,1,1,6.67,1
3,Internet,RoundTrip,34,14,14,W,AUHBOM,UAE,1,1,0,11.84,0
4,Mobile,RoundTrip,230,16,16,W,LTNPRG,France,1,1,0,3.16,0
4,Internet,OneWay,139,3,5,S,AUHBOM,France,0,0,1,7.92,1
4,Internet,RoundTrip,150,15,17,W,LTNPRG,UAE,0,0,1,2.63,1
4,Internet,RoundTrip,259,8,15,M,CDGSYD,United Kingdom,0,0,1,13.46,0
2,Internet,OneWay,159,7,4,W,AUHBOM,USA,0,0,1,6.54,1
2,Mobile,RoundTrip,9,14,8,W,CDGSYD,France,1,0,1,4.2,0
2,Internet,RoundTrip,205,2,8,S,LTNPRG,France,0,0,1,3.89,0
2,Mobile,RoundTrip,10,4,12,S,AUHBOM,UAE,0,1,1,3.4,0
4,Internet,RoundTrip,308,17,1,T,AUHBOM,United Kingdom,1,1,1,3.41,0
4,Internet,RoundTrip,345,20,21,S,LHRBOM,United Kingdom,1,0,1,8.16,0
4,Internet,RoundTrip,305,19,12,W,JFKDXB,India,0,1,0,4.24,0
3,Internet,RoundTrip,151,16,15,T,CDGSYD,UAE,1,0,1,11.92,1
1,Internet,RoundTrip,152,3,13,F,AUHBOM,United Kingdom,0,1,0,8.62,1
1,Internet,RoundTrip,213,7,9,F,AUHBOM,United Kingdom,0,0,0,13.34,0
2,Internet,RoundTrip,310,17,19,W,LTNPRG,UAE,1,0,0,12.72,1
3,Mobile,OneWay,275,15,7,T,LTNPRG,United Kingdom,0,0,1,11.59,1
2,Internet,OneWay,172,17,0,M,LHRBOM,France,1,1,1,4.23,1
3,Internet,RoundTrip,296,9,12,W,AUHBOM,France,0,0,1,8.0,0
4,Internet,RoundTrip,152,12,2,S,LTNPRG,United Kingdom,1,1,0,13.92,1
2,Mobile,RoundTrip,281,15,18,S,CDGSYD,India,1,1,1,11.93,1
4,Internet,OneWay,89,16,0,W,JFKDXB,United Kingdom,1,1,1,9.08,1
3,Internet,OneWay,166,15,4,F,JFKDXB,United Kingdom,0,1,0,9.13,1
4,Internet,RoundTrip,302,1,21,T,AUHBOM,UAE,0,1,1,6.49,1
1,Internet,RoundTrip,90,5,6,T,JFKDXB,France,0,0,0,13.01,1
2,Internet,RoundTrip,226,10,11,T,LTNPRG,USA,1,1,0,13.7,0
4,Internet,RoundTrip,103,14,20,W,AUHBOM,USA,0,1,1,10.89,1
4,Mobile,RoundTrip,157,20,5,T,AUHBOM,United Kingdom,1,1,0,14.99,1
3,Internet,RoundTrip,119,7,6,T,AUHBOM,UAE,1,1,1,12.18,1
1,Internet,RoundTrip,242,16,0,T,LHRBOM,India,1,0,0,12.7,0
1,Internet,RoundTrip,275,14,18,W,JFKDXB,UAE,1,1,1,8.55,0
2,Internet,RoundTrip,314,6,2,T,CDGSYD,USA,0,1,1,8.11,0
4,Internet,RoundTrip,130,4,22,S,CDGSYD,India,0,1,1,6.76,0
2,Internet,RoundTrip,73,13,16,S,JFKDXB,India,0,1,1,8.36,1
4,Internet,RoundTrip,339,7,7,F,LHRBOM,India,0,1,1,9.78,0
3,Internet,RoundTrip,143,5,11,T,AUHBOM,France,1,0,1,9.04,1
1,Internet,OneWay,238,5,11,T,LHRBOM,India,1,0,1,4.65,1
3,Mobile,RoundTrip,139,5,16,T,AUHBOM,USA,0,0,1,7.72,1
2,Internet,OneWay,304,2,8,F,LTNPRG,India,1,0,1,8.46,0
1,Internet,RoundTrip,28,4,6,T,AUHBOM,United Kingdom,0,0,0,9.03,0
3,Mobile,RoundTrip,15,20,3,M,AUHBOM,India,1,0,1,2.72,1
1,Mobile,RoundTrip,122,4,10,F,LTNPRG,France,1,1,1,11.48,1
4,Internet,RoundTrip,152,9,11,W,LHRBOM,USA,0,0,0,14.59,0
4,Mobile,OneWay,278,10,14,T,JFKDXB,India,1,1,1,4.45,1
4,Internet,RoundTrip,172,15,19,S,LHRBOM,France,0,1,0,13.27,0
1,Internet,OneWay,93,7,4,S,AUHBOM,France,0,1,1,4.66,0
4,Mobile,OneWay,28,17,5,T,LTNPRG,France,1,1,0,2.69,1
2,Mobile,OneWay,296,16,6,S,CDGSYD,France,0,1,0,11.68,1
3,Internet,RoundTrip,186,11,3,T,LTNPRG,UAE,0,1,1,13.19,0
1,Internet,RoundTrip,348,18,3,T,JFKDXB,United Kingdom,0,0,0,12.97,0
4,Internet,OneWay,121,7,18,T,LHRBOM,India,0,0,1,3.15,1
2,Internet,RoundTrip,82,10,16,S,LHRBOM,UAE,1,0,0,2.09,0
3,Mobile,OneWay,99,12,19,S,LTNPRG,United Kingdom,1,0,0,13.53,1
2,Internet,RoundTrip,150,4,13,T,LHRBOM,USA,1,0,0,5.35,1
4,Internet,OneWay,52,2,18,T,JFKDXB,United Kingdom,1,0,0,4.81,0
3,Internet,OneWay,48,20,10,S,LHRBOM,United Kingdom,0,0,1,12.99,1
2,Internet,OneWay,289,1,20,T,JFKDXB,United Kingdom,0,0,0,5.81,1
2,Internet,RoundTrip,252,1,13,F,LHRBOM,India,1,1,1,8.41,0
1,Mobile,RoundTrip,183,3,0,T,AUHBOM,USA,0,0,1,14.03,1
2,Internet,RoundTrip,176,11,3,T,LHRBOM,France,0,1,1,11.02,0
4,Internet,RoundTrip,181,6,11,F,CDGSYD,USA,0,1,1,7.66,1
4,Internet,RoundTrip,215,5,18,T,JFKDXB,India,1,0,0,8.53,0
4,Internet,RoundTrip,105,18,3,S,CDGSYD,UAE,0,0,1,6.28,1
1,Internet,OneWay,284,19,17,T,LHRBOM,UAE,1,0,0,13.14,1
2,Internet,RoundTrip,3,18,20,T,CDGSYD,USA,0,1,1,9.19,1
4,Internet,RoundTrip,283,7,4,T,LTNPRG,United Kingdom,1,1,0,12.65,0
2,Internet,RoundTrip,289,2,12,F,AUHBOM,United Kingdom,0,0,1,14.97,0
1,Mobile,OneWay,188,20,20,T,LTNPRG,USA,1,1,0,8.13,1
2,Internet,RoundTrip,108,11,7,F,LTNPRG,France,0,1,1,2.28,0
4,Internet,RoundTrip,322,20,9,F,CDGSYD,France,1,0,0,13.57,1
4,Internet,RoundTrip,298,4,10,W,JFKDXB,USA,0,1,0,5.13,0
1,Internet,RoundTrip,340,19,10,W,AUHBOM,France,0,0,1,5.34,1
4,Mobile,RoundTrip,6,7,7,W,CDGSYD,USA,0,0,1,6.39,0
3,Internet,OneWay,230,16,12,W,JFKDXB,United Kingdom,0,1,1,14.59,0
4,Internet,RoundTrip,3,3,6,S,AUHBOM,UAE,0,1,0,10.39,1
3,Internet,RoundTrip,14,15,18,W,AUHBOM,United Kingdom,0,1,1,11.61,0
3,Mobile,OneWay,23,10,15,M,JFKDXB,UAE,0,1,1,3.78,1
3,Internet,RoundTrip,283,20,3,S,CDGSYD,France,0,1,0,6.89,1
3,Internet,RoundTrip,265,3,19,T,LHRBOM,France,0,0,0,5.14,0
4,Internet,RoundTrip,325,5,6,W,AUHBOM,France,1,0,1,2.24,1
3,Internet,RoundTrip,232,13,12,T,AUHBOM,India,0,1,0,10.53,1
1,Mobile,RoundTrip,203,17,21,F,JFKDXB,UAE,1,0,1,2.14,1
1,Internet,OneWay,67,18,15,T,AUHBOM,UAE,0,1,0,13.3,1
2,Internet,OneWay,255,3,21,S,CDGSYD,United Kingdom,0,1,0,10.55,0
2,Internet,OneWay,332,1,13,W,LTNPRG,France,0,1,1,8.92,1
4,Mobile,RoundTrip,130,8,18,M,LHRBOM,India,1,0,1,7.8,1
1,Internet,RoundTrip,254,2,10,T,JFKDXB,United Kingdom,0,1,1,7.67,1
4,Internet,OneWay,183,9,3,T,AUHBOM,UAE,0,0,0,6.08,0
1,Mobile,RoundTrip,190,10,4,W,LTNPRG,India,1,1,1,10.72,0
2,Internet,RoundTrip,291,20,13,S,LTNPRG,USA,1,0,0,9.9,1
2,Mobile,RoundTrip,106,1,3,T,LTNPRG,France,0,0,0,6.09,0
3,Mobile,RoundTrip,319,7,10,S,LTNPRG,UAE,1,1,0,14.36,0
1,Internet,RoundTrip,359,7,10,F,LHRBOM,USA,1,1,1,6.96,1
4,Internet,RoundTrip,42,12,1,W,AUHBOM,France,1,0,1,11.42,0
1,Internet,RoundTrip,187,7,19,T,LHRBOM,USA,0,1,1,7.81,0
4,Mobile,RoundTrip,7,13,1,M,LTNPRG,UAE,1,0,1,3.45,0
3,Mobile,RoundTrip,124,17,7,T,AUHBOM,UAE,0,1,1,13.81,0
4,Mobile,RoundTrip,136,14,19,T,AUHBOM,United Kingdom,0,0,1,12.35,0
4,Internet,RoundTrip,242,14,0,F,CDGSYD,India,0,0,0,4.3,1
4,Internet,RoundTrip,143,3,2,S,LTNPRG,UAE,0,1,0,7.64,1
2,Internet,RoundTrip,132,18,19,S,JFKDXB,India,1,0,1,13.08,0
2,Internet,RoundTrip,282,12,6,W,LTNPRG,United Kingdom,1,1,0,11.56,1
3,Internet,RoundTrip,277,4,20,S,CDGSYD,France,0,1,0,10.52,0
3,Mobile,RoundTrip,4,13,3,S,JFKDXB,USA,0,1,1,12.61,0
4,Internet,RoundTrip,123,10,3,W,LTNPRG,UAE,1,1,0,6.13,1
2,Internet,RoundTrip,279,19,13,W,CDGSYD,United Kingdom,1,0,0,13.01,1
2,Internet,OneWay,38,13,21,T,CDGSYD,UAE,0,1,0,13.79,0
1,Internet,RoundTrip,196,20,17,T,LHRBOM,United Kingdom,0,1,1,2.76,0
1,Mobile,RoundTrip,180,20,14,W,LTNPRG,United Kingdom,0,1,1,13.88,0
4,Internet,RoundTrip,255,5,6,M,AUHBOM,USA,1,1,0,14.54,1
4,Internet,OneWay,247,6,1,S,JFKDXB,United Kingdom,0,1,0,7.02,0
3,Internet,RoundTrip,186,5,17,T,CDGSYD,India,0,1,1,13.57,0
2,Internet,OneWay,151,5,2,T,LTNPRG,USA,1,1,1,2.71,0
1,Internet,RoundTrip,288,14,4,S,LHRBOM,India,1,0,1,11.09,0
1,Mobile,RoundTrip,140,19,10,S,AUHBOM,United Kingdom,0,0,0,8.09,1
3,Mobile,RoundTrip,160,10,8,T,LHRBOM,UAE,1,0,1,8.33,0
3,Internet,RoundTrip,153,17,19,T,JFKDXB,United Kingdom,1,0,0,13.88,1
2,Internet,RoundTrip,126,15,5,F,LHRBOM,France,0,0,1,10.11,1
1,Internet,RoundTrip,230,6,14,T,JFKDXB,USA,1,1,0,13.63,1
1,Internet,RoundTrip,232,17,10,W,CDGSYD,France,1,0,0,4.35,1
3,Internet,RoundTrip,328,10,5,W,LHRBOM,United Kingdom,0,1,0,11.31,0
3,Mobile,OneWay,162,1,22,W,AUHBOM,UAE,0,1,0,5.05,1
2,Internet,OneWay,277,15,18,F,LTNPRG,UAE,0,0,1,4.1,0
3,Mobile,RoundTrip,111,18,16,M,AUHBOM,USA,1,1,1,13.29,1
4,Internet,OneWay,351,5,10,F,JFKDXB,United Kingdom,0,0,1,9.69,1
3,Internet,OneWay,333,6,4,T,LTNPRG,France,0,0,1,3.86,1
2,Internet,OneWay,216,15,14,S,JFKDXB,India,1,1,1,9.04,0
1,Internet,RoundTrip,264,20,22,S,LHRBOM,France,0,0,0,10.42,0
4,Internet,RoundTrip,212,6,6,T,CDGSYD,UAE,1,1,0,13.67,1
3,Mobile,OneWay,72,9,15,T,LHRBOM,France,0,0,0,4.48,0
2,Internet,RoundTrip,343,14,19,T,JFKDXB,France,1,1,0,4.44,1
1,Internet,RoundTrip,270,18,10,T,CDGSYD,India,1,1,0,11.36,1
4,Internet,RoundTrip,153,1,1,T,LTNPRG,France,0,0,1,7.22,1
4,Internet,RoundTrip,92,4,21,T,JFKDXB,UAE,0,0,0,11.28,1
2,Internet,RoundTrip,244,18,2,M,AUHBOM,USA,0,0,1,4.59,0
2,Internet,RoundTrip,157,11,17,T,AUHBOM,France,0,0,1,10.29,0
3,Internet,RoundTrip,302,16,11,W,JFKDXB,United Kingdom,0,1,0,4.64,0
4,Internet,OneWay,80,2,16,T,LHRBOM,India,1,1,1,7.44,0
3,Mobile,RoundTrip,190,2,16,M,JFKDXB,United Kingdom,0,1,0,13.78,0
1,Mobile,RoundTrip,42,15,4,S,JFKDXB,India,1,1,0,4.9,1
1,Internet,RoundTrip,260,8,2,S,LTNPRG,UAE,1,1,0,4.85,0
1,Internet,RoundTrip,146,19,2,F,CDGSYD,United Kingdom,0,0,1,11.12,1
2,Internet,RoundTrip,71,9,4,W,CDGSYD,France,1,0,1,5.12,0
2,Internet,RoundTrip,203,17,19,F,LHRBOM,UAE,0,1,1,9.24,0
3,Internet,OneWay,208,11,2,T,CDGSYD,USA,0,1,1,9.52,1
4,Internet,RoundTrip,110,14,15,M,AUHBOM,United Kingdom,0,1,1,13.23,0
1,Internet,RoundTrip,342,14,8,S,AUHBOM,UAE,0,1,1,2.69,0
4,Internet,OneWay,28,3,18,T,LTNPRG,United Kingdom,1,1,1,14.1,1
2,Internet,RoundTrip,122,16,13,T,CDGSYD,USA,0,1,0,10.77,0
3,Mobile,RoundTrip,91,20,17,S,LTNPRG,UAE,0,1,0,13.16,0
1,Internet,RoundTrip,337,8,19,F,CDGSYD,France,1,0,0,7.82,1
2,Internet,OneWay,90,7,20,T,AUHBOM,India,1,1,1,3.85,0
4,Internet,RoundTrip,81,12,18,S,AUHBOM,United Kingdom,0,1,1,13.22,1
1,Mobile,OneWay,216,13,8,S,LHRBOM,USA,0,1,0,7.36,0
2,Mobile,OneWay,95,8,21,F,AUHBOM,France,1,1,1,9.11,0
3,Internet,RoundTrip,103,6,8,F,JFKDXB,USA,0,1,1,7.15,1
3,Internet,RoundTrip,90,20,13,T,AUHBOM,USA,1,0,0,2.99,1
2,Internet,RoundTrip,195,17,5,S,CDGSYD,France,0,1,1,4.86,1
2,Internet,RoundTrip,273,12,18,S,CDGSYD,United Kingdom,0,0,0,14.4,1
4,Internet,OneWay,172,8,2,W,AUHBOM,UAE,0,0,0,9.75,0
1,Internet,RoundTrip,324,8,22,M,CDGSYD,USA,0,0,0,8.63,1
2,Internet,RoundTrip,97,8,11,S,AUHBOM,USA,1,0,0,2.51,0
2,Mobile,RoundTrip,308,12,19,T,LHRBOM,United Kingdom,0,0,1,13.4,1
4,Internet,RoundTrip,270,1,11,T,AUHBOM,United Kingdom,1,0,0,14.79,0
4,Internet,OneWay,27,14,3,S,AUHBOM,India,0,0,0,2.83,0
4,Internet,RoundTrip,244,12,2,T,LTNPRG,UAE,1,0,0,11.57,1
1,Internet,RoundTrip,362,3,20,T,JFKDXB,United Kingdom,1,0,0,14.47,1
1,Internet,RoundTrip,248,6,13,F,AUHBOM,India,0,0,0,14.09,0
2,Mobile,RoundTrip,94,6,3,S,CDGSYD,UAE,0,1,1,10.5,0
2,Mobile,RoundTrip,158,19,8,T,LTNPRG,France,0,0,1,9.06,1
1,Internet,RoundTrip,317,19,13,F,LHRBOM,France,1,0,1,2.9,1
4,Mobile,RoundTrip,116,16,10,M,JFKDXB,United Kingdom,1,1,1,9.06,0
4,Internet,OneWay,174,14,1,T,LTNPRG,France,1,0,0,13.32,0
2,Internet,RoundTrip,216,20,11,T,LTNPRG,UAE,1,1,0,3.98,1
4,Internet,RoundTrip,302,15,4,M,JFKDXB,United Kingdom,1,1,1,3.99,0
3,Internet,RoundTrip,350,8,7,T,JFKDXB,United Kingdom,1,0,1,12.56,0
3,Internet,RoundTrip,257,8,15,T,AUHBOM,UAE,0,1,1,14.6,1
4,Internet,RoundTrip,158,14,15,T,JFKDXB,India,0,1,1,3.08,1
1,Internet,RoundTrip,150,9,1,W,LTNPRG,France,1,1,0,3.98,0
1,Mobile,RoundTrip,243,10,11,M,AUHBOM,UAE,0,1,0,7.2,1
2,Internet,RoundTrip,27,20,5,W,LHRBOM,USA,0,1,0,14.18,0
4,Mobile,RoundTrip,162,19,10,T,AUHBOM,United Kingdom,1,0,0,3.16,1
3,Internet,RoundTrip,130,13,18,S,JFKDXB,France,0,0,0,2.49,1
2,Mobile,RoundTrip,340,7,9,W,LTNPRG,India,0,0,1,14.02,0
1,Internet,RoundTrip,312,9,13,T,AUHBOM,India,0,0,0,7.59,0
3,Internet,OneWay,97,7,0,M,LTNPRG,India,0,1,0,9.48,0
2,Internet,RoundTrip,239,9,11,T,CDGSYD,USA,1,1,1,6.58,0
2,Mobile,RoundTrip,167,8,17,F,LTNPRG,USA,1,0,1,10.23,1
4,Internet,RoundTrip,303,9,14,T,AUHBOM,UAE,1,1,0,8.91,0
3,Internet,RoundTrip,180,10,22,W,LHRBOM,France,0,1,1,2.23,0
1,Mobile,RoundTrip,234,13,18,W,LTNPRG,United Kingdom,1,0,1,4.31,0
1,Internet,RoundTrip,266,18,3,F,AUHBOM,France,0,0,1,2.7,0
2,Mobile,OneWay,300,11,1,T,JFKDXB,USA,1,1,0,3.37,0
1,Internet,RoundTrip,263,5,6,S,CDGSYD,United Kingdom,0,1,0,4.1,1
2,Internet,RoundTrip,109,4,18,T,LTNPRG,India,1,1,1,13.81,1
2,Internet,RoundTrip,270,14,19,S,LHRBOM,UAE,1,1,0,4.71,1
4,Internet,RoundTrip,116,20,16,S,JFKDXB,United Kingdom,0,0,0,14.88,1
2,Internet,RoundTrip,267,7,16,T,AUHBOM,France,0,1,0,13.74,1
2,Internet,OneWay,346,2,15,T,LTNPRG,France,1,0,0,7.53,1
3,Internet,RoundTrip,171,2,7,T,LHRBOM,India,1,0,0,2.97,1
3,Mobile,OneWay,325,6,15,S,JFKDXB,United Kingdom,1,0,1,14.53,1
1,Mobile,RoundTrip,57,20,14,T,CDGSYD,UAE,0,0,1,11.73,0
1,Internet,RoundTrip,155,16,1,F,LHRBOM,USA,1,0,0,6.19,0
1,Internet,RoundTrip,317,16,21,W,LHRBOM,India,1,0,1,5.52,1
4,Internet,RoundTrip,266,7,17,F,AUHBOM,India,0,0,1,13.52,0
1,Mobile,RoundTrip,119,20,5,W,CDGSYD,France,0,0,0,12.17,1
4,Mobile,RoundTrip,183,9,6,T,CDGSYD,United Kingdom,0,0,1,4.72,1
2,Internet,RoundTrip,41,9,15,T,JFKDXB,France,1,0,0,4.73,1
4,Internet,RoundTrip,298,19,5,F,JFKDXB,France,1,0,1,12.4,1
1,Mobile,RoundTrip,47,16,18,S,LTNPRG,UAE,0,0,0,13.27,0
2,Mobile,RoundTrip,206,6,10,W,LHRBOM,France,0,1,1,8.84,1
1,Internet,RoundTrip,181,14,2,M,CDGSYD,UAE,1,1,0,3.99,1
4,Mobile,RoundTrip,225,8,15,W,JFKDXB,USA,0,0,1,5.19,0
3,Internet,RoundTrip,156,13,21,W,JFKDXB,USA,1,1,0,10.48,0
1,Internet,RoundTrip,32,3,7,F,LTNPRG,France,1,1,0,4.24,1
3,Mobile,RoundTrip,242,1,22,T,LHRBOM,United Kingdom,1,1,0,2.43,0
4,Internet,RoundTrip,326,20,16,S,AUHBOM,India,1,0,0,5.9,0
3,Internet,OneWay,223,2,16,M,CDGSYD,France,0,0,0,10.36,0
4,Mobile,RoundTrip,16,9,8,W,LTNPRG,United Kingdom,1,0,0,8.37,0
2,Mobile,RoundTrip,40,4,11,T,LHRBOM,United Kingdom,1,1,0,14.44,0
2,Internet,OneWay,100,1,5,S,AUHBOM,United Kingdom,0,1,0,3.75,0
4,Internet,RoundTrip,109,15,13,T,LTNPRG,India,1,0,0,14.06,0
3,Mobile,OneWay,45,6,19,S,JFKDXB,India,0,0,1,8.15,1
3,Internet,RoundTrip,327,16,14,T,AUHBOM,USA,0,1,0,14.26,0
4,Mobile,RoundTrip,269,11,20,S,CDGSYD,India,0,0,1,4.34,0
3,Internet,OneWay,280,13,3,S,LTNPRG,France,0,1,0,5.39,1
1,Internet,RoundTrip,351,14,13,S,LTNPRG,United Kingdom,0,0,0,6.7,1
1,Internet,RoundTrip,317,4,6,F,LTNPRG,USA,1,0,0,3.62,1
4,Mobile,RoundTrip,63,10,12,S,LHRBOM,India,1,0,1,4.49,0
1,Mobile,OneWay,9,16,2,S,JFKDXB,India,1,1,0,7.33,0
3,Internet,RoundTrip,266,5,8,F,LTNPRG,India,0,0,0,9.26,0
2,Internet,RoundTrip,333,3,8,T,LTNPRG,USA,0,0,1,9.46,0
3,Mobile,RoundTrip,256,9,12,T,LTNPRG,USA,1,1,0,2.09,1
1,Internet,OneWay,314,18,17,T,JFKDXB,France,0,1,0,12.4,0
2,Internet,RoundTrip,222,7,13,F,JFKDXB,UAE,1,1,1,5.94,1
3,Mobile,RoundTrip,165,8,20,S,CDGSYD,United Kingdom,0,1,0,11.58,0
1,Mobile,OneWay,48,3,6,S,CDGSYD,United Kingdom,0,0,0,5.53,1
2,Mobile,RoundTrip,246,15,8,T,CDGSYD,USA,0,0,0,5.7,0
4,Internet,RoundTrip,107,7,10,T,CDGSYD,United Kingdom,0,0,0,9.75,0
1,Internet,RoundTrip,100,4,14,S,LHRBOM,USA,0,0,0,2.22,0
3,Mobile,RoundTrip,319,3,19,S,LTNPRG,United Kingdom,0,1,0,3.54,0
1,Internet,RoundTrip,240,7,13,M,LTNPRG,France,0,0,1,14.59,0
3,Internet,RoundTrip,162,5,22,F,CDGSYD,France,0,0,1,7.97,1
1,Mobile,RoundTrip,291,10,10,T,AUHBOM,UAE,1,0,1,12.74,0
3,Internet,OneWay,267,9,12,T,CDGSYD,France,1,1,1,12.66,0
2,Mobile,RoundTrip,177,10,15,W,AUHBOM,France,1,1,0,2.08,0
3,Internet,RoundTrip,356,8,3,S,AUHBOM,France,1,0,0,8.01,0
1,Mobile,RoundTrip,11,2,3,W,LTNPRG,USA,1,0,0,10.09,0
3,Internet,OneWay,180,16,7,T,AUHBOM,UAE,0,0,1,12.32,1
3,Internet,RoundTrip,152,11,1,F,CDGSYD,UAE,0,1,1,14.56,1
1,Mobile,RoundTrip,45,4,9,T,AUHBOM,UAE,0,1,1,3.85,1
2,Internet,RoundTrip,264,2,8,S,AUHBOM,France,1,1,0,11.15,1
3,Mobile,OneWay,37,19,14,M,LTNPRG,USA,0,1,1,7.72,0
3,Internet,OneWay,257,19,22,S,AUHBOM,United Kingdom,1,1,1,7.12,0
3,Mobile,RoundTrip,275,4,13,F,LHRBOM,United Kingdom,1,0,0,2.01,1
4,Mobile,RoundTrip,178,9,21,S,JFKDXB,France,0,0,1,14.87,0
2,Internet,RoundTrip,89,12,13,M,AUHBOM,India,1,0,0,10.03,0
4,Internet,RoundTrip,359,9,14,S,CDGSYD,India,0,0,1,10.18,1
4,Internet,RoundTrip,257,17,19,T,CDGSYD,France,1,1,0,14.17,0
3,Mobile,RoundTrip,43,12,13,S,CDGSYD,India,1,1,0,5.05,1
1,Mobile,RoundTrip,269,6,22,W,CDGSYD,India,0,0,1,11.15,1
2,Mobile,RoundTrip,58,16,14,F,CDGSYD,France,1,0,0,7.98,1
1,Internet,OneWay,227,18,7,S,JFKDXB,UAE,0,0,1,8.34,1
3,Internet,RoundTrip,95,2,9,S,AUHBOM,France,0,0,0,12.2,1
2,Mobile,OneWay,232,18,14,M,CDGSYD,United Kingdom,1,0,0,5.5,0
4,Mobile,RoundTrip,293,15,6,T,LHRBOM,France,0,1,1,14.17,0
3,Internet,RoundTrip,286,19,16,M,LHRBOM,United Kingdom,0,0,0,8.35,1
2,Internet,OneWay,278,19,0,S,LTNPRG,India,1,1,1,8.71,1
1,Internet,RoundTrip,258,1,16,W,LTNPRG,UAE,0,1,1,7.09,1
1,Internet,RoundTrip,282,9,0,T,CDGSYD,USA,0,1,0,2.99,0
3,Internet,RoundTrip,329,2,3,F,JFKDXB,India,1,0,0,9.2,1
4,Internet,OneWay,321,1,22,T,AUHBOM,USA,0,1,0,10.54,0
2,Internet,RoundTrip,282,19,19,W,LHRBOM,India,1,1,0,2.66,0
1,Mobile,RoundTrip,162,5,17,T,AUHBOM,UAE,1,1,1,5.86,0
2,Mobile,RoundTrip,107,2,21,M,CDGSYD,USA,0,0,0,12.79,0
4,Mobile,RoundTrip,116,19,15,S,LTNPRG,UAE,1,0,0,8.44,0
3,Internet,RoundTrip,224,9,2,S,JFKDXB,UAE,0,0,0,9.83,1
1,Internet,OneWay,219,3,19,F,AUHBOM,France,0,0,0,6.77,0
1,Internet,RoundTrip,156,6,5,T,CDGSYD,France,0,0,0,2.74,1
1,Internet,RoundTrip,150,1,13,T,LTNPRG,India,0,1,0,9.29,0
4,Internet,RoundTrip,264,14,20,W,JFKDXB,France,1,0,1,5.31,1
4,Mobile,OneWay,191,19,15,T,AUHBOM,UAE,0,1,1,11.23,0
2,Mobile,RoundTrip,7,8,0,T,LHRBOM,United Kingdom,0,0,0,7.15,0
3,Mobile,RoundTrip,52,18,18,S,CDGSYD,France,0,1,0,8.61,0
1,Internet,RoundTrip,121,7,18,T,LHRBOM,France,1,1,1,9.3,0
3,Internet,RoundTrip,145,10,2,F,LTNPRG,India,1,0,1,11.39,0
2,Internet,RoundTrip,267,5,21,T,LHRBOM,France,1,1,1,12.56,1
4,Internet,RoundTrip,173,1,4,T,LTNPRG,France,1,0,1,3.31,1
2,Mobile,RoundTrip,156,4,1,F,AUHBOM,UAE,1,1,0,3.21,0
4,Internet,RoundTrip,32,12,12,S,JFKDXB,United Kingdom,1,0,0,4.09,0
3,Mobile,RoundTrip,23,2,15,W,AUHBOM,USA,1,1,1,10.55,0
2,Internet,RoundTrip,362,17,2,F,JFKDXB,France,0,1,1,5.26,1
4,Mobile,RoundTrip,314,19,3,S,LTNPRG,India,1,1,1,12.06,0
4,Mobile,RoundTrip,14,6,15,T,LTNPRG,India,0,1,1,6.99,0
2,Internet,RoundTrip,166,6,1,S,LTNPRG,UAE,0,0,1,7.46,0
2,Mobile,OneWay,335,4,19,W,AUHBOM,UAE,0,0,0,9.26,1
3,Internet,RoundTrip,260,9,6,M,LTNPRG,USA,0,1,0,10.01,1
1,Mobile,RoundTrip,30,19,19,W,LTNPRG,UAE,1,1,0,2.24,0
2,Mobile,RoundTrip,157,8,17,S,JFKDXB,India,0,0,0,7.38,1
4,Mobile,OneWay,313,16,7,F,AUHBOM,USA,0,1,0,12.62,0
4,Mobile,RoundTrip,109,7,18,W,AUHBOM,UAE,0,0,0,9.93,0
2,Internet,RoundTrip,200,9,4,S,JFKDXB,UAE,0,0,1,5.57,0
2,Mobile,OneWay,118,10,11,S,LHRBOM,USA,1,0,1,14.08,1
4,Internet,RoundTrip,72,19,22,S,LHRBOM,USA,0,1,1,14.59,0
1,Internet,RoundTrip,314,10,20,T,JFKDXB,USA,1,1,1,8.05,1
1,Internet,RoundTrip,85,13,20,F,CDGSYD,India,1,0,0,6.51,1
1,Mobile,RoundTrip,213,18,3,T,JFKDXB,United Kingdom,0,1,1,13.35,1
1,Internet,RoundTrip,128,19,7,W,JFKDXB,USA,0,1,1,5.67,1
4,Internet,RoundTrip,224,18,1,T,AUHBOM,United Kingdom,1,0,0,11.46,1
1,Mobile,RoundTrip,290,3,20,M,LHRBOM,UAE,0,0,1,10.92,1
2,Internet,RoundTrip,202,3,18,T,AUHBOM,USA,1,0,0,10.24,1
3,Internet,RoundTrip,54,9,20,F,CDGSYD,UAE,1,1,0,4.09,0
3,Internet,RoundTrip,105,8,2,W,JFKDXB,France,1,0,0,4.29,0
4,Internet,RoundTrip,89,14,7,T,LTNPRG,USA,1,1,0,7.04,1
4,Mobile,RoundTrip,251,9,16,S,LTNPRG,France,0,0,0,9.05,1
2,Internet,RoundTrip,253,9,8,F,JFKDXB,India,0,1,1,6.74,0
1,Internet,RoundTrip,53,2,6,M,CDGSYD,India,1,0,1,11.52,0
1,Mobile,RoundTrip,224,7,21,S,CDGSYD,United Kingdom,1,1,0,5.61,1
4,Mobile,OneWay,169,12,12,S,LHRBOM,France,1,1,1,9.88,1
2,Mobile,RoundTrip,154,14,17,T,JFKDXB,USA,1,1,1,5.19,0
4,Internet,RoundTrip,313,4,17,S,CDGSYD,France,1,0,1,7.73,0
2,Mobile,OneWay,23,13,14,W,LTNPRG,UAE,0,1,1,7.53,1
4,Internet,RoundTrip,265,12,17,W,LHRBOM,UAE,0,1,0,8.63,1
3,Internet,OneWay,204,6,21,F,LTNPRG,UAE,1,1,1,11.79,1
3,Internet,RoundTrip,95,18,11,S,CDGSYD,India,0,1,1,6.43,1
3,Mobile,RoundTrip,84,9,19,W,CDGSYD,France,0,1,1,10.38,1
2,Internet,RoundTrip,60,6,1,F,AUHBOM,UAE,1,1,0,13.66,1
1,Mobile,RoundTrip,223,15,1,T,AUHBOM,UAE,1,1,0,6.07,1
1,Internet,RoundTrip,239,4,9,M,JFKDXB,United Kingdom,1,0,1,8.68,0
2,Internet,RoundTrip,100,13,11,F,JFKDXB,India,0,0,0,5.93,0
4,Internet,RoundTrip,139,14,7,T,LHRBOM,United Kingdom,1,0,1,12.79,1
3,Internet,OneWay,357,10,20,M,LHRBOM,United Kingdom,0,0,0,5.77,1
3,Internet,RoundTrip,257,5,0,M,CDGSYD,UAE,1,0,1,14.81,0
2,Mobile,RoundTrip,215,6,2,W,JFKDXB,India,1,0,1,2.86,0
2,Mobile,RoundTrip,44,5,14,T,LHRBOM,India,1,0,0,13.63,0
2,Internet,RoundTrip,208,3,1,S,AUHBOM,France,1,1,1,12.43,0
1,Internet,OneWay,144,20,4,T,LTNPRG,France,1,1,0,4.01,1
3,Internet,RoundTrip,305,17,19,T,AUHBOM,India,0,1,0,10.67,1
2,Internet,RoundTrip,70,11,18,T,LTNPRG,France,1,1,0,2.48,1
2,Internet,RoundTrip,362,17,17,M,JFKDXB,France,1,1,0,2.71,0
3,Internet,RoundTrip,343,14,7,W,LTNPRG,United Kingdom,0,0,0,9.38,0
1,Mobile,RoundTrip,284,13,3,S,LTNPRG,India,0,0,0,9.63,0
4,Internet,RoundTrip,183,15,7,F,JFKDXB,UAE,1,1,1,6.03,0
1,Internet,RoundTrip,217,12,4,T,CDGSYD,United Kingdom,0,1,1,13.33,1
3,Internet,RoundTrip,330,12,5,M,JFKDXB,USA,1,1,1,9.87,0
4,Internet,RoundTrip,315,3,19,T,CDGSYD,India,0,0,1,10.36,1
1,Internet,RoundTrip,295,13,5,T,CDGSYD,USA,0,1,1,9.9,1
1,Internet,RoundTrip,66,9,4,S,CDGSYD,UAE,0,1,1,7.25,0
2,Mobile,RoundTrip,149,5,5,T,CDGSYD,France,0,0,1,2.9,1
4,Internet,OneWay,279,10,3,S,JFKDXB,India,1,1,0,9.33,1
3,Internet,RoundTrip,46,17,19,W,AUHBOM,UAE,1,1,1,12.72,1
2,Internet,RoundTrip,248,10,20,W,LTNPRG,UAE,0,1,1,13.78,1
4,Internet,OneWay,131,10,4,T,AUHBOM,UAE,1,0,0,3.77,0
2,Internet,RoundTrip,206,5,18,F,LTNPRG,United Kingdom,0,1,0,11.53,1
4,Internet,RoundTrip,335,17,6,F,CDGSYD,France,0,0,1,4.73,1
4,Internet,OneWay,316,3,9,T,CDGSYD,UAE,1,1,1,4.7,1
1,Internet,RoundTrip,134,17,22,S,AUHBOM,USA,0,1,1,2.84,0
2,Mobile,RoundTrip,259,19,14,S,LHRBOM,India,0,1,1,14.64,0
1,Mobile,RoundTrip,4,4,18,S,AUHBOM,United Kingdom,0,0,1,11.72,1
1,Internet,RoundTrip,261,12,9,T,JFKDXB,France,1,1,0,6.4,0
1,Internet,RoundTrip,51,12,14,T,JFKDXB,France,0,1,1,13.12,0
1,Mobile,RoundTrip,332,18,6,F,AUHBOM,USA,0,1,0,3.89,1
1,Mobile,RoundTrip,109,7,16,F,LHRBOM,UAE,1,1,0,6.43,0
3,Mobile,RoundTrip,255,14,22,T,AUHBOM,United Kingdom,1,1,1,2.64,1
2,Internet,RoundTrip,243,2,3,F,LHRBOM,USA,0,0,0,7.68,1
2,Internet,RoundTrip,93,17,12,T,AUHBOM,USA,0,0,1,5.3,1
4,Internet,RoundTrip,306,16,6,S,LTNPRG,France,0,1,0,14.87,1
4,Mobile,RoundTrip,67,5,14,M,CDGSYD,United Kingdom,1,0,0,4.46,1
3,Internet,RoundTrip,328,3,10,M,JFKDXB,France,1,0,0,4.23,1
2,Internet,RoundTrip,187,3,9,F,CDGSYD,United Kingdom,0,0,0,2.62,0
3,Internet,RoundTrip,170,17,8,S,JFKDXB,United Kingdom,1,0,1,8.56,0
2,Internet,OneWay,86,13,11,T,LHRBOM,USA,0,0,0,3.03,0
2,Internet,RoundTrip,4,8,4,T,AUHBOM,USA,0,1,1,11.92,1
2,Internet,RoundTrip,255,11,6,W,LTNPRG,UAE,1,1,0,7.43,1
1,Internet,OneWay,267,12,1,T,CDGSYD,USA,1,0,1,14.92,0
1,Mobile,RoundTrip,307,2,9,T,CDGSYD,UAE,0,0,0,2.91,0
3,Internet,OneWay,351,9,14,S,JFKDXB,United Kingdom,1,1,1,7.76,1
4,Internet,RoundTrip,107,13,14,T,LHRBOM,UAE,0,0,0,14.62,1
2,Mobile,RoundTrip,207,13,4,S,AUHBOM,France,0,1,0,7.59,1
1,Mobile,RoundTrip,333,4,18,M,LHRBOM,India,0,0,0,6.51,1
3,Internet,RoundTrip,207,19,9,T,LTNPRG,USA,0,1,1,3.77,0
4,Internet,RoundTrip,272,3,18,S,CDGSYD,USA,0,0,0,9.87,0
3,Internet,RoundTrip,260,18,18,T,LTNPRG,USA,1,0,0,6.07,1
1,Internet,OneWay,360,20,0,S,JFKDXB,USA,1,0,0,9.43,1
1,Internet,OneWay,124,16,1,S,AUHBOM,United Kingdom,1,0,0,13.98,0
3,Internet,RoundTrip,73,12,12,F,CDGSYD,United Kingdom,1,1,0,9.48,0
4,Internet,RoundTrip,334,4,19,M,CDGSYD,United Kingdom,1,1,1,2.81,1
1,Internet,OneWay,169,7,8,S,JFKDXB,United Kingdom,1,0,1,8.42,0
4,Internet,OneWay,71,11,14,T,LTNPRG,USA,0,1,0,11.19,1
4,Internet,OneWay,234,2,13,F,AUHBOM,India,0,0,1,9.78,1
1,Mobile,RoundTrip,310,15,17,F,JFKDXB,UAE,1,0,1,3.76,0
1,Internet,OneWay,278,19,20,T,AUHBOM,France,1,1,1,7.54,0
1,Internet,RoundTrip,123,15,13,T,JFKDXB,India,1,0,0,8.9,0
3,Internet,RoundTrip,332,19,17,F,LHRBOM,USA,1,1,1,7.02,0
1,Mobile,RoundTrip,15,10,13,F,CDGSYD,USA,1,0,0,14.01,0
4,Mobile,RoundTrip,325,6,7,M,JFKDXB,United Kingdom,1,0,0,14.8,0
1,Internet,OneWay,67,1,13,T,CDGSYD,UAE,1,0,1,11.89,0
3,Internet,RoundTrip,86,9,17,T,JFKDXB,UAE,0,0,0,13.98,1
4,Internet,RoundTrip,115,3,20,W,LHRBOM,USA,0,0,1,14.19,0
1,Internet,RoundTrip,154,13,2,T,AUHBOM,UAE,0,0,1,6.53,0
2,Mobile,RoundTrip,18,17,7,F,JFKDXB,India,0,1,0,6.44,1
4,Internet,RoundTrip,262,3,2,M,JFKDXB,France,0,0,1,2.54,0
1,Mobile,RoundTrip,48,11,3,S,LTNPRG,UAE,0,0,0,4.81,1
2,Internet,RoundTrip,49,11,5,S,AUHBOM,France,0,0,0,4.01,0
2,Internet,RoundTrip,2,7,20,M,LTNPRG,UAE,1,0,1,4.18,1
1,Mobile,RoundTrip,350,5,9,T,LHRBOM,United Kingdom,1,1,1,4.06,0
2,Internet,RoundTrip,18,15,21,S,JFKDXB,United Kingdom,0,0,1,6.38,0
2,Mobile,RoundTrip,272,5,11,W,AUHBOM,India,1,0,1,10.44,0
2,Internet,OneWay,231,1,0,T,LHRBOM,United Kingdom,0,0,1,13.23,0
4,Mobile,OneWay,302,13,9,T,LHRBOM,UAE,0,0,1,4.37,0
1,Internet,RoundTrip,164,2,16,S,LHRBOM,UAE,0,1,1,10.44,0
2,Internet,RoundTrip,331,7,14,T,LHRBOM,UAE,1,1,1,8.7,0
1,Mobile,RoundTrip,172,2,8,S,JFKDXB,United Kingdom,1,0,1,10.41,0
4,Internet,RoundTrip,65,12,2,T,LTNPRG,India,1,1,0,2.09,1
3,Internet,RoundTrip,329,5,17,S,LTNPRG,UAE,1,0,1,12.95,1
3,Mobile,OneWay,154,6,11,T,AUHBOM,USA,1,0,1,7.08,0
1,Internet,OneWay,3,8,18,S,LTNPRG,India,1,0,0,12.19,1
2,Mobile,RoundTrip,238,10,6,M,LHRBOM,India,0,0,0,6.44,1
1,Internet,OneWay,117,15,3,W,CDGSYD,USA,0,0,1,14.51,0
2,Internet,OneWay,300,19,8,T,CDGSYD,India,1,0,1,10.75,1
4,Internet,RoundTrip,56,13,5,F,AUHBOM,United Kingdom,1,1,0,14.07,0
3,Internet,OneWay,269,10,11,M,LTNPRG,USA,0,1,0,7.38,0
1,Mobile,OneWay,303,12,11,W,JFKDXB,France,1,0,1,5.86,0
2,Internet,OneWay,45,11,3,T,CDGSYD,India,1,1,1,7.9,1
4,Internet,RoundTrip,213,1,10,T,LTNPRG,USA,1,0,1,3.87,1
1,Internet,RoundTrip,236,10,8,S,LHRBOM,USA,0,1,1,4.88,1
4,Internet,RoundTrip,336,15,11,F,CDGSYD,United Kingdom,0,0,0,6.91,0
2,Internet,OneWay,108,18,17,S,LHRBOM,United Kingdom,0,0,0,6.41,0
2,Mobile,RoundTrip,178,2,10,T,CDGSYD,USA,0,1,0,2.55,0
4,Mobile,RoundTrip,148,14,6,W,LHRBOM,UAE,1,0,0,4.79,1
3,Mobile,RoundTrip,137,3,20,W,LTNPRG,UAE,0,0,0,10.02,0
2,Internet,RoundTrip,362,1,17,F,LHRBOM,India,0,0,0,13.66,1
1,Internet,RoundTrip,239,1,22,S,LHRBOM,India,1,0,0,4.59,1
1,Internet,OneWay,58,3,5,S,AUHBOM,France,1,0,1,4.75,1
2,Mobile,RoundTrip,315,2,14,T,AUHBOM,France,0,0,1,11.69,1
1,Internet,RoundTrip,38,12,17,W,JFKDXB,United Kingdom,0,0,0,10.29,1
4,Internet,RoundTrip,320,19,20,F,AUHBOM,India,0,0,1,13.52,0
1,Internet,RoundTrip,149,16,4,S,AUHBOM,USA,0,0,1,3.89,1
3,Mobile,OneWay,247,15,5,W,LHRBOM,UAE,1,1,0,13.73,0
4,Mobile,OneWay,315,3,21,S,LTNPRG,India,0,1,1,5.62,1
2,Mobile,OneWay,318,19,13,S,CDGSYD,USA,0,0,1,5.58,0
3,Internet,RoundTrip,60,11,3,T,LHRBOM,USA,0,1,0,7.47,0
1,Mobile,OneWay,148,1,4,W,CDGSYD,France,1,1,1,14.51,0
3,Internet,RoundTrip,30,13,22,T,CDGSYD,United Kingdom,1,0,1,3.34,1
4,Internet,RoundTrip,235,15,20,S,CDGSYD,India,1,0,0,10.07,0
4,Internet,RoundTrip,153,9,5,S,AUHBOM,India,1,0,1,13.05,0
1,Internet,RoundTrip,364,15,12,T,JFKDXB,France,1,0,1,14.29,0
2,Internet,RoundTrip,231,14,16,T,JFKDXB,India,1,1,1,12.01,0
3,Internet,RoundTrip,160,12,10,W,LTNPRG,United Kingdom,1,0,1,2.83,0
4,Internet,RoundTrip,57,7,7,M,CDGSYD,UAE,1,1,0,12.68,1
2,Internet,RoundTrip,105,20,16,T,CDGSYD,France,0,1,0,12.11,0
4,Mobile,RoundTrip,293,13,1,T,CDGSYD,United Kingdom,0,0,1,14.3,0
1,Internet,RoundTrip,53,10,4,W,LTNPRG,France,0,0,0,4.34,1
3,Internet,OneWay,308,16,0,M,AUHBOM,India,1,1,1,8.53,0
2,Internet,RoundTrip,220,5,20,T,CDGSYD,UAE,0,1,0,7.14,0
3,Mobile,RoundTrip,191,20,3,M,AUHBOM,UAE,0,0,1,11.01,0
3,Internet,RoundTrip,174,15,19,T,LTNPRG,UAE,0,0,1,4.09,1
2,Internet,RoundTrip,12,13,9,W,JFKDXB,France,1,1,0,2.55,1
4,Internet,RoundTrip,83,6,2,T,AUHBOM,France,1,0,0,6.11,0
4,Internet,RoundTrip,188,8,13,S,AUHBOM,USA,1,1,1,11.39,0
4,Internet,RoundTrip,177,19,7,T,CDGSYD,United Kingdom,1,1,0,10.3,0
1,Internet,RoundTrip,78,15,11,T,AUHBOM,United Kingdom,0,1,1,5.87,0
2,Internet,RoundTrip,293,3,22,F,CDGSYD,France,0,1,1,9.73,1
3,Internet,RoundTrip,163,17,14,S,LHRBOM,UAE,0,0,1,8.9,0
4,Internet,RoundTrip,142,3,0,T,JFKDXB,United Kingdom,1,1,1,6.06,1
2,Internet,OneWay,277,9,2,S,CDGSYD,UAE,0,1,0,2.26,0
3,Internet,RoundTrip,55,9,17,W,LHRBOM,USA,0,0,1,8.56,0
3,Internet,RoundTrip,20,8,15,T,JFKDXB,USA,1,0,1,2.12,1
1,Internet,RoundTrip,118,10,11,W,LTNPRG,UAE,1,1,1,11.2,1
4,Internet,RoundTrip,1,4,18,S,JFKDXB,India,1,0,0,4.78,1
2,Internet,RoundTrip,136,14,5,S,LHRBOM,France,0,1,0,6.12,1
3,Internet,RoundTrip,49,14,5,F,JFKDXB,UAE,1,0,1,3.46,1
2,Internet,RoundTrip,241,18,9,W,LHRBOM,United Kingdom,0,1,0,9.26,1
1,Internet,RoundTrip,17,9,18,M,LTNPRG,UAE,1,1,1,3.5,1
2,Internet,RoundTrip,76,11,22,S,JFKDXB,France,1,0,1,7.71,1
3,Internet,OneWay,95,3,5,M,LHRBOM,India,1,0,1,10.66,1
2,Internet,RoundTrip,218,7,14,S,CDGSYD,USA,0,1,0,14.61,1
4,Internet,RoundTrip,148,12,10,T,AUHBOM,UAE,1,0,1,8.66,1
4,Mobile,RoundTrip,280,9,20,F,LTNPRG,France,1,1,1,4.96,1
3,Internet,RoundTrip,284,20,18,S,JFKDXB,United Kingdom,0,0,0,10.91,0
4,Internet,RoundTrip,141,6,3,T,CDGSYD,United Kingdom,0,1,1,5.99,1
4,Mobile,RoundTrip,12,2,15,M,LTNPRG,France,1,1,1,5.62,1
3,Internet,OneWay,350,18,0,W,LHRBOM,USA,1,1,0,10.25,0
4,Internet,RoundTrip,128,11,11,F,JFKDXB,France,1,0,1,2.76,1
3,Internet,RoundTrip,196,2,6,M,LHRBOM,India,0,0,1,7.06,0
4,Mobile,RoundTrip,339,19,8,S,CDGSYD,USA,0,0,0,6.78,0
1,Mobile,OneWay,238,5,7,F,LTNPRG,India,0,1,1,3.99,1
2,Internet,RoundTrip,210,20,12,S,LHRBOM,United Kingdom,1,0,1,9.88,0
4,Mobile,OneWay,124,7,19,W,CDGSYD,UAE,0,1,1,12.04,0
2,Internet,RoundTrip,301,7,11,S,CDGSYD,France,0,0,0,5.99,1
1,Internet,RoundTrip,71,5,19,W,JFKDXB,France,0,0,1,6.86,1
4,Internet,OneWay,176,4,22,M,JFKDXB,India,1,1,0,6.93,0
3,Internet,RoundTrip,128,17,5,S,LHRBOM,France,0,1,1,9.58,1
4,Internet,RoundTrip,36,9,19,M,CDGSYD,UAE,0,0,0,11.97,1
1,Mobile,RoundTrip,101,12,4,F,CDGSYD,UAE,0,1,0,3.88,0
1,Internet,OneWay,69,7,2,T,CDGSYD,USA,1,1,1,2.2,1
3,Internet,OneWay,33,9,4,F,JFKDXB,United Kingdom,1,1,0,11.65,0
1,Internet,RoundTrip,276,10,9,T,AUHBOM,United Kingdom,1,1,0,6.46,1
3,Internet,OneWay,259,7,3,M,CDGSYD,UAE,0,1,1,8.81,0
2,Internet,RoundTrip,315,12,13,S,CDGSYD,United Kingdom,0,0,0,10.62,1
1,Mobile,RoundTrip,12,10,13,W,CDGSYD,India,1,0,1,14.91,0
4,Internet,OneWay,171,16,16,F,AUHBOM,USA,1,1,1,11.94,1
1,Internet,RoundTrip,241,16,20,M,AUHBOM,USA,1,1,1,6.24,0
4,Internet,RoundTrip,180,13,4,S,LTNPRG,United Kingdom,1,0,0,4.4,1
1,Mobile,OneWay,10,3,22,F,CDGSYD,France,1,0,1,9.0,0
3,Mobile,RoundTrip,164,18,19,W,LHRBOM,India,1,1,1,8.5,0
4,Internet,OneWay,46,14,1,S,LHRBOM,UAE,0,0,0,3.61,0
1,Internet,RoundTrip,7,15,14,W,LHRBOM,India,1,0,0,7.95,1
4,Internet,RoundTrip,267,13,5,W,LTNPRG,United Kingdom,1,0,1,14.53,1
2,Mobile,OneWay,35,11,1,T,AUHBOM,France,1,0,1,9.02,1
3,Mobile,RoundTrip,109,12,15,F,LTNPRG,India,1,1,0,14.88,0
4,Mobile,RoundTrip,362,3,1,T,LHRBOM,UAE,1,0,0,4.56,1
1,Internet,OneWay,346,19,4,T,AUHBOM,USA,0,0,1,9.46,1
2,Internet,RoundTrip,16,17,15,S,CDGSYD,UAE,0,1,0,3.29,1
4,Internet,RoundTrip,146,19,1,F,AUHBOM,USA,1,0,1,11.67,1
1,Internet,RoundTrip,128,15,17,F,AUHBOM,India,0,0,1,5.8,0
1,Internet,RoundTrip,227,6,0,F,LTNPRG,France,0,1,1,14.46,0
2,Internet,RoundTrip,252,7,7,S,LTNPRG,India,1,1,0,2.33,1
3,Internet,RoundTrip,28,18,5,S,LTNPRG,USA,1,1,1,9.34,0
4,Mobile,OneWay,155,5,3,S,JFKDXB,India,0,1,0,11.15,1
3,Mobile,RoundTrip,102,13,12,F,JFKDXB,France,1,0,0,7.6,0
2,Mobile,OneWay,358,14,5,M,JFKDXB,France,0,1,1,14.55,0
4,Mobile,OneWay,107,4,3,S,LTNPRG,India,1,0,1,5.9,0
1,Mobile,RoundTrip,12,2,9,T,LTNPRG,USA,1,0,0,2.31,1
4,Internet,OneWay,228,1,11,S,LHRBOM,UAE,1,1,1,10.9,0
2,Internet,RoundTrip,319,16,14,F,LHRBOM,France,1,1,1,8.69,1
2,Internet,RoundTrip,300,6,1,F,JFKDXB,USA,1,0,1,9.91,0
4,Internet,OneWay,50,5,4,T,JFKDXB,UAE,0,0,0,9.18,1
3,Internet,OneWay,271,19,1,T,LHRBOM,France,0,0,1,11.36,1
2,Mobile,RoundTrip,75,12,18,M,LTNPRG,USA,0,0,1,8.16,1
2,Mobile,RoundTrip,53,1,12,T,LTNPRG,United Kingdom,1,1,0,2.89,1
2,Mobile,RoundTrip,193,7,5,M,LTNPRG,France,1,0,0,2.75,0
4,Mobile,OneWay,294,10,12,S,JFKDXB,UAE,0,1,0,2.39,0
1,Mobile,RoundTrip,318,10,18,S,LTNPRG,United Kingdom,0,1,1,14.54,1
1,Internet,RoundTrip,226,16,17,M,JFKDXB,UAE,1,1,1,14.43,0
2,Mobile,RoundTrip,151,17,21,S,JFKDXB,India,0,0,0,7.05,0
2,Mobile,RoundTrip,214,1,5,F,JFKDXB,United Kingdom,0,0,1,10.73,0
4,Mobile,RoundTrip,107,6,3,W,CDGSYD,India,0,1,0,2.69,1
1,Internet,RoundTrip,50,13,17,T,LTNPRG,India,0,0,1,11.19,0
4,Internet,RoundTrip,147,1,21,F,JFKDXB,India,0,0,0,7.93,0
4,Mobile,RoundTrip,62,12,4,M,AUHBOM,India,0,0,1,8.48,0
2,Internet,RoundTrip,35,2,16,T,AUHBOM,India,1,1,1,3.32,0
4,Internet,RoundTrip,273,12,13,M,LTNPRG,United Kingdom,0,1,0,7.08,0
4,Internet,RoundTrip,306,2,20,M,JFKDXB,France,1,1,1,4.37,1
4,Internet,OneWay,273,15,4,M,LHRBOM,USA,1,1,1,2.08,1
2,Internet,RoundTrip,334,10,7,W,JFKDXB,UAE,1,0,0,7.37,0
2,Mobile,RoundTrip,177,20,14,S,LTNPRG,United Kingdom,0,1,1,3.35,1
4,Mobile,RoundTrip,246,2,19,T,JFKDXB,France,0,1,1,4.41,0
2,Mobile,RoundTrip,74,18,18,T,AUHBOM,India,1,1,0,6.0,0
1,Internet,OneWay,162,9,10,S,LTNPRG,France,1,0,0,7.89,1
3,Internet,OneWay,37,10,8,T,CDGSYD,India,1,0,1,5.13,1
2,Internet,RoundTrip,224,14,4,M,AUHBOM,UAE,1,0,0,14.38,1
4,Internet,RoundTrip,159,13,9,F,AUHBOM,UAE,1,0,0,13.95,1
4,Internet,RoundTrip,201,18,22,T,CDGSYD,United Kingdom,0,1,0,5.23,1
1,Mobile,RoundTrip,311,17,5,W,JFKDXB,India,0,0,1,7.83,1
4,Mobile,RoundTrip,19,5,21,S,JFKDXB,USA,0,1,1,9.9,0
4,Internet,OneWay,163,6,6,F,CDGSYD,United Kingdom,1,0,0,4.42,1
4,Internet,RoundTrip,144,18,2,M,AUHBOM,United Kingdom,0,1,1,10.17,0
2,Internet,OneWay,270,17,16,W,JFKDXB,United Kingdom,0,1,0,7.47,0
3,Internet,RoundTrip,240,20,10,T,CDGSYD,India,1,1,1,2.4,0
4,Internet,RoundTrip,263,19,16,F,AUHBOM,India,1,0,1,5.34,0
4,Internet,RoundTrip,309,13,22,W,CDGSYD,India,1,1,0,4.38,0
2,Internet,RoundTrip,109,20,3,T,AUHBOM,France,1,1,0,12.7,0
3,Internet,OneWay,131,15,12,T,JFKDXB,France,1,0,1,8.47,1
2,Mobile,RoundTrip,127,18,6,F,CDGSYD,France,1,0,1,4.34,1
2,Internet,RoundTrip,299,10,11,T,JFKDXB,UAE,1,1,0,9.4,1
3,Internet,OneWay,170,20,5,T,LTNPRG,India,0,1,0,7.67,0
2,Internet,RoundTrip,276,2,4,S,LHRBOM,USA,1,1,1,7.56,1
1,Internet,RoundTrip,90,19,11,S,CDGSYD,UAE,0,1,0,4.62,1
3,Internet,RoundTrip,339,20,9,T,LHRBOM,France,1,0,1,10.31,1
2,Mobile,RoundTrip,177,16,17,T,JFKDXB,United Kingdom,1,0,0,12.66,0
3,Mobile,OneWay,361,19,11,M,AUHBOM,India,1,1,0,8.31,1
2,Internet,RoundTrip,163,9,13,S,LHRBOM,USA,1,0,0,3.93,0
4,Internet,RoundTrip,16,7,16,W,LTNPRG,United Kingdom,1,1,1,5.4,1
4,Internet,RoundTrip,96,3,1,T,LTNPRG,France,1,1,1,6.08,0
2,Internet,RoundTrip,160,4,10,S,LTNPRG,United Kingdom,0,1,0,13.48,0
3,Internet,RoundTrip,49,18,12,T,AUHBOM,UAE,0,1,0,10.11,1
1,Mobile,RoundTrip,282,2,14,F,CDGSYD,UAE,0,1,1,14.05,0
4,Internet,RoundTrip,127,5,0,M,LTNPRG,USA,0,0,0,6.19,0
1,Internet,RoundTrip,300,10,2,S,LHRBOM,UAE,1,0,1,13.35,0
4,Internet,RoundTrip,352,8,19,W,LHRBOM,India,1,0,1,12.29,0
4,Internet,RoundTrip,31,19,17,S,LHRBOM,UAE,0,0,0,14.34,1
1,Mobile,RoundTrip,102,1,9,W,AUHBOM,UAE,0,0,0,5.14,0
1,Internet,RoundTrip,221,1,0,T,LHRBOM,India,1,0,0,14.31,1
3,Internet,RoundTrip,315,6,5,W,JFKDXB,UAE,0,1,0,10.57,1
4,Internet,OneWay,328,13,14,M,JFKDXB,India,1,0,0,11.55,0
3,Mobile,RoundTrip,71,8,15,T,CDGSYD,India,1,1,0,4.42,0
1,Internet,RoundTrip,83,17,19,T,LTNPRG,UAE,1,1,0,4.81,1
3,Internet,RoundTrip,73,2,12,M,CDGSYD,India,1,1,0,14.93,0
2,Internet,RoundTrip,127,8,17,T,CDGSYD,India,0,0,0,12.19,0
4,Internet,RoundTrip,223,13,5,T,AUHBOM,India,0,0,1,13.56,0
4,Mobile,RoundTrip,144,13,3,T,LHRBOM,USA,0,0,1,5.41,1
4,Internet,RoundTrip,265,11,7,M,LHRBOM,UAE,0,1,1,8.44,1
2,Internet,OneWay,144,9,19,F,AUHBOM,India,1,0,1,8.88,0
2,Internet,RoundTrip,215,2,20,W,AUHBOM,India,0,0,1,5.46,0
4,Internet,RoundTrip,205,2,1,T,LHRBOM,USA,1,0,0,3.88,0
1,Internet,RoundTrip,93,2,4,S,JFKDXB,USA,1,0,0,4.42,1
1,Mobile,RoundTrip,23,11,1,S,AUHBOM,UAE,1,1,0,6.14,1
1,Internet,RoundTrip,81,18,17,M,LHRBOM,UAE,0,1,0,7.49,1
3,Internet,OneWay,284,2,18,T,AUHBOM,UAE,1,1,0,2.24,1
1,Internet,RoundTrip,272,2,21,T,LHRBOM,UAE,0,1,1,8.2,0
3,Mobile,RoundTrip,45,14,4,S,LHRBOM,India,0,0,1,8.87,0
1,Internet,RoundTrip,140,11,11,F,LHRBOM,UAE,1,1,0,8.18,0
4,Internet,OneWay,297,7,10,W,CDGSYD,France,1,1,0,9.7,0
2,Internet,RoundTrip,294,1,22,S,CDGSYD,France,1,1,0,3.17,0
1,Internet,RoundTrip,7,17,21,F,LTNPRG,USA,1,1,0,13.46,0
3,Mobile,RoundTrip,287,14,19,S,AUHBOM,USA,0,0,1,5.04,1
2,Internet,OneWay,287,12,4,S,LTNPRG,UAE,0,1,1,7.69,0
2,Internet,OneWay,43,5,7,W,AUHBOM,India,1,1,0,13.13,0
3,Internet,RoundTrip,130,19,17,T,CDGSYD,United Kingdom,1,0,0,11.3,0
4,Internet,OneWay,20,2,14,S,LHRBOM,United Kingdom,0,0,1,11.39,1
4,Internet,OneWay,239,15,13,T,LTNPRG,India,0,0,1,12.41,0
2,Internet,RoundTrip,314,15,1,S,AUHBOM,United Kingdom,0,1,1,14.57,1
4,Internet,RoundTrip,66,15,9,F,CDGSYD,France,0,0,1,2.53,1
1,Mobile,RoundTrip,129,13,22,T,LHRBOM,USA,1,1,0,14.97,0
4,Mobile,RoundTrip,196,7,10,S,JFKDXB,USA,0,1,1,14.15,1
4,Internet,OneWay,27,10,20,S,CDGSYD,France,0,0,0,3.84,1
3,Mobile,RoundTrip,109,9,9,F,JFKDXB,India,0,0,1,5.83,1
3,Mobile,RoundTrip,80,18,19,T,LHRBOM,France,1,0,1,10.57,0
3,Internet,RoundTrip,2,15,19,T,JFKDXB,United Kingdom,1,1,0,13.45,0
1,Internet,RoundTrip,244,10,14,T,LHRBOM,France,1,0,0,9.05,1
4,Internet,RoundTrip,264,15,18,F,AUHBOM,United Kingdom,1,1,1,8.67,0
3,Internet,RoundTrip,30,20,1,W,CDGSYD,United Kingdom,0,1,1,3.56,0
4,Internet,RoundTrip,48,14,8,F,CDGSYD,USA,0,1,1,11.41,1
1,Internet,OneWay,26,8,2,S,CDGSYD,USA,0,1,1,8.49,0
4,Mobile,RoundTrip,343,1,16,M,CDGSYD,UAE,1,1,0,3.36,1
2,Internet,RoundTrip,208,18,6,M,CDGSYD,United Kingdom,1,0,1,13.86,0
4,Mobile,OneWay,198,1,12,F,CDGSYD,UAE,1,0,1,5.09,1
4,Internet,RoundTrip,32,11,19,S,LTNPRG,India,0,0,1,8.93,1
4,Internet,RoundTrip,1,2,17,T,AUHBOM,UAE,1,1,0,12.84,1
4,Mobile,RoundTrip,338,18,15,F,JFKDXB,France,0,0,0,10.77,1
1,Internet,OneWay,344,1,1,W,LTNPRG,France,1,0,0,5.05,0
2,Internet,RoundTrip,199,14,14,T,LTNPRG,India,0,1,1,15.0,1
2,Internet,RoundTrip,49,16,7,T,AUHBOM,UAE,1,0,1,3.21,1
3,Internet,RoundTrip,11,15,22,S,AUHBOM,United Kingdom,0,1,0,12.47,1
4,Internet,OneWay,304,11,7,S,JFKDXB,United Kingdom,1,1,0,8.03,1
3,Internet,OneWay,193,12,17,W,AUHBOM,United Kingdom,1,0,0,2.94,1
3,Internet,RoundTrip,120,11,13,M,LHRBOM,UAE,1,1,0,5.15,1
4,Internet,RoundTrip,5,16,7,S,AUHBOM,France,0,1,1,3.08,1
1,Internet,RoundTrip,207,2,4,T,AUHBOM,USA,0,1,1,4.69,1
3,Internet,RoundTrip,320,18,5,T,JFKDXB,United Kingdom,1,1,1,13.5,0
3,Internet,RoundTrip,305,16,12,F,AUHBOM,India,0,0,1,5.8,1
1,Internet,OneWay,267,20,20,M,AUHBOM,UAE,0,1,0,9.94,0
3,Internet,RoundTrip,19,2,22,T,LHRBOM,USA,0,1,1,4.59,1
4,Mobile,OneWay,276,5,7,T,JFKDXB,India,0,1,1,5.18,0
4,Internet,RoundTrip,248,5,1,M,LHRBOM,USA,1,0,1,6.59,0
4,Internet,OneWay,306,9,5,S,AUHBOM,United Kingdom,0,0,0,14.32,0
4,Internet,RoundTrip,55,17,11,S,LHRBOM,UAE,0,0,0,4.75,1
2,Mobile,RoundTrip,314,16,9,S,LTNPRG,UAE,0,0,0,10.54,1
1,Internet,OneWay,261,14,3,T,LTNPRG,France,0,0,1,6.84,0
4,Internet,RoundTrip,279,8,3,T,CDGSYD,USA,0,1,1,3.85,1
2,Internet,OneWay,59,2,13,T,CDGSYD,United Kingdom,0,1,0,9.21,0
3,Internet,OneWay,312,14,6,T,JFKDXB,United Kingdom,0,0,0,6.85,1
1,Internet,OneWay,8,2,5,T,CDGSYD,USA,0,0,0,13.35,1
4,Internet,OneWay,82,5,8,T,JFKDXB,UAE,0,1,0,14.03,1
4,Internet,RoundTrip,57,9,20,M,LHRBOM,India,0,0,0,9.41,0
4,Internet,RoundTrip,85,16,19,S,JFKDXB,UAE,0,1,1,5.82,1
1,Internet,RoundTrip,228,13,7,S,LTNPRG,UAE,1,0,0,8.91,0
4,Mobile,RoundTrip,337,3,17,S,AUHBOM,United Kingdom,1,1,0,13.51,0
3,Internet,RoundTrip,359,5,22,W,LHRBOM,India,1,0,0,10.77,1
1,Mobile,RoundTrip,40,17,6,M,AUHBOM,USA,0,0,0,3.13,1
3,Mobile,RoundTrip,354,12,0,T,LTNPRG,India,1,0,0,2.84,0
2,Mobile,RoundTrip,40,14,5,S,JFKDXB,United Kingdom,0,1,0,4.01,0
3,Mobile,RoundTrip,272,8,19,S,LHRBOM,UAE,0,1,0,9.36,0
1,Internet,OneWay,67,17,2,M,LTNPRG,USA,0,1,1,4.18,0
3,Internet,OneWay,301,12,6,F,CDGSYD,USA,1,0,0,5.3,1
3,Internet,RoundTrip,128,2,21,S,AUHBOM,France,0,1,1,8.87,1
3,Internet,RoundTrip,319,15,4,S,JFKDXB,India,0,1,1,9.36,1
4,Internet,RoundTrip,198,6,11,T,AUHBOM,France,0,0,1,12.72,1
3,Internet,RoundTrip,193,17,20,F,AUHBOM,USA,0,0,0,7.68,0
3,Internet,RoundTrip,161,13,19,S,LHRBOM,France,0,0,1,12.11,0
1,Mobile,OneWay,84,4,7,S,CDGSYD,United Kingdom,0,0,0,3.03,0
4,Internet,RoundTrip,188,1,5,F,LHRBOM,UAE,1,0,1,9.05,0
2,Internet,RoundTrip,241,2,13,W,JFKDXB,UAE,0,0,0,7.58,0
3,Internet,RoundTrip,52,5,7,F,JFKDXB,United Kingdom,1,1,0,14.02,0
3,Internet,RoundTrip,52,3,16,T,JFKDXB,India,0,0,1,11.36,0
4,Mobile,RoundTrip,156,14,15,M,AUHBOM,United Kingdom,0,0,0,10.99,0
2,Internet,RoundTrip,303,4,9,M,LTNPRG,USA,0,1,1,13.76,0
2,Internet,OneWay,129,9,9,T,LHRBOM,UAE,0,1,0,5.22,0
4,Internet,RoundTrip,151,7,2,M,AUHBOM,UAE,0,0,1,11.85,1
3,Internet,RoundTrip,350,14,15,M,LHRBOM,UAE,1,1,1,13.26,0
2,Internet,RoundTrip,98,1,21,S,LTNPRG,UAE,1,1,1,14.91,0
2,Mobile,RoundTrip,134,9,20,W,JFKDXB,India,0,0,0,7.58,0
4,Internet,RoundTrip,308,17,14,F,CDGSYD,France,1,0,1,10.66,0
4,Internet,RoundTrip,189,5,16,T,LTNPRG,United Kingdom,1,1,0,4.45,0
1,Internet,RoundTrip,41,17,20,M,CDGSYD,United Kingdom,1,0,0,9.27,0
2,Internet,RoundTrip,79,4,5,F,CDGSYD,UAE,1,1,1,7.79,1
4,Mobile,RoundTrip,355,15,17,M,JFKDXB,USA,1,0,0,3.79,0
1,Mobile,RoundTrip,296,6,2,F,CDGSYD,USA,0,1,0,13.93,1
1,Internet,RoundTrip,346,8,17,F,JFKDXB,France,1,0,1,13.72,0
1,Internet,OneWay,175,11,5,S,JFKDXB,USA,0,1,1,14.46,0
3,Internet,RoundTrip,222,15,13,W,JFKDXB,UAE,1,1,0,4.34,0
2,Internet,OneWay,51,11,0,T,JFKDXB,USA,0,1,0,2.25,1
2,Internet,RoundTrip,260,12,0,S,AUHBOM,India,1,1,1,11.66,1
1,Mobile,RoundTrip,208,6,14,T,LTNPRG,USA,0,1,0,5.52,0
3,Internet,OneWay,14,14,20,S,AUHBOM,India,0,1,1,10.17,1
4,Internet,RoundTrip,309,2,2,F,CDGSYD,France,0,0,0,8.94,1
1,Mobile,RoundTrip,160,2,19,S,AUHBOM,USA,1,0,0,9.52,0
3,Mobile,OneWay,362,4,17,F,CDGSYD,France,1,1,0,8.45,1
4,Internet,RoundTrip,323,18,16,T,LTNPRG,France,0,0,0,2.13,1
3,Internet,OneWay,154,13,6,T,CDGSYD,India,1,0,1,5.47,1
3,Internet,RoundTrip,5,7,20,F,CDGSYD,UAE,0,1,0,13.99,1
1,Mobile,OneWay,54,13,14,T,LHRBOM,UAE,1,1,1,7.5,1
4,Internet,RoundTrip,106,6,4,F,LHRBOM,UAE,1,1,1,6.12,0
4,Internet,RoundTrip,109,15,20,S,JFKDXB,United Kingdom,0,0,0,2.31,1
3,Internet,OneWay,129,8,6,S,AUHBOM,UAE,1,0,1,6.83,0
4,Internet,RoundTrip,348,13,11,T,AUHBOM,France,0,0,0,4.89,1
3,Internet,RoundTrip,246,5,3,T,LHRBOM,United Kingdom,1,1,1,8.77,0
3,Mobile,OneWay,70,1,8,T,AUHBOM,France,1,0,0,11.0,0
4,Internet,OneWay,257,20,14,S,LHRBOM,United Kingdom,0,1,0,2.8,0
1,Internet,RoundTrip,21,14,20,T,JFKDXB,United Kingdom,0,0,1,11.25,0
1,Mobile,RoundTrip,24,13,10,F,LHRBOM,France,0,0,0,2.29,0
1,Internet,OneWay,235,13,14,S,AUHBOM,India,1,1,1,10.89,0
3,Internet,RoundTrip,80,18,2,T,AUHBOM,UAE,1,0,1,4.01,0
1,Internet,RoundTrip,160,1,5,F,LTNPRG,United Kingdom,0,0,1,6.53,1
2,Internet,RoundTrip,301,20,13,W,CDGSYD,United Kingdom,1,1,1,3.6,0
2,Internet,RoundTrip,142,10,0,S,AUHBOM,UAE,0,0,0,9.21,1
3,Internet,OneWay,70,12,7,M,LTNPRG,United Kingdom,0,0,0,12.29,0
3,Internet,RoundTrip,364,19,1,F,LHRBOM,USA,0,0,0,9.28,1
1,Internet,OneWay,105,17,11,S,AUHBOM,France,0,0,1,13.74,1
3,Internet,RoundTrip,240,8,6,S,JFKDXB,UAE,0,1,1,2.42,0
2,Mobile,RoundTrip,60,19,6,M,CDGSYD,United Kingdom,1,1,1,6.64,0
1,Internet,RoundTrip,59,2,10,S,JFKDXB,France,1,0,0,6.94,1
3,Mobile,OneWay,275,4,3,W,LTNPRG,USA,1,1,1,6.15,1
2,Internet,RoundTrip,327,5,17,T,JFKDXB,UAE,1,0,0,7.47,0
2,Internet,RoundTrip,10,6,10,T,LHRBOM,USA,1,0,1,9.43,1
4,Internet,RoundTrip,355,14,20,W,LHRBOM,USA,0,1,0,4.52,1
1,Internet,RoundTrip,110,9,5,W,JFKDXB,USA,0,0,1,4.61,1
4,Internet,RoundTrip,359,18,1,S,AUHBOM,United Kingdom,0,0,0,3.84,1
2,Internet,RoundTrip,194,13,9,F,LHRBOM,UAE,0,0,0,5.87,0
4,Internet,RoundTrip,279,13,2,S,CDGSYD,India,1,1,0,10.39,1
4,Internet,RoundTrip,3,16,8,W,LHRBOM,USA,0,0,1,8.69,0
4,Internet,RoundTrip,58,9,17,W,JFKDXB,India,0,0,0,5.73,1
1,Internet,RoundTrip,348,7,21,T,AUHBOM,UAE,0,0,1,14.48,0
4,Internet,OneWay,61,3,10,F,LHRBOM,UAE,1,0,0,10.24,1
2,Internet,OneWay,317,17,4,M,LTNPRG,India,0,1,0,5.5,1
4,Internet,RoundTrip,44,5,8,W,LHRBOM,United Kingdom,1,0,0,2.6,0
4,Internet,RoundTrip,236,14,6,T,LHRBOM,France,0,1,0,5.06,0
3,Internet,RoundTrip,136,16,2,M,JFKDXB,USA,1,1,1,8.34,0
4,Internet,RoundTrip,160,8,18,F,LTNPRG,USA,0,0,1,4.68,1
3,Internet,RoundTrip,259,4,16,M,LHRBOM,USA,1,0,1,6.21,1
1,Internet,RoundTrip,57,14,6,S,LTNPRG,India,0,1,1,14.85,0
4,Mobile,RoundTrip,126,7,11,T,JFKDXB,India,0,0,1,14.16,0
3,Internet,RoundTrip,202,18,11,T,CDGSYD,USA,0,0,0,8.63,1
1,Mobile,RoundTrip,132,9,9,T,CDGSYD,USA,1,1,0,12.89,1
1,Internet,RoundTrip,88,7,17,W,CDGSYD,USA,1,0,1,5.64,1
3,Internet,RoundTrip,17,15,16,T,LTNPRG,United Kingdom,1,1,0,11.7,0
4,Internet,RoundTrip,233,8,0,T,AUHBOM,France,1,1,1,13.64,1
3,Internet,RoundTrip,23,16,5,W,LTNPRG,India,1,1,1,12.83,0
2,Internet,OneWay,53,14,22,T,LHRBOM,USA,0,0,0,10.23,0
2,Mobile,RoundTrip,87,18,9,W,AUHBOM,United Kingdom,1,1,1,12.76,1
2,Internet,RoundTrip,262,9,10,W,JFKDXB,India,0,0,1,2.09,1
2,Internet,OneWay,45,2,17,S,LTNPRG,India,0,1,1,7.01,1
2,Internet,RoundTrip,118,4,17,S,JFKDXB,UAE,0,0,1,11.99,1
1,Internet,RoundTrip,27,1,13,S,LTNPRG,France,0,0,0,7.29,0
3,Mobile,RoundTrip,183,18,21,W,CDGSYD,India,1,0,1,4.43,1
1,Internet,RoundTrip,66,5,13,W,CDGSYD,France,0,0,1,12.06,0
1,Internet,RoundTrip,59,5,20,T,CDGSYD,India,0,1,0,9.94,1
2,Mobile,RoundTrip,117,13,10,T,JFKDXB,India,1,1,1,8.81,1
4,Mobile,OneWay,94,5,5,S,LTNPRG,India,0,0,0,6.41,1
3,Internet,RoundTrip,18,20,2,T,JFKDXB,USA,1,1,1,3.27,0
2,Internet,RoundTrip,164,18,12,S,AUHBOM,USA,0,0,0,13.23,0
3,Mobile,RoundTrip,184,10,20,T,JFKDXB,France,1,1,0,4.61,0
3,Internet,RoundTrip,167,13,9,W,AUHBOM,UAE,1,1,1,10.25,0
2,Internet,RoundTrip,161,8,16,T,AUHBOM,USA,0,0,1,5.82,0
4,Internet,RoundTrip,364,9,12,S,CDGSYD,France,0,0,0,4.99,0
3,Mobile,RoundTrip,101,10,18,S,JFKDXB,France,1,1,0,7.81,0
1,Mobile,RoundTrip,123,8,17,F,JFKDXB,India,0,1,1,11.52,1
4,Internet,RoundTrip,186,9,16,F,LTNPRG,India,1,1,0,5.0,1
1,Internet,OneWay,31,4,8,S,JFKDXB,USA,1,0,1,3.21,0
1,Internet,RoundTrip,360,14,9,F,LHRBOM,India,1,0,1,8.31,1
2,Internet,RoundTrip,191,2,10,M,CDGSYD,United Kingdom,1,1,0,9.13,1
2,Mobile,RoundTrip,254,19,18,M,LTNPRG,USA,0,0,1,10.54,1
4,Internet,OneWay,118,19,13,T,JFKDXB,USA,1,1,1,7.86,1
3,Internet,RoundTrip,252,5,3,M,JFKDXB,India,1,1,1,7.03,1
1,Mobile,RoundTrip,320,1,6,F,JFKDXB,India,0,1,0,3.98,0
2,Internet,OneWay,211,10,7,S,LHRBOM,India,1,1,1,5.9,1
4,Mobile,RoundTrip,77,2,13,S,CDGSYD,India,1,0,1,5.23,1
3,Internet,RoundTrip,249,9,17,M,AUHBOM,USA,0,0,1,3.72,1
3,Mobile,RoundTrip,312,16,3,F,LTNPRG,United Kingdom,0,1,0,14.41,1
3,Internet,RoundTrip,253,7,16,S,LTNPRG,UAE,0,0,0,4.38,0
3,Internet,RoundTrip,242,18,14,M,LTNPRG,France,0,0,0,9.44,1
1,Internet,OneWay,169,1,4,S,JFKDXB,France,0,1,1,7.24,0
3,Internet,RoundTrip,69,15,3,S,LTNPRG,United Kingdom,0,0,0,9.12,1
3,Internet,RoundTrip,262,11,3,M,JFKDXB,United Kingdom,1,0,1,9.6,0
1,Internet,RoundTrip,148,5,17,T,JFKDXB,United Kingdom,0,0,1,8.76,0
3,Internet,RoundTrip,84,9,5,M,LHRBOM,France,1,0,1,6.29,0
1,Mobile,RoundTrip,180,6,4,T,LHRBOM,France,1,1,0,6.43,1
1,Internet,OneWay,9,13,9,S,CDGSYD,India,1,0,1,4.22,0
4,Internet,RoundTrip,190,20,14,T,AUHBOM,USA,0,0,1,7.37,0
2,Mobile,OneWay,200,11,10,S,LTNPRG,USA,1,1,0,6.71,0
2,Internet,RoundTrip,145,15,13,S,LTNPRG,France,1,1,0,14.9,0
3,Mobile,RoundTrip,257,13,8,M,CDGSYD,France,1,0,0,3.21,0
3,Internet,RoundTrip,213,17,9,T,JFKDXB,France,0,0,0,9.51,0
3,Internet,OneWay,134,12,13,T,AUHBOM,UAE,0,0,0,14.86,1
4,Internet,RoundTrip,261,9,14,S,LTNPRG,UAE,1,0,1,14.06,0
3,Mobile,RoundTrip,43,3,16,F,LTNPRG,United Kingdom,1,0,0,11.02,1
1,Internet,RoundTrip,185,16,19,T,LHRBOM,France,0,1,0,7.16,0
1,Internet,RoundTrip,52,18,7,F,LHRBOM,India,1,1,1,11.45,1
2,Mobile,RoundTrip,220,20,2,T,LTNPRG,United Kingdom,1,1,0,14.17,0
2,Internet,OneWay,7,15,2,T,LHRBOM,France,1,0,1,9.05,0
2,Mobile,RoundTrip,313,8,15,S,JFKDXB,France,1,0,1,6.46,0
1,Mobile,RoundTrip,12,15,9,S,CDGSYD,France,1,1,0,2.17,1
1,Mobile,RoundTrip,182,7,9,T,AUHBOM,USA,1,1,1,8.58,0
1,Mobile,RoundTrip,243,18,16,S,LHRBOM,France,1,1,0,3.21,0
4,Mobile,RoundTrip,152,1,15,T,AUHBOM,France,0,0,0,6.14,1
2,Internet,RoundTrip,79,18,21,S,LHRBOM,India,1,1,1,10.09,0
4,Mobile,RoundTrip,91,15,20,S,JFKDXB,India,1,0,0,5.61,1
2,Mobile,RoundTrip,307,18,17,S,LTNPRG,UAE,0,0,0,4.91,1
2,Internet,OneWay,48,5,15,S,JFKDXB,USA,1,1,1,9.65,1
2,Internet,RoundTrip,259,11,20,T,JFKDXB,France,0,0,1,2.95,0
4,Mobile,RoundTrip,107,6,3,S,CDGSYD,France,0,1,1,14.07,1
3,Internet,RoundTrip,5,15,21,S,LHRBOM,France,0,1,0,14.78,1
1,Internet,RoundTrip,148,13,9,T,CDGSYD,UAE,0,0,0,14.86,0
2,Internet,RoundTrip,35,14,5,F,LTNPRG,USA,1,0,0,2.09,1
4,Internet,RoundTrip,279,15,12,S,JFKDXB,UAE,1,1,0,2.03,1
1,Mobile,RoundTrip,280,1,20,T,CDGSYD,United Kingdom,1,1,1,3.34,0
4,Internet,RoundTrip,80,9,2,F,AUHBOM,France,1,1,0,13.92,0
4,Internet,RoundTrip,282,6,3,F,JFKDXB,UAE,0,1,1,13.3,0
1,Mobile,OneWay,256,19,14,T,LHRBOM,France,1,0,0,2.23,1
3,Internet,OneWay,247,11,15,F,JFKDXB,India,0,1,1,2.93,0
3,Mobile,RoundTrip,29,4,16,T,AUHBOM,USA,1,1,0,5.95,1
4,Internet,RoundTrip,47,8,20,T,LTNPRG,India,0,1,0,5.63,0
4,Mobile,OneWay,58,11,17,T,AUHBOM,India,0,0,0,2.02,1
1,Mobile,RoundTrip,298,7,18,T,CDGSYD,France,0,1,1,3.06,0
2,Internet,RoundTrip,119,13,2,W,AUHBOM,United Kingdom,0,1,1,10.82,1
4,Internet,RoundTrip,193,16,8,M,LTNPRG,United Kingdom,0,0,0,9.68,1
2,Internet,OneWay,172,13,16,T,LTNPRG,USA,0,1,0,6.6,1
1,Internet,OneWay,364,12,18,W,LTNPRG,France,0,1,0,5.18,0
3,Mobile,RoundTrip,66,14,8,M,JFKDXB,France,1,0,0,8.17,1
1,Internet,RoundTrip,284,6,13,T,JFKDXB,USA,0,1,0,10.3,0
1,Internet,RoundTrip,41,13,4,S,JFKDXB,United Kingdom,1,0,1,5.96,0
4,Internet,RoundTrip,356,2,19,T,JFKDXB,United Kingdom,0,1,0,3.73,0
1,Internet,RoundTrip,206,16,12,S,CDGSYD,UAE,0,0,1,13.92,0
4,Mobile,RoundTrip,96,8,2,T,JFKDXB,USA,0,1,0,3.51,0
1,Internet,RoundTrip,150,17,13,W,JFKDXB,United Kingdom,1,0,1,12.9,1
1,Internet,RoundTrip,266,6,6,S,AUHBOM,UAE,0,0,1,9.32,0
3,Internet,RoundTrip,152,20,10,S,JFKDXB,UAE,1,1,1,8.1,0
1,Mobile,RoundTrip,25,11,7,S,JFKDXB,United Kingdom,1,1,0,5.32,0
2,Internet,OneWay,113,19,19,S,JFKDXB,India,1,0,1,11.1,0
2,Internet,RoundTrip,334,6,19,F,LHRBOM,UAE,0,1,0,8.38,1
3,Internet,RoundTrip,136,11,3,S,JFKDXB,United Kingdom,1,0,0,3.34,1
2,Internet,RoundTrip,179,15,7,S,LHRBOM,India,0,0,1,12.68,0
1,Mobile,OneWay,68,15,9,S,AUHBOM,India,1,1,1,10.91,0
1,Internet,OneWay,10,6,19,S,LHRBOM,UAE,0,0,1,12.01,1
1,Internet,RoundTrip,99,9,6,W,AUHBOM,United Kingdom,1,1,0,4.96,0
1,Mobile,RoundTrip,317,5,16,S,CDGSYD,United Kingdom,1,1,1,6.18,1
3,Internet,OneWay,198,14,1,S,JFKDXB,France,1,0,1,6.27,0
2,Internet,RoundTrip,138,9,22,S,JFKDXB,France,1,1,1,4.09,1
1,Internet,RoundTrip,191,1,7,T,LTNPRG,USA,1,0,0,13.47,0
2,Internet,OneWay,296,6,6,M,LTNPRG,UAE,1,0,1,6.76,1
3,Mobile,RoundTrip,330,8,16,S,CDGSYD,USA,1,1,0,6.0,0
2,Mobile,OneWay,116,12,14,F,CDGSYD,France,1,0,1,8.18,1
2,Mobile,RoundTrip,304,19,12,F,LHRBOM,France,1,0,0,14.43,1
3,Mobile,OneWay,292,20,21,F,LTNPRG,USA,1,1,0,6.75,1
3,Internet,OneWay,3,14,9,F,LHRBOM,United Kingdom,0,0,1,14.09,1
3,Internet,RoundTrip,326,19,12,M,LHRBOM,India,0,1,1,14.12,1
2,Internet,RoundTrip,84,1,10,W,JFKDXB,France,1,1,1,6.17,0
2,Mobile,RoundTrip,279,18,3,T,LHRBOM,USA,1,1,0,9.72,0
4,Mobile,OneWay,324,11,7,M,LHRBOM,United Kingdom,0,0,1,10.35,0
4,Internet,RoundTrip,209,8,13,S,LTNPRG,France,1,0,1,5.72,0
1,Internet,RoundTrip,115,8,2,T,LTNPRG,India,1,1,1,14.9,0
4,Mobile,OneWay,312,7,16,T,LTNPRG,United Kingdom,0,1,0,9.76,1
4,Mobile,RoundTrip,174,17,13,M,CDGSYD,United Kingdom,1,0,0,11.29,1
4,Mobile,RoundTrip,280,10,14,M,AUHBOM,India,1,0,0,10.98,0
2,Internet,RoundTrip,246,3,18,T,AUHBOM,France,1,1,1,4.91,1
3,Internet,OneWay,117,19,11,S,CDGSYD,USA,1,0,1,9.72,0
1,Internet,RoundTrip,198,13,18,W,AUHBOM,India,0,0,1,13.23,0
1,Internet,OneWay,74,8,17,T,JFKDXB,India,0,1,1,11.91,0
3,Mobile,RoundTrip,2,15,5,S,CDGSYD,UAE,0,1,0,7.95,1
1,Internet,OneWay,251,8,6,W,LHRBOM,United Kingdom,1,0,1,9.06,0
1,Internet,RoundTrip,76,12,9,S,JFKDXB,India,1,1,0,10.34,0
2,Internet,RoundTrip,190,1,2,S,CDGSYD,United Kingdom,0,0,0,6.83,0
2,Internet,OneWay,37,6,12,T,AUHBOM,France,0,0,0,6.33,0
1,Internet,OneWay,239,7,20,F,LHRBOM,UAE,1,0,0,7.85,0
4,Internet,RoundTrip,62,16,18,S,CDGSYD,UAE,0,0,0,14.98,1
3,Mobile,RoundTrip,91,16,16,F,JFKDXB,India,0,0,0,11.1,1
4,Internet,RoundTrip,54,16,4,F,LHRBOM,UAE,0,0,0,3.73,0
4,Internet,RoundTrip,334,10,18,S,CDGSYD,USA,0,1,0,3.62,0
3,Internet,RoundTrip,227,8,3,S,JFKDXB,United Kingdom,0,1,1,3.77,1
2,Internet,OneWay,243,11,9,W,CDGSYD,France,1,0,0,13.46,1
4,Mobile,RoundTrip,148,6,21,S,CDGSYD,UAE,0,1,0,3.89,1
3,Mobile,RoundTrip,313,11,17,T,AUHBOM,USA,1,0,1,7.86,0
2,Internet,RoundTrip,25,14,3,S,CDGSYD,France,0,1,0,10.36,0
2,Mobile,RoundTrip,151,20,12,M,CDGSYD,United Kingdom,1,0,0,12.54,0
1,Mobile,RoundTrip,30,8,22,T,LHRBOM,India,1,0,1,6.2,0
4,Internet,OneWay,254,3,10,S,AUHBOM,India,1,1,0,5.01,1
4,Internet,RoundTrip,346,7,13,S,JFKDXB,United Kingdom,0,0,0,3.34,0
3,Internet,RoundTrip,279,17,8,T,LTNPRG,USA,0,0,0,3.04,0
1,Mobile,RoundTrip,57,10,11,S,JFKDXB,France,1,0,0,3.97,0
4,Internet,RoundTrip,287,9,11,T,LHRBOM,United Kingdom,0,0,1,10.91,1
1,Internet,RoundTrip,93,10,4,M,CDGSYD,France,0,0,0,2.9,1
1,Mobile,RoundTrip,127,6,21,S,LTNPRG,India,1,1,0,10.44,1
1,Mobile,RoundTrip,210,17,19,M,JFKDXB,France,0,0,0,13.16,0
2,Internet,RoundTrip,165,14,2,S,AUHBOM,UAE,0,0,1,8.73,0
2,Mobile,RoundTrip,69,20,3,S,LHRBOM,United Kingdom,1,0,0,14.23,1
4,Internet,RoundTrip,193,2,14,M,LHRBOM,USA,1,0,0,8.04,0
2,Mobile,RoundTrip,72,15,9,S,LTNPRG,India,1,0,1,8.11,1
4,Internet,RoundTrip,262,2,15,F,LTNPRG,USA,1,1,1,4.06,1
2,Internet,RoundTrip,27,2,1,F,AUHBOM,France,0,0,1,10.24,1
3,Mobile,RoundTrip,295,17,17,W,CDGSYD,France,0,0,0,11.89,0
3,Internet,RoundTrip,358,7,0,T,JFKDXB,United Kingdom,1,1,1,4.62,1
4,Internet,RoundTrip,272,7,4,M,JFKDXB,United Kingdom,1,0,1,9.97,0
4,Internet,RoundTrip,221,4,16,W,LHRBOM,UAE,1,1,0,7.4,1
4,Internet,RoundTrip,161,3,7,S,AUHBOM,United Kingdom,1,0,1,14.77,1
4,Internet,OneWay,193,14,4,M,AUHBOM,France,1,1,0,2.97,1
1,Internet,RoundTrip,187,11,20,T,LHRBOM,India,0,1,1,7.1,0
1,Mobile,RoundTrip,324,12,13,S,JFKDXB,United Kingdom,1,0,1,7.37,0
2,Mobile,RoundTrip,47,4,6,T,LHRBOM,India,1,1,0,8.08,0
1,Internet,RoundTrip,217,20,16,M,LHRBOM,USA,1,1,0,5.93,0
2,Internet,OneWay,201,1,3,S,JFKDXB,USA,0,1,1,5.68,1
3,Mobile,RoundTrip,96,9,11,W,JFKDXB,France,0,1,0,6.58,0
2,Internet,OneWay,151,11,4,T,LHRBOM,USA,0,1,1,4.1,1
1,Internet,RoundTrip,172,3,15,T,AUHBOM,USA,1,1,0,3.69,1
4,Internet,RoundTrip,13,12,6,M,JFKDXB,United Kingdom,0,1,1,13.6,0
2,Internet,RoundTrip,174,12,5,F,LHRBOM,France,1,1,0,8.57,1
4,Internet,RoundTrip,63,11,5,F,JFKDXB,USA,1,0,1,12.16,1
3,Mobile,RoundTrip,145,8,18,S,LHRBOM,USA,0,0,1,6.45,0
3,Mobile,RoundTrip,102,19,19,W,LTNPRG,France,0,0,0,14.08,0
4,Internet,RoundTrip,275,4,4,W,LHRBOM,France,1,0,0,12.56,1
2,Internet,OneWay,350,15,3,F,CDGSYD,India,1,0,0,14.5,0
1,Internet,OneWay,40,8,13,T,CDGSYD,USA,1,1,0,12.01,1
4,Internet,RoundTrip,94,8,14,W,CDGSYD,France,0,0,0,11.31,0
3,Mobile,RoundTrip,58,5,19,M,LHRBOM,United Kingdom,0,1,1,9.71,1
2,Internet,OneWay,176,14,18,F,CDGSYD,United Kingdom,0,1,0,12.35,0
3,Mobile,RoundTrip,136,4,18,F,LHRBOM,UAE,0,0,1,6.1,0
2,Internet,OneWay,166,8,0,M,AUHBOM,USA,1,1,0,2.88,1
4,Internet,RoundTrip,26,10,1,M,CDGSYD,France,1,1,0,6.67,0
3,Internet,OneWay,318,1,4,W,JFKDXB,UAE,1,0,0,12.05,0
2,Internet,RoundTrip,360,17,8,F,CDGSYD,UAE,0,0,0,3.38,0
3,Mobile,RoundTrip,332,7,16,S,JFKDXB,United Kingdom,0,1,1,13.59,0
4,Internet,OneWay,181,18,19,T,CDGSYD,UAE,0,1,1,8.98,0
2,Internet,OneWay,243,13,16,S,JFKDXB,United Kingdom,1,1,1,12.39,0
4,Internet,OneWay,19,6,19,W,LHRBOM,India,1,1,0,8.61,0
1,Internet,RoundTrip,223,14,8,F,LHRBOM,France,0,0,0,12.94,1
1,Mobile,RoundTrip,222,9,14,T,AUHBOM,India,0,1,0,14.93,0
4,Internet,RoundTrip,268,10,3,F,LHRBOM,India,1,1,0,12.51,0
3,Internet,RoundTrip,285,17,2,S,LHRBOM,France,0,1,0,13.4,1
1,Internet,RoundTrip,1,13,18,W,AUHBOM,United Kingdom,0,0,1,12.7,0
3,Internet,RoundTrip,149,20,9,S,CDGSYD,France,0,1,1,7.85,0
2,Internet,OneWay,177,19,16,T,LTNPRG,UAE,1,1,0,6.6,0
2,Internet,OneWay,175,17,22,T,LHRBOM,United Kingdom,1,0,1,9.35,1
2,Internet,RoundTrip,200,10,13,F,CDGSYD,India,0,1,0,4.67,0
2,Internet,RoundTrip,256,10,2,W,JFKDXB,United Kingdom,0,1,0,7.73,1
4,Internet,RoundTrip,214,18,15,F,JFKDXB,India,0,0,1,3.72,0
2,Mobile,RoundTrip,86,18,18,W,LHRBOM,USA,1,0,1,5.9,1
2,Internet,RoundTrip,242,8,6,T,LTNPRG,USA,0,1,1,11.16,1
4,Internet,OneWay,218,15,9,W,LHRBOM,United Kingdom,1,0,0,2.97,1
3,Internet,RoundTrip,73,12,14,T,CDGSYD,USA,0,1,0,13.97,0
1,Internet,RoundTrip,230,3,17,S,JFKDXB,UAE,0,0,0,2.64,1
3,Mobile,RoundTrip,190,3,4,F,CDGSYD,United Kingdom,0,0,1,5.3,0
3,Internet,RoundTrip,293,2,1,W,CDGSYD,UAE,1,1,0,14.46,0
3,Internet,RoundTrip,143,6,14,S,JFKDXB,India,0,0,0,13.32,0
1,Mobile,RoundTrip,325,19,0,M,LHRBOM,UAE,1,0,1,3.26,1
2,Mobile,RoundTrip,196,7,10,F,LHRBOM,India,0,0,1,13.34,0
3,Mobile,RoundTrip,343,19,6,S,CDGSYD,USA,1,1,0,13.01,1
3,Internet,RoundTrip,38,9,10,F,CDGSYD,United Kingdom,0,1,0,8.25,0
3,Internet,RoundTrip,46,10,20,F,JFKDXB,UAE,0,1,1,13.3,0
4,Internet,OneWay,80,6,21,T,LTNPRG,UAE,1,0,1,8.3,0
3,Internet,OneWay,298,14,15,T,LHRBOM,USA,0,1,1,3.9,1
2,Internet,OneWay,185,12,8,T,JFKDXB,UAE,0,1,0,4.93,0
3,Mobile,OneWay,246,7,14,M,JFKDXB,USA,0,0,0,6.32,0
2,Internet,OneWay,8,16,3,S,CDGSYD,USA,0,0,0,6.43,1
2,Internet,OneWay,135,15,22,W,LHRBOM,United Kingdom,0,1,0,11.62,1
3,Internet,RoundTrip,129,15,20,S,AUHBOM,USA,0,0,1,4.79,1
2,Internet,RoundTrip,336,9,7,F,CDGSYD,UAE,0,0,1,11.72,1
3,Internet,RoundTrip,39,13,0,S,LTNPRG,UAE,1,1,1,9.18,0
3,Mobile,OneWay,314,7,19,S,LTNPRG,United Kingdom,1,0,0,9.74,0
4,Internet,OneWay,135,20,0,T,CDGSYD,India,1,1,0,11.24,1
1,Mobile,RoundTrip,282,9,2,M,JFKDXB,USA,0,1,0,12.26,1
2,Internet,OneWay,106,6,0,S,AUHBOM,United Kingdom,1,0,0,7.0,1
4,Mobile,RoundTrip,21,10,3,W,JFKDXB,United Kingdom,0,0,0,10.88,0
2,Internet,RoundTrip,248,19,21,T,LTNPRG,United Kingdom,1,0,0,2.58,0
3,Mobile,RoundTrip,65,19,10,T,JFKDXB,France,1,1,1,12.02,0
3,Mobile,RoundTrip,54,8,3,S,AUHBOM,UAE,1,0,0,11.91,0
4,Internet,RoundTrip,335,18,22,W,LTNPRG,France,1,1,1,14.63,1
1,Internet,RoundTrip,83,7,9,F,LHRBOM,United Kingdom,0,1,0,4.34,1
2,Mobile,RoundTrip,358,4,16,S,AUHBOM,India,1,1,1,3.71,0
2,Internet,RoundTrip,127,5,12,F,AUHBOM,India,1,1,0,13.98,1
3,Mobile,OneWay,101,6,2,T,LTNPRG,France,0,0,1,6.34,0
4,Mobile,RoundTrip,166,6,16,M,CDGSYD,UAE,0,1,1,9.88,0
1,Mobile,RoundTrip,101,6,21,S,CDGSYD,UAE,1,1,0,14.41,0
1,Internet,RoundTrip,338,8,22,T,LTNPRG,India,1,1,0,10.78,1
4,Internet,OneWay,223,1,17,T,LHRBOM,UAE,0,1,0,5.44,0
3,Mobile,RoundTrip,271,8,15,M,LTNPRG,United Kingdom,1,1,0,3.63,1
3,Internet,RoundTrip,28,11,16,S,LTNPRG,United Kingdom,1,0,0,6.46,1
1,Internet,RoundTrip,88,9,22,T,AUHBOM,India,1,0,1,10.67,1
3,Internet,RoundTrip,217,10,12,F,JFKDXB,USA,1,0,0,14.35,0
2,Mobile,RoundTrip,178,5,20,T,JFKDXB,United Kingdom,1,0,0,2.83,1
3,Internet,RoundTrip,353,3,9,T,LTNPRG,India,0,0,0,7.63,0
1,Internet,OneWay,264,19,7,T,JFKDXB,USA,0,1,0,12.45,0
2,Internet,RoundTrip,109,20,2,S,LTNPRG,France,0,1,1,13.36,1
3,Mobile,OneWay,166,9,10,F,CDGSYD,United Kingdom,0,1,1,13.13,1
3,Internet,RoundTrip,271,16,14,F,JFKDXB,France,0,1,1,12.11,1
4,Mobile,RoundTrip,150,3,9,F,AUHBOM,UAE,0,1,1,4.4,0
4,Mobile,RoundTrip,192,4,2,S,CDGSYD,India,1,1,1,6.56,0
1,Mobile,RoundTrip,291,11,10,T,AUHBOM,United Kingdom,0,1,0,9.65,1
1,Mobile,RoundTrip,105,15,13,F,JFKDXB,India,1,0,0,3.75,1
2,Internet,OneWay,37,15,2,S,AUHBOM,UAE,0,1,0,7.09,1
4,Internet,RoundTrip,151,7,12,S,LHRBOM,UAE,1,1,1,4.75,1
2,Internet,OneWay,80,18,8,S,LTNPRG,France,1,1,1,5.86,1
4,Mobile,RoundTrip,201,13,13,M,LTNPRG,United Kingdom,1,0,0,12.32,1
1,Internet,RoundTrip,311,7,0,S,AUHBOM,UAE,1,1,0,10.9,0
4,Internet,RoundTrip,278,10,19,F,AUHBOM,UAE,0,0,1,2.07,1
1,Mobile,RoundTrip,266,6,9,T,CDGSYD,USA,0,1,1,14.16,0
4,Internet,RoundTrip,197,3,9,S,JFKDXB,India,0,1,1,8.83,0
4,Mobile,RoundTrip,324,1,2,S,CDGSYD,India,0,0,0,10.51,1
2,Internet,RoundTrip,337,10,10,F,LTNPRG,United Kingdom,0,1,0,10.06,1
2,Internet,RoundTrip,276,1,9,S,AUHBOM,UAE,0,1,1,2.93,1
3,Internet,RoundTrip,43,20,1,S,JFKDXB,France,1,0,0,13.55,0
3,Internet,RoundTrip,109,18,13,W,JFKDXB,India,0,1,1,10.89,0
1,Internet,RoundTrip,349,15,6,S,AUHBOM,France,1,1,1,5.35,1
1,Mobile,RoundTrip,27,16,8,T,AUHBOM,United Kingdom,0,1,0,3.11,0
4,Internet,RoundTrip,201,13,1,T,CDGSYD,UAE,1,0,1,14.91,0
4,Internet,OneWay,233,15,14,M,LTNPRG,United Kingdom,0,1,0,14.17,0
1,Mobile,OneWay,143,17,3,F,LTNPRG,USA,0,0,0,11.4,0
4,Mobile,RoundTrip,257,11,13,M,LHRBOM,United Kingdom,0,0,0,8.95,0
4,Internet,OneWay,28,17,9,S,LTNPRG,India,1,1,1,9.7,1
4,Mobile,OneWay,80,5,17,S,JFKDXB,United Kingdom,1,1,0,8.4,1
1,Internet,RoundTrip,108,18,9,M,CDGSYD,India,1,1,1,13.19,1
3,Internet,OneWay,63,15,15,T,JFKDXB,United Kingdom,0,0,1,11.62,0
1,Internet,RoundTrip,160,3,21,T,AUHBOM,USA,0,1,0,2.9,0
1,Mobile,RoundTrip,171,4,5,F,CDGSYD,India,1,0,1,6.26,0
1,Internet,RoundTrip,342,3,2,T,LTNPRG,USA,1,0,0,11.42,0
2,Internet,OneWay,177,5,13,F,LTNPRG,United Kingdom,0,0,1,14.82,0
3,Mobile,OneWay,276,16,3,S,JFKDXB,USA,0,0,0,11.86,1
1,Internet,OneWay,33,17,5,F,LTNPRG,United Kingdom,0,0,0,8.45,0
1,Internet,RoundTrip,22,20,17,S,LTNPRG,United Kingdom,1,1,0,12.0,1
2,Mobile,OneWay,144,3,15,T,LHRBOM,France,0,1,0,11.42,1
1,Internet,RoundTrip,120,12,0,S,LTNPRG,UAE,0,1,0,11.26,0
4,Internet,OneWay,337,17,13,S,AUHBOM,USA,1,0,0,14.31,0
1,Internet,OneWay,179,20,14,T,LTNPRG,France,1,0,0,10.02,1
2,Mobile,RoundTrip,178,2,7,T,AUHBOM,United Kingdom,1,0,1,8.73,1
2,Internet,RoundTrip,310,14,17,F,LHRBOM,France,0,1,0,11.66,0
1,Internet,OneWay,316,2,16,S,LHRBOM,France,0,1,0,13.52,1
4,Internet,OneWay,283,2,14,M,LTNPRG,India,1,1,0,10.13,1
1,Internet,OneWay,160,17,5,W,CDGSYD,UAE,0,0,1,2.25,1
2,Mobile,RoundTrip,79,19,6,S,CDGSYD,UAE,0,1,1,2.94,1
3,Internet,RoundTrip,13,4,12,M,LHRBOM,UAE,0,0,1,12.81,0
2,Internet,RoundTrip,19,17,2,S,LHRBOM,India,1,1,0,8.56,0
2,Internet,RoundTrip,297,19,9,M,LHRBOM,United Kingdom,1,1,1,14.85,0
1,Internet,OneWay,49,11,22,F,LHRBOM,India,1,0,0,4.83,0
2,Internet,RoundTrip,151,4,14,W,AUHBOM,India,0,0,1,11.2,0
1,Mobile,RoundTrip,184,15,19,T,AUHBOM,USA,0,0,0,7.43,1
2,Mobile,RoundTrip,203,11,7,T,LHRBOM,United Kingdom,1,1,0,2.26,0
2,Internet,OneWay,33,8,16,S,JFKDXB,UAE,0,0,1,6.76,0
2,Internet,RoundTrip,191,18,16,T,CDGSYD,United Kingdom,0,1,0,4.52,1
1,Internet,RoundTrip,91,13,4,S,LTNPRG,France,1,0,1,9.06,0
4,Internet,RoundTrip,125,6,5,F,LHRBOM,France,0,1,1,13.29,0
1,Internet,RoundTrip,299,9,9,S,LHRBOM,France,0,1,1,14.9,1
1,Internet,RoundTrip,168,7,14,T,LHRBOM,France,0,1,0,9.16,0
1,Mobile,RoundTrip,147,11,16,T,LHRBOM,France,0,1,1,14.08,0
4,Mobile,RoundTrip,6,6,22,M,CDGSYD,UAE,1,1,0,13.34,0
2,Internet,RoundTrip,363,13,2,W,LHRBOM,France,0,1,0,4.56,1
2,Mobile,RoundTrip,217,9,14,F,JFKDXB,United Kingdom,0,1,0,2.35,0
4,Internet,RoundTrip,276,2,22,W,LHRBOM,United Kingdom,1,1,1,13.18,0
1,Internet,RoundTrip,158,1,3,T,CDGSYD,UAE,0,1,1,9.46,1
1,Mobile,RoundTrip,97,2,21,T,JFKDXB,UAE,0,1,1,12.1,0
1,Internet,RoundTrip,100,4,19,S,LHRBOM,USA,1,1,1,10.39,0
3,Internet,RoundTrip,3,2,3,S,LHRBOM,USA,0,1,0,4.95,0
4,Mobile,OneWay,324,14,4,W,LHRBOM,United Kingdom,0,0,1,7.87,1
3,Internet,OneWay,192,12,4,M,AUHBOM,India,0,1,1,6.57,1
4,Mobile,RoundTrip,129,1,2,M,AUHBOM,United Kingdom,0,1,1,11.03,1
4,Internet,RoundTrip,257,9,8,F,JFKDXB,France,0,1,0,2.73,1
2,Mobile,OneWay,48,6,10,F,CDGSYD,USA,0,0,1,7.81,0
1,Internet,RoundTrip,171,11,10,S,LHRBOM,United Kingdom,0,0,0,5.18,1
1,Internet,OneWay,159,12,19,F,CDGSYD,USA,1,0,0,11.2,0
4,Internet,OneWay,330,11,10,T,AUHBOM,UAE,0,1,1,8.04,0
3,Mobile,RoundTrip,291,8,4,M,AUHBOM,UAE,0,1,0,11.11,1
4,Internet,RoundTrip,280,1,15,T,JFKDXB,USA,0,1,1,12.32,1
3,Mobile,OneWay,95,16,14,W,AUHBOM,UAE,0,0,0,11.99,0
4,Internet,RoundTrip,190,16,10,S,LTNPRG,India,0,0,0,14.01,0
4,Internet,RoundTrip,357,18,14,F,CDGSYD,France,0,1,1,3.28,0
4,Internet,RoundTrip,7,15,4,T,LHRBOM,UAE,0,0,0,3.08,0
4,Internet,RoundTrip,238,7,17,S,LHRBOM,United Kingdom,1,0,1,5.03,1
1,Mobile,OneWay,124,14,6,T,LHRBOM,India,0,0,1,7.91,0
3,Internet,RoundTrip,270,19,1,F,CDGSYD,United Kingdom,0,1,1,8.49,1
4,Internet,RoundTrip,180,1,9,S,AUHBOM,France,1,0,1,13.65,1
2,Internet,RoundTrip,256,11,5,M,JFKDXB,USA,1,0,1,14.84,0
4,Internet,RoundTrip,92,14,11,T,AUHBOM,India,1,0,1,6.4,1
2,Internet,RoundTrip,322,20,10,T,AUHBOM,India,1,0,1,14.35,0
1,Mobile,OneWay,305,11,21,S,CDGSYD,United Kingdom,1,0,1,5.31,1
3,Internet,RoundTrip,233,18,9,W,CDGSYD,USA,1,1,1,4.39,0
1,Internet,RoundTrip,155,16,2,S,JFKDXB,USA,0,0,1,10.99,1
2,Internet,OneWay,56,16,11,S,JFKDXB,France,0,0,1,6.92,0
4,Internet,RoundTrip,75,2,18,M,JFKDXB,USA,1,0,1,12.38,0
1,Internet,RoundTrip,146,11,6,F,JFKDXB,UAE,0,0,1,13.78,0
1,Internet,RoundTrip,284,15,7,M,LHRBOM,India,0,1,1,9.42,1
4,Internet,RoundTrip,345,3,4,S,JFKDXB,UAE,1,0,1,13.33,0
4,Mobile,RoundTrip,222,20,16,M,JFKDXB,USA,1,0,1,6.1,1
2,Mobile,RoundTrip,342,14,3,M,JFKDXB,France,0,0,1,2.86,1
2,Mobile,OneWay,72,18,5,S,AUHBOM,UAE,1,1,0,9.13,1
4,Mobile,RoundTrip,271,13,2,W,LHRBOM,USA,0,0,0,14.54,0
3,Internet,RoundTrip,194,18,8,W,LTNPRG,United Kingdom,1,0,1,10.04,1
4,Mobile,RoundTrip,52,19,19,T,LHRBOM,USA,1,0,0,11.46,1
1,Internet,RoundTrip,253,2,10,T,LHRBOM,USA,1,0,1,13.85,1
3,Internet,RoundTrip,329,19,2,F,LHRBOM,USA,0,1,0,12.12,0
3,Internet,OneWay,164,11,17,S,JFKDXB,UAE,0,0,1,9.83,0
1,Internet,RoundTrip,93,10,8,S,LHRBOM,USA,1,0,0,12.56,1
3,Mobile,RoundTrip,111,5,3,T,CDGSYD,France,0,1,0,6.34,0
1,Mobile,RoundTrip,219,9,0,S,CDGSYD,United Kingdom,1,1,0,9.57,1
4,Internet,RoundTrip,252,11,7,F,LHRBOM,France,0,1,0,13.51,0
3,Internet,RoundTrip,79,11,3,M,CDGSYD,UAE,1,1,1,7.45,0
1,Internet,RoundTrip,251,15,12,S,LTNPRG,UAE,0,0,1,12.69,0
3,Internet,RoundTrip,272,14,9,T,LTNPRG,United Kingdom,0,1,1,11.49,0
1,Mobile,OneWay,7,15,15,T,CDGSYD,United Kingdom,1,1,1,6.31,1
4,Mobile,OneWay,140,12,6,S,LHRBOM,India,1,0,1,10.43,0
1,Internet,RoundTrip,86,20,1,S,LHRBOM,USA,0,1,0,7.73,0
3,Internet,RoundTrip,289,18,2,S,AUHBOM,USA,0,0,1,6.55,1
1,Internet,RoundTrip,236,20,2,T,CDGSYD,USA,0,0,0,11.06,0
1,Internet,RoundTrip,195,15,6,T,LHRBOM,USA,0,1,0,4.02,1
4,Internet,RoundTrip,82,5,16,W,LTNPRG,United Kingdom,1,0,0,10.56,0
2,Internet,RoundTrip,176,20,12,W,AUHBOM,India,1,0,1,4.0,0
1,Internet,RoundTrip,351,19,8,T,LHRBOM,India,1,0,0,8.35,0
3,Internet,RoundTrip,363,6,5,W,JFKDXB,United Kingdom,1,0,1,11.88,1
1,Internet,RoundTrip,60,18,3,S,LHRBOM,UAE,0,1,1,10.64,1
3,Mobile,RoundTrip,177,11,3,W,AUHBOM,UAE,0,0,0,6.94,0
4,Internet,RoundTrip,273,15,6,F,LTNPRG,United Kingdom,1,0,0,7.85,0
3,Mobile,OneWay,109,7,11,T,LTNPRG,India,1,1,0,5.19,1
1,Internet,RoundTrip,364,6,13,S,CDGSYD,India,0,0,1,7.39,0
1,Internet,RoundTrip,170,9,21,W,AUHBOM,India,1,0,0,13.76,0
1,Internet,RoundTrip,127,4,21,T,AUHBOM,United Kingdom,1,1,0,12.96,0
3,Mobile,RoundTrip,343,3,6,S,AUHBOM,France,0,1,1,3.27,0
3,Internet,OneWay,220,9,16,S,LTNPRG,UAE,1,0,0,4.38,1
3,Internet,RoundTrip,23,19,3,W,LHRBOM,USA,0,1,0,2.48,1
2,Internet,RoundTrip,39,1,18,W,JFKDXB,India,1,1,0,7.41,0
1,Mobile,OneWay,357,7,21,T,LTNPRG,United Kingdom,1,1,0,12.77,1
4,Internet,RoundTrip,227,6,13,S,JFKDXB,UAE,1,1,0,9.52,1
3,Internet,RoundTrip,317,5,12,S,AUHBOM,USA,0,1,0,5.06,1
3,Mobile,RoundTrip,360,2,8,W,LHRBOM,UAE,0,0,1,7.12,1
1,Internet,RoundTrip,272,4,20,F,JFKDXB,UAE,0,1,0,3.22,1
2,Internet,RoundTrip,355,11,22,M,CDGSYD,USA,0,0,1,6.99,0
2,Mobile,RoundTrip,348,9,16,S,AUHBOM,USA,1,0,1,6.87,0
3,Internet,RoundTrip,150,13,1,T,CDGSYD,France,1,0,1,5.48,1
4,Internet,RoundTrip,233,18,20,F,LHRBOM,India,1,1,1,4.73,0
4,Internet,RoundTrip,299,3,18,T,LHRBOM,India,1,0,0,4.81,0
3,Internet,RoundTrip,345,7,8,T,JFKDXB,USA,0,1,1,3.87,0
2,Mobile,RoundTrip,301,18,5,M,AUHBOM,India,0,1,0,3.79,0
2,Internet,RoundTrip,294,5,17,W,JFKDXB,UAE,0,0,1,14.73,0
3,Internet,RoundTrip,120,2,13,W,JFKDXB,UAE,1,0,1,10.49,0
2,Internet,RoundTrip,157,5,17,T,LTNPRG,France,1,1,1,10.33,1
2,Internet,RoundTrip,300,8,22,S,CDGSYD,France,0,0,1,7.12,1
4,Internet,RoundTrip,47,6,8,F,LHRBOM,UAE,1,1,1,4.18,0
3,Internet,OneWay,60,11,19,S,AUHBOM,United Kingdom,0,1,1,8.34,1
2,Mobile,RoundTrip,287,5,10,T,LTNPRG,France,1,1,0,6.88,1
3,Internet,OneWay,357,12,19,S,LTNPRG,United Kingdom,0,1,0,5.16,0
2,Mobile,RoundTrip,153,18,5,F,LHRBOM,UAE,1,0,0,11.88,0
1,Internet,RoundTrip,315,7,18,M,LTNPRG,United Kingdom,0,0,0,5.04,0
4,Internet,RoundTrip,130,11,16,S,CDGSYD,USA,0,1,0,11.35,1
2,Mobile,RoundTrip,186,15,10,T,AUHBOM,United Kingdom,1,0,0,3.64,1
2,Mobile,OneWay,355,2,21,S,AUHBOM,UAE,0,0,0,8.48,0
1,Internet,RoundTrip,141,7,9,T,JFKDXB,USA,1,0,0,10.82,0
4,Internet,RoundTrip,322,13,17,F,JFKDXB,United Kingdom,1,0,0,10.95,0
3,Mobile,OneWay,345,6,11,S,CDGSYD,France,1,0,0,14.74,0
2,Internet,RoundTrip,269,9,3,M,LTNPRG,USA,0,0,0,7.88,1
3,Internet,RoundTrip,26,10,6,S,LTNPRG,USA,0,0,0,6.91,0
2,Internet,RoundTrip,350,19,18,S,LHRBOM,India,1,0,0,11.68,1
2,Internet,OneWay,182,3,10,W,CDGSYD,UAE,1,0,1,2.84,0
2,Internet,RoundTrip,106,13,19,T,AUHBOM,India,1,1,0,8.39,1
1,Internet,RoundTrip,178,20,2,F,JFKDXB,France,0,0,1,13.32,0
4,Mobile,RoundTrip,161,19,17,S,LTNPRG,India,1,0,0,5.45,0
4,Internet,OneWay,139,12,20,M,LHRBOM,UAE,0,1,1,8.53,0
4,Internet,OneWay,247,8,22,T,CDGSYD,UAE,1,0,0,4.11,1
2,Mobile,OneWay,41,3,16,F,LTNPRG,India,1,0,0,14.28,1
4,Internet,RoundTrip,231,6,10,W,LHRBOM,France,1,0,1,13.04,1
2,Internet,RoundTrip,92,16,1,S,LTNPRG,India,1,1,1,11.96,1
4,Internet,OneWay,289,1,4,T,LHRBOM,USA,1,1,1,3.91,1
1,Internet,RoundTrip,358,15,15,F,AUHBOM,India,1,0,0,8.55,1
2,Internet,OneWay,173,19,20,W,LHRBOM,India,1,0,1,4.78,1
3,Mobile,OneWay,295,9,17,F,LHRBOM,United Kingdom,0,0,1,13.93,1
4,Mobile,RoundTrip,117,17,13,T,LTNPRG,UAE,0,1,0,14.09,0
2,Internet,RoundTrip,306,20,19,T,CDGSYD,France,1,1,0,11.49,1
2,Internet,RoundTrip,195,16,7,M,AUHBOM,France,1,0,1,10.56,0
4,Mobile,RoundTrip,186,11,7,T,LTNPRG,UAE,0,1,0,5.17,1
2,Internet,RoundTrip,38,12,2,S,CDGSYD,India,0,1,1,2.95,1
3,Mobile,RoundTrip,241,5,14,W,JFKDXB,USA,0,0,1,12.9,1
2,Internet,RoundTrip,288,3,4,M,AUHBOM,France,0,1,1,5.1,0
1,Mobile,RoundTrip,184,16,6,S,AUHBOM,United Kingdom,1,1,1,5.47,1
2,Mobile,RoundTrip,59,11,2,W,CDGSYD,UAE,0,0,1,5.34,0
3,Internet,RoundTrip,247,19,19,F,LHRBOM,India,1,1,0,6.53,0
1,Internet,RoundTrip,228,15,4,S,JFKDXB,India,0,1,0,6.22,1
1,Mobile,RoundTrip,315,6,20,W,CDGSYD,USA,0,1,1,5.33,1
4,Internet,RoundTrip,348,20,5,W,CDGSYD,UAE,1,1,0,3.67,1
1,Internet,OneWay,89,1,1,T,JFKDXB,USA,0,0,1,12.09,0
1,Internet,RoundTrip,107,2,22,T,LHRBOM,France,1,0,0,14.26,1
3,Internet,OneWay,347,13,6,M,LHRBOM,UAE,1,0,0,3.97,0
3,Internet,RoundTrip,44,13,16,M,AUHBOM,India,0,1,1,9.49,1
1,Internet,RoundTrip,333,15,2,M,CDGSYD,USA,1,1,0,7.72,0
1,Internet,RoundTrip,57,13,4,W,AUHBOM,France,0,1,0,7.83,0
4,Mobile,RoundTrip,153,6,9,M,LTNPRG,USA,1,0,0,11.82,0
3,Internet,RoundTrip,51,3,17,S,CDGSYD,India,0,1,1,11.8,0
3,Internet,OneWay,356,20,0,S,JFKDXB,United Kingdom,0,1,1,2.82,1
1,Internet,RoundTrip,183,7,14,S,JFKDXB,United Kingdom,0,1,1,13.59,0
1,Mobile,OneWay,322,4,18,T,LTNPRG,United Kingdom,0,1,0,2.18,1
1,Internet,RoundTrip,12,2,2,W,LHRBOM,India,1,1,1,7.7,0
4,Mobile,RoundTrip,15,17,9,S,AUHBOM,India,1,1,0,3.22,1
4,Internet,RoundTrip,194,17,21,M,CDGSYD,UAE,1,0,0,10.66,1
3,Internet,RoundTrip,16,18,12,W,AUHBOM,India,0,1,1,7.41,0
3,Mobile,OneWay,198,18,17,T,CDGSYD,USA,0,0,1,3.82,1
1,Mobile,RoundTrip,258,4,17,W,LTNPRG,United Kingdom,0,0,1,6.4,0
4,Internet,OneWay,178,1,9,S,CDGSYD,UAE,1,0,1,5.38,1
3,Internet,RoundTrip,286,11,16,S,AUHBOM,USA,1,1,0,10.5,0
3,Internet,RoundTrip,38,11,21,S,AUHBOM,UAE,0,1,0,10.7,1
4,Internet,RoundTrip,91,1,7,T,LHRBOM,India,0,0,1,9.14,1
1,Mobile,RoundTrip,59,18,1,M,LHRBOM,USA,1,0,0,12.13,1
2,Mobile,RoundTrip,182,13,18,S,AUHBOM,UAE,0,0,0,2.29,1
1,Internet,RoundTrip,145,14,7,M,AUHBOM,United Kingdom,0,1,0,10.53,1
2,Internet,RoundTrip,197,11,14,F,LHRBOM,UAE,0,1,0,10.49,0
2,Internet,OneWay,56,20,3,S,CDGSYD,USA,1,1,0,8.01,1
2,Internet,OneWay,163,16,5,M,JFKDXB,UAE,1,1,0,12.9,1
3,Mobile,RoundTrip,279,12,17,F,CDGSYD,France,0,0,0,2.96,1
2,Internet,RoundTrip,26,11,0,S,AUHBOM,United Kingdom,1,0,0,11.89,0
1,Internet,RoundTrip,287,17,11,S,AUHBOM,India,1,1,1,6.08,0
1,Internet,RoundTrip,80,8,17,W,AUHBOM,France,1,1,1,2.41,1
3,Mobile,RoundTrip,317,18,10,T,LTNPRG,USA,1,1,0,2.31,1
3,Internet,OneWay,297,3,3,T,LHRBOM,United Kingdom,1,0,1,5.18,1
4,Internet,OneWay,163,1,14,F,LHRBOM,UAE,1,0,1,9.62,1
4,Internet,RoundTrip,27,2,2,S,LHRBOM,United Kingdom,0,0,1,10.01,0
1,Internet,RoundTrip,141,8,13,S,LTNPRG,France,1,0,0,3.48,0
3,Internet,RoundTrip,227,11,9,W,CDGSYD,USA,1,1,1,5.77,1
1,Internet,RoundTrip,124,18,12,T,CDGSYD,UAE,1,1,0,3.34,1
1,Internet,RoundTrip,231,19,21,S,LTNPRG,India,1,1,0,12.87,1
4,Internet,OneWay,300,1,20,F,JFKDXB,India,0,1,1,13.09,0
2,Mobile,OneWay,349,16,16,M,AUHBOM,France,0,0,1,4.65,0
4,Internet,RoundTrip,145,5,11,S,JFKDXB,United Kingdom,1,1,0,13.68,1
1,Internet,OneWay,360,8,18,S,AUHBOM,India,0,1,1,3.07,0
3,Internet,RoundTrip,91,18,2,F,LTNPRG,USA,1,0,1,8.99,1
2,Mobile,RoundTrip,344,20,6,W,JFKDXB,France,1,1,1,11.32,0
4,Mobile,OneWay,52,16,10,S,AUHBOM,UAE,0,1,1,7.21,0
3,Mobile,RoundTrip,198,4,19,T,LTNPRG,UAE,1,1,1,3.24,1
4,Internet,RoundTrip,245,1,8,T,LHRBOM,USA,1,1,1,11.94,1
2,Internet,RoundTrip,16,20,9,S,LTNPRG,India,1,1,0,12.23,1
4,Internet,RoundTrip,162,5,21,W,LTNPRG,France,0,1,1,6.26,0
4,Internet,RoundTrip,101,5,22,S,AUHBOM,UAE,1,0,1,2.29,0
4,Internet,RoundTrip,297,11,0,W,LHRBOM,UAE,0,1,1,13.96,1
2,Internet,RoundTrip,174,4,13,S,CDGSYD,India,0,1,0,3.06,0
4,Internet,RoundTrip,38,14,15,S,AUHBOM,India,1,1,0,5.4,0
3,Internet,RoundTrip,15,18,13,T,JFKDXB,United Kingdom,1,1,0,7.66,0
1,Internet,RoundTrip,9,7,22,W,CDGSYD,United Kingdom,1,0,0,7.8,1
4,Internet,OneWay,14,10,21,F,AUHBOM,India,0,1,1,8.79,0
1,Mobile,RoundTrip,177,18,5,T,LHRBOM,United Kingdom,1,0,1,4.74,1
3,Internet,RoundTrip,118,18,21,W,AUHBOM,India,1,0,0,7.05,1
1,Mobile,OneWay,76,2,9,M,LTNPRG,United Kingdom,1,0,1,14.12,1
4,Internet,OneWay,141,15,0,T,AUHBOM,United Kingdom,0,1,1,13.52,1
3,Mobile,RoundTrip,160,1,8,F,JFKDXB,India,0,1,0,3.18,1
4,Mobile,RoundTrip,212,4,5,W,LHRBOM,United Kingdom,0,1,0,12.15,1
3,Internet,RoundTrip,182,13,21,S,JFKDXB,USA,1,1,0,9.16,0
3,Mobile,RoundTrip,340,3,14,W,AUHBOM,India,1,0,1,2.44,0
4,Internet,RoundTrip,137,4,7,T,JFKDXB,United Kingdom,0,0,1,12.25,1
2,Internet,RoundTrip,143,9,0,M,LTNPRG,USA,1,0,1,4.02,1
3,Mobile,RoundTrip,150,9,8,S,LTNPRG,UAE,0,0,0,5.17,0
2,Internet,RoundTrip,18,12,7,S,LTNPRG,USA,0,1,0,2.98,0
1,Internet,RoundTrip,273,19,10,T,CDGSYD,France,0,0,1,11.96,1
4,Internet,RoundTrip,197,9,4,T,CDGSYD,USA,1,1,0,11.18,0
2,Internet,OneWay,146,7,12,F,LTNPRG,UAE,1,0,0,12.86,0
1,Internet,RoundTrip,131,5,12,T,LTNPRG,India,0,1,0,8.59,0
4,Internet,RoundTrip,189,18,16,W,JFKDXB,UAE,0,1,0,7.6,1
4,Internet,OneWay,329,5,13,F,LTNPRG,UAE,1,1,0,9.17,1
3,Internet,RoundTrip,145,1,16,T,JFKDXB,France,1,0,0,2.1,0
2,Internet,RoundTrip,158,11,4,M,LTNPRG,USA,1,1,0,12.11,0
4,Internet,RoundTrip,49,15,3,T,JFKDXB,India,1,0,1,12.77,1
3,Internet,RoundTrip,118,1,12,W,LHRBOM,UAE,1,1,0,2.77,0
2,Internet,RoundTrip,273,13,22,S,JFKDXB,India,1,0,1,13.83,0
2,Internet,RoundTrip,264,9,9,T,LHRBOM,USA,1,0,0,7.35,0
4,Mobile,RoundTrip,294,16,16,S,JFKDXB,USA,1,1,1,5.07,1
4,Mobile,RoundTrip,180,1,22,M,AUHBOM,United Kingdom,0,0,1,2.51,0
3,Internet,RoundTrip,328,18,2,S,LTNPRG,France,1,1,1,14.75,0
1,Internet,RoundTrip,203,18,1,S,LHRBOM,India,0,1,1,10.64,0
1,Mobile,OneWay,48,14,15,M,LTNPRG,UAE,1,1,1,10.01,1
2,Mobile,RoundTrip,56,13,19,T,LHRBOM,USA,1,0,1,3.91,0
3,Internet,RoundTrip,181,15,15,F,LHRBOM,India,1,0,1,12.44,0
4,Internet,RoundTrip,137,4,22,T,AUHBOM,UAE,0,0,0,9.66,0
4,Internet,RoundTrip,40,18,0,S,CDGSYD,France,1,1,0,6.63,1
2,Internet,OneWay,17,16,12,M,AUHBOM,France,0,0,1,10.14,0
1,Mobile,RoundTrip,226,16,16,T,LHRBOM,France,0,1,1,3.81,0
2,Internet,OneWay,275,10,15,T,JFKDXB,United Kingdom,0,1,1,7.52,1
1,Internet,RoundTrip,81,3,0,F,CDGSYD,France,1,1,0,4.04,1
4,Internet,RoundTrip,90,11,2,T,CDGSYD,UAE,0,0,1,3.49,0
1,Mobile,RoundTrip,195,11,22,T,LTNPRG,UAE,0,0,1,14.93,1
4,Internet,OneWay,44,6,8,M,AUHBOM,USA,1,1,0,5.71,1
3,Mobile,RoundTrip,305,19,4,M,LHRBOM,India,1,0,1,2.15,0
1,Internet,RoundTrip,215,8,4,T,AUHBOM,France,1,0,0,4.84,0
3,Internet,OneWay,132,20,3,S,LTNPRG,USA,0,0,1,6.76,0
3,Internet,RoundTrip,211,18,13,F,JFKDXB,United Kingdom,1,0,0,2.17,0
1,Internet,RoundTrip,60,2,11,S,JFKDXB,United Kingdom,1,0,1,10.16,0
1,Mobile,RoundTrip,115,3,21,M,CDGSYD,United Kingdom,0,0,0,8.79,1
2,Internet,OneWay,194,8,10,T,JFKDXB,UAE,0,0,0,6.43,0
1,Internet,RoundTrip,351,13,0,M,CDGSYD,India,1,1,0,13.55,0
3,Internet,RoundTrip,308,3,12,W,AUHBOM,France,0,0,1,5.16,0
3,Internet,OneWay,232,5,11,S,JFKDXB,UAE,1,0,0,3.19,0
1,Internet,RoundTrip,123,18,7,F,AUHBOM,United Kingdom,0,0,0,3.35,1
1,Mobile,RoundTrip,338,9,16,T,CDGSYD,India,1,0,0,12.3,0
3,Internet,RoundTrip,47,12,21,M,LHRBOM,India,0,0,1,6.43,1
2,Internet,RoundTrip,110,11,9,T,LTNPRG,France,0,0,1,13.73,1
2,Internet,RoundTrip,157,20,16,W,LHRBOM,United Kingdom,1,0,1,3.05,1
2,Internet,RoundTrip,201,3,12,S,JFKDXB,UAE,0,1,0,9.02,1
1,Internet,RoundTrip,246,11,16,W,LHRBOM,USA,0,0,0,5.78,0
4,Internet,OneWay,151,2,10,T,LTNPRG,United Kingdom,1,0,1,14.24,0
4,Internet,RoundTrip,344,1,5,T,CDGSYD,India,0,1,1,8.2,0
3,Mobile,RoundTrip,151,10,13,F,LTNPRG,USA,1,1,0,5.54,0
2,Mobile,RoundTrip,230,19,9,T,LHRBOM,United Kingdom,0,1,0,2.42,0
1,Mobile,OneWay,18,9,1,S,LTNPRG,India,0,1,1,8.35,0
2,Internet,OneWay,58,15,17,M,JFKDXB,France,1,0,1,4.01,1
4,Internet,OneWay,80,19,12,W,AUHBOM,India,0,1,0,2.97,0
1,Mobile,OneWay,1,1,14,T,LTNPRG,United Kingdom,1,1,0,3.96,0
4,Internet,OneWay,317,14,11,T,LTNPRG,USA,1,0,1,8.8,0
2,Internet,OneWay,228,18,20,W,AUHBOM,United Kingdom,1,1,0,5.21,1
2,Internet,RoundTrip,310,18,4,T,LTNPRG,France,1,1,0,7.5,1
4,Mobile,RoundTrip,122,15,1,W,AUHBOM,France,0,0,0,8.8,0
4,Internet,RoundTrip,39,19,12,T,CDGSYD,United Kingdom,0,0,0,2.64,1
4,Internet,RoundTrip,120,13,20,F,JFKDXB,UAE,1,1,0,9.23,1
2,Internet,RoundTrip,7,1,10,W,CDGSYD,France,1,1,0,7.84,0
3,Internet,RoundTrip,111,20,9,S,LHRBOM,USA,0,1,0,9.23,1
2,Internet,RoundTrip,38,18,13,S,CDGSYD,India,1,1,1,11.09,1
1,Internet,RoundTrip,78,4,7,T,LTNPRG,USA,1,0,1,11.24,1
2,Internet,RoundTrip,233,20,12,T,AUHBOM,France,1,0,1,11.05,0
1,Mobile,RoundTrip,351,14,22,S,LHRBOM,USA,0,1,1,2.98,0
1,Mobile,OneWay,88,10,9,S,CDGSYD,India,1,1,0,13.76,1
3,Internet,RoundTrip,358,17,11,T,CDGSYD,UAE,0,1,1,12.53,1
3,Mobile,RoundTrip,278,13,17,T,CDGSYD,France,1,1,0,13.43,1
2,Internet,RoundTrip,44,16,15,T,LHRBOM,India,1,1,0,4.23,1
3,Mobile,RoundTrip,3,7,8,F,LHRBOM,France,1,0,1,9.63,1
4,Internet,OneWay,42,8,12,S,LHRBOM,France,0,1,0,14.12,1
4,Internet,RoundTrip,261,2,10,T,LHRBOM,UAE,1,0,1,14.13,1
3,Internet,OneWay,245,18,9,T,AUHBOM,USA,0,0,0,6.83,0
1,Internet,RoundTrip,323,6,9,F,CDGSYD,USA,0,0,0,13.09,1
3,Internet,OneWay,192,3,0,S,CDGSYD,UAE,1,0,1,8.01,0
1,Internet,RoundTrip,17,2,11,T,JFKDXB,India,1,0,0,3.07,1
1,Internet,RoundTrip,364,8,7,T,LHRBOM,France,1,0,1,14.65,0
2,Internet,RoundTrip,316,10,18,T,LTNPRG,India,1,1,1,6.01,1
2,Internet,RoundTrip,261,17,14,M,JFKDXB,USA,0,0,0,5.75,0
1,Mobile,OneWay,335,14,16,S,LHRBOM,United Kingdom,0,1,0,13.7,0
1,Internet,RoundTrip,102,17,6,W,CDGSYD,UAE,1,1,0,11.67,0
4,Mobile,RoundTrip,196,1,0,S,JFKDXB,United Kingdom,1,0,0,6.73,0
3,Internet,OneWay,194,1,8,W,LTNPRG,UAE,1,0,1,12.38,1
3,Internet,RoundTrip,104,5,11,T,LTNPRG,UAE,1,1,1,2.26,0
1,Internet,OneWay,363,8,9,S,LTNPRG,United Kingdom,0,1,1,9.56,0
4,Internet,RoundTrip,205,2,2,M,CDGSYD,India,1,0,1,5.52,1
2,Internet,RoundTrip,335,18,4,S,AUHBOM,India,1,1,0,9.21,1
3,Mobile,RoundTrip,114,20,16,S,AUHBOM,India,0,1,0,6.29,0
2,Internet,RoundTrip,181,10,20,T,LHRBOM,UAE,0,1,0,11.36,0
1,Mobile,OneWay,340,17,22,T,LTNPRG,India,0,0,0,10.26,1
2,Internet,RoundTrip,66,4,11,W,AUHBOM,India,1,1,0,11.35,0
1,Internet,RoundTrip,198,1,14,S,LHRBOM,United Kingdom,0,1,0,11.22,0
4,Internet,OneWay,290,18,13,W,CDGSYD,India,1,1,1,11.72,1
2,Mobile,RoundTrip,291,17,8,M,JFKDXB,France,1,1,0,14.79,0
4,Internet,RoundTrip,274,16,7,W,JFKDXB,USA,1,0,1,7.76,1
4,Internet,RoundTrip,223,17,1,M,LHRBOM,USA,1,0,1,11.83,0
1,Internet,RoundTrip,3,15,0,T,CDGSYD,UAE,0,1,0,4.88,1
2,Internet,OneWay,105,17,7,T,LTNPRG,France,0,0,0,14.5,0
1,Mobile,RoundTrip,290,20,8,T,LHRBOM,India,0,1,1,13.06,0
1,Mobile,RoundTrip,183,18,12,M,AUHBOM,France,0,0,0,3.26,0
4,Mobile,RoundTrip,131,18,22,M,CDGSYD,United Kingdom,0,0,0,12.41,0
3,Mobile,RoundTrip,321,10,20,S,LTNPRG,France,0,0,1,9.59,0
2,Mobile,RoundTrip,125,17,4,S,CDGSYD,UAE,1,0,1,7.22,0
1,Internet,RoundTrip,140,5,11,W,AUHBOM,USA,0,1,1,3.44,0
3,Internet,OneWay,148,7,12,M,AUHBOM,United Kingdom,0,0,1,10.11,1
3,Internet,RoundTrip,125,18,22,S,LTNPRG,India,0,1,0,8.8,1
1,Internet,OneWay,185,8,9,W,LTNPRG,USA,1,0,1,12.86,1
1,Internet,RoundTrip,349,17,8,W,CDGSYD,USA,1,1,1,7.16,0
2,Internet,OneWay,364,10,17,S,AUHBOM,UAE,0,1,1,8.77,0
3,Mobile,RoundTrip,122,6,0,F,JFKDXB,UAE,1,1,1,7.6,0
4,Mobile,OneWay,135,9,2,S,LTNPRG,UAE,0,1,0,3.04,1
2,Internet,RoundTrip,313,12,14,F,CDGSYD,France,0,0,1,8.01,0
1,Mobile,RoundTrip,210,2,7,M,CDGSYD,UAE,0,1,1,14.45,0
4,Internet,RoundTrip,65,12,5,W,AUHBOM,USA,1,1,0,2.21,1
2,Internet,OneWay,200,3,19,F,CDGSYD,United Kingdom,0,0,1,11.55,0
3,Internet,OneWay,289,10,5,S,AUHBOM,India,1,0,1,7.5,0
1,Internet,RoundTrip,147,7,0,F,AUHBOM,USA,1,0,0,4.31,0
1,Internet,RoundTrip,224,13,0,W,AUHBOM,India,0,1,0,10.86,1
1,Internet,RoundTrip,283,17,20,S,CDGSYD,France,1,0,0,6.8,1
4,Internet,RoundTrip,44,2,12,T,LHRBOM,USA,0,1,1,14.89,1
1,Internet,RoundTrip,355,2,0,M,LTNPRG,UAE,0,0,1,8.73,0
4,Mobile,RoundTrip,24,10,5,W,LHRBOM,USA,1,1,1,7.37,0
4,Internet,OneWay,42,16,7,S,JFKDXB,UAE,0,0,0,14.52,1
3,Internet,RoundTrip,109,6,22,T,AUHBOM,United Kingdom,1,0,0,5.71,1
4,Internet,RoundTrip,8,16,12,T,JFKDXB,France,0,1,1,14.61,0
4,Internet,RoundTrip,240,1,19,M,AUHBOM,India,0,1,0,12.07,1
3,Internet,RoundTrip,192,6,10,F,JFKDXB,India,1,1,1,9.11,1
4,Internet,RoundTrip,132,11,16,W,LHRBOM,France,1,0,1,6.83,0
3,Internet,RoundTrip,360,13,0,M,CDGSYD,USA,0,0,1,2.89,1
1,Internet,RoundTrip,99,8,8,S,JFKDXB,USA,1,0,0,14.25,0
1,Internet,RoundTrip,321,18,10,W,CDGSYD,France,1,0,1,10.29,1
2,Internet,RoundTrip,212,9,1,S,LTNPRG,United Kingdom,0,1,1,8.83,1
2,Internet,RoundTrip,253,13,6,F,LHRBOM,United Kingdom,1,1,0,10.49,0
2,Internet,RoundTrip,347,3,15,S,JFKDXB,India,1,0,0,13.54,0
1,Internet,OneWay,93,19,15,T,LTNPRG,United Kingdom,1,1,1,5.88,1
3,Internet,OneWay,45,11,0,F,LHRBOM,India,0,0,0,8.74,1
2,Internet,RoundTrip,289,10,6,S,LTNPRG,India,0,1,1,12.63,0
4,Internet,RoundTrip,235,6,10,F,AUHBOM,France,0,1,0,13.5,0
4,Internet,OneWay,72,13,6,F,AUHBOM,United Kingdom,1,0,0,11.25,0
3,Internet,RoundTrip,333,1,1,S,JFKDXB,France,1,0,1,9.64,0
4,Internet,RoundTrip,262,10,0,W,JFKDXB,UAE,0,0,1,7.06,1
2,Internet,OneWay,197,16,12,T,JFKDXB,United Kingdom,1,0,0,5.17,1
4,Internet,OneWay,49,16,8,S,AUHBOM,France,1,0,0,10.37,1
4,Mobile,OneWay,351,13,12,S,LTNPRG,UAE,1,0,0,11.28,0
1,Mobile,OneWay,192,8,16,S,LTNPRG,UAE,1,1,1,8.28,0
3,Mobile,RoundTrip,218,11,12,W,LTNPRG,United Kingdom,0,0,1,14.3,1
2,Internet,RoundTrip,10,4,12,S,CDGSYD,India,0,1,0,4.04,1
2,Internet,OneWay,245,13,16,F,AUHBOM,United Kingdom,1,0,1,8.73,1
2,Internet,RoundTrip,305,5,4,T,CDGSYD,USA,0,0,0,10.75,0
4,Internet,RoundTrip,289,7,5,T,LTNPRG,India,0,0,0,14.25,0
4,Internet,RoundTrip,138,15,16,S,JFKDXB,UAE,1,0,1,5.41,0
2,Internet,RoundTrip,73,3,5,M,AUHBOM,USA,1,0,1,5.18,0
2,Internet,RoundTrip,162,7,20,S,AUHBOM,United Kingdom,0,0,1,8.29,1
3,Internet,OneWay,204,8,9,T,LTNPRG,France,1,0,0,11.14,0
3,Internet,RoundTrip,98,19,1,F,LTNPRG,USA,1,0,0,6.08,1
2,Internet,RoundTrip,224,16,16,S,AUHBOM,United Kingdom,1,0,1,8.61,0
2,Mobile,RoundTrip,337,8,9,T,CDGSYD,France,1,0,0,3.66,0
4,Internet,OneWay,44,13,2,F,LTNPRG,UAE,1,1,1,14.1,1
2,Internet,RoundTrip,90,5,4,T,JFKDXB,France,1,0,0,4.56,0
2,Mobile,RoundTrip,166,16,20,M,CDGSYD,USA,0,0,1,5.29,1
2,Internet,RoundTrip,64,7,10,F,CDGSYD,France,0,1,0,7.51,1
2,Internet,RoundTrip,281,19,5,S,CDGSYD,India,1,0,0,3.8,0
3,Internet,RoundTrip,23,18,12,S,LTNPRG,USA,1,1,0,14.42,1
3,Internet,OneWay,15,5,2,S,JFKDXB,UAE,1,1,0,10.51,1
1,Internet,RoundTrip,129,9,9,T,LHRBOM,USA,0,0,0,10.58,0
4,Mobile,OneWay,151,19,13,F,LHRBOM,United Kingdom,0,0,1,4.61,0
2,Mobile,RoundTrip,257,2,22,T,AUHBOM,United Kingdom,1,0,0,6.42,1
1,Mobile,RoundTrip,54,14,6,T,CDGSYD,USA,0,1,1,4.51,1
3,Mobile,RoundTrip,286,11,19,S,JFKDXB,United Kingdom,0,0,1,3.03,1
1,Internet,RoundTrip,64,12,9,W,LTNPRG,UAE,1,0,1,7.58,1
4,Mobile,RoundTrip,346,12,20,S,LTNPRG,India,1,1,0,7.97,0
4,Internet,RoundTrip,187,11,1,S,LHRBOM,USA,1,1,1,10.78,1
3,Internet,RoundTrip,280,7,3,F,LTNPRG,India,0,1,1,7.75,0
4,Mobile,RoundTrip,11,10,10,M,LHRBOM,France,0,0,1,14.86,0
2,Mobile,RoundTrip,261,20,18,S,CDGSYD,USA,1,0,1,8.33,0
2,Mobile,RoundTrip,155,2,6,T,CDGSYD,UAE,0,0,0,7.84,0
3,Internet,RoundTrip,183,4,2,S,LHRBOM,USA,1,1,1,5.46,1
2,Internet,RoundTrip,10,2,3,T,JFKDXB,USA,0,0,0,9.99,1
4,Internet,RoundTrip,227,13,6,W,AUHBOM,France,0,0,0,12.56,0
2,Internet,RoundTrip,337,7,8,S,CDGSYD,France,1,0,1,14.57,1
2,Mobile,RoundTrip,363,1,13,M,CDGSYD,USA,1,1,0,3.86,1
3,Mobile,RoundTrip,322,5,17,W,AUHBOM,USA,1,0,1,2.35,1
1,Internet,RoundTrip,262,6,2,S,AUHBOM,India,1,0,1,14.71,0
3,Internet,RoundTrip,78,2,17,S,CDGSYD,UAE,1,1,0,7.42,0
4,Internet,OneWay,135,16,22,T,LTNPRG,France,1,1,0,10.76,1
4,Internet,OneWay,24,1,8,S,LTNPRG,UAE,0,1,1,14.35,0
1,Internet,RoundTrip,82,18,4,S,LHRBOM,France,0,0,1,2.32,0
1,Mobile,RoundTrip,92,20,22,S,LTNPRG,USA,0,1,0,4.23,1
1,Internet,RoundTrip,243,19,20,T,AUHBOM,USA,0,0,1,12.31,1
4,Mobile,RoundTrip,11,5,2,W,JFKDXB,UAE,1,0,1,10.86,1
2,Internet,OneWay,339,5,19,S,JFKDXB,USA,1,1,1,7.81,1
1,Mobile,RoundTrip,268,20,19,T,LHRBOM,France,1,0,1,14.47,1
3,Internet,RoundTrip,245,13,6,F,CDGSYD,India,0,1,1,10.57,1
4,Internet,OneWay,209,11,22,F,JFKDXB,France,1,0,1,2.38,1
1,Internet,OneWay,93,18,4,S,LTNPRG,India,0,1,0,3.32,1
1,Mobile,RoundTrip,198,4,13,S,LHRBOM,France,1,1,0,13.5,1
1,Mobile,RoundTrip,233,9,16,W,LHRBOM,India,0,1,0,14.46,0
1,Internet,OneWay,311,3,1,W,AUHBOM,France,1,0,0,5.19,0
1,Internet,RoundTrip,249,16,21,S,LTNPRG,United Kingdom,0,0,1,4.92,1
1,Internet,RoundTrip,295,5,21,W,AUHBOM,France,1,1,1,2.57,0
3,Mobile,OneWay,167,3,8,F,JFKDXB,USA,1,1,0,3.5,1
1,Internet,RoundTrip,149,8,10,F,LTNPRG,France,0,1,1,5.15,1
3,Internet,RoundTrip,285,12,8,T,LTNPRG,France,1,0,1,13.83,0
2,Internet,RoundTrip,223,5,3,F,LHRBOM,India,0,0,1,3.75,1
3,Internet,RoundTrip,144,19,20,S,CDGSYD,USA,1,1,1,3.0,1
3,Mobile,RoundTrip,161,17,20,T,CDGSYD,UAE,0,1,1,14.73,1
3,Mobile,RoundTrip,203,19,13,T,CDGSYD,France,1,1,1,3.42,1
4,Mobile,RoundTrip,228,8,9,T,LTNPRG,United Kingdom,0,1,0,4.22,0
1,Mobile,OneWay,132,8,15,S,CDGSYD,United Kingdom,0,1,1,8.85,1
3,Mobile,RoundTrip,56,11,11,W,LTNPRG,UAE,0,1,1,5.53,0
2,Internet,RoundTrip,327,19,17,T,LHRBOM,India,0,0,1,7.41,1
3,Mobile,OneWay,110,11,13,W,AUHBOM,UAE,0,1,0,7.42,1
1,Internet,RoundTrip,59,8,4,S,CDGSYD,France,1,0,0,9.47,0
2,Internet,OneWay,92,14,20,M,CDGSYD,France,1,0,1,2.25,1
4,Mobile,RoundTrip,317,3,9,F,LTNPRG,UAE,1,1,0,12.54,1
4,Internet,RoundTrip,61,20,11,F,AUHBOM,France,1,1,0,6.63,0
2,Internet,RoundTrip,254,14,15,T,JFKDXB,UAE,1,1,0,14.95,0
1,Internet,RoundTrip,151,9,20,T,CDGSYD,India,1,0,0,13.12,0
3,Internet,RoundTrip,222,2,9,F,JFKDXB,France,1,0,1,2.23,1
2,Mobile,RoundTrip,265,7,3,M,CDGSYD,France,1,1,0,12.91,0
2,Internet,RoundTrip,81,12,2,T,LHRBOM,UAE,1,1,0,4.62,0
1,Internet,RoundTrip,145,20,14,T,CDGSYD,USA,1,1,1,2.0,0
2,Internet,RoundTrip,288,10,9,M,AUHBOM,France,0,0,1,2.59,1
1,Internet,RoundTrip,358,20,12,M,LHRBOM,India,0,0,1,13.17,1
1,Internet,RoundTrip,311,11,19,F,LTNPRG,UAE,0,1,1,6.58,0
3,Internet,RoundTrip,110,16,7,F,JFKDXB,France,1,1,1,6.29,1
4,Internet,RoundTrip,87,2,14,S,JFKDXB,UAE,1,1,0,12.44,1
1,Internet,OneWay,346,16,4,F,LTNPRG,France,0,1,1,14.91,0
1,Internet,OneWay,250,5,15,M,LHRBOM,India,0,1,1,13.69,0
1,Internet,RoundTrip,71,9,1,T,LHRBOM,USA,1,1,1,14.52,0
3,Mobile,RoundTrip,236,7,4,M,LHRBOM,France,1,1,0,3.15,1
4,Internet,RoundTrip,117,11,6,M,JFKDXB,India,1,0,0,7.31,1
2,Internet,OneWay,57,13,4,T,JFKDXB,UAE,1,0,1,5.17,0
1,Mobile,RoundTrip,60,8,15,M,AUHBOM,UAE,1,1,1,10.03,1
1,Internet,RoundTrip,138,2,9,S,LTNPRG,United Kingdom,1,1,0,14.59,0
3,Internet,OneWay,87,13,6,F,LHRBOM,India,1,1,1,14.56,1
2,Mobile,RoundTrip,286,9,6,F,CDGSYD,UAE,1,1,0,10.64,1
2,Internet,RoundTrip,58,17,16,M,AUHBOM,USA,1,1,1,12.08,0
1,Mobile,RoundTrip,69,14,12,M,LHRBOM,USA,0,1,1,13.35,1
4,Mobile,OneWay,228,8,20,M,JFKDXB,France,0,1,0,7.73,1
2,Mobile,RoundTrip,159,2,11,F,CDGSYD,United Kingdom,0,1,1,9.19,1
3,Mobile,RoundTrip,74,11,15,S,LHRBOM,USA,1,0,0,13.38,0
3,Internet,RoundTrip,26,16,21,F,CDGSYD,UAE,0,1,0,7.09,0
1,Mobile,RoundTrip,31,16,18,T,JFKDXB,USA,0,0,1,6.88,0
1,Internet,OneWay,107,7,17,T,JFKDXB,France,0,0,0,12.83,1
4,Internet,RoundTrip,97,5,13,T,JFKDXB,UAE,0,0,0,13.35,0
4,Internet,RoundTrip,212,2,20,T,CDGSYD,France,1,0,0,11.89,0
2,Internet,OneWay,247,13,21,M,LHRBOM,India,0,1,1,8.08,0
1,Internet,RoundTrip,61,6,2,T,CDGSYD,USA,0,1,0,7.36,1
2,Internet,RoundTrip,157,16,17,T,LTNPRG,USA,1,0,1,3.54,1
4,Internet,OneWay,170,12,0,T,CDGSYD,USA,1,0,0,6.19,1
3,Internet,RoundTrip,57,2,7,S,AUHBOM,France,0,1,0,5.02,1
1,Mobile,RoundTrip,178,14,18,M,LTNPRG,United Kingdom,0,1,0,4.42,0
3,Internet,RoundTrip,24,6,16,S,LTNPRG,India,1,0,0,11.76,0
1,Mobile,RoundTrip,114,18,14,M,LHRBOM,USA,0,0,1,10.58,1
2,Mobile,RoundTrip,266,1,15,T,AUHBOM,United Kingdom,1,0,0,2.89,1
2,Mobile,RoundTrip,90,8,3,S,AUHBOM,India,0,0,1,4.12,1
2,Internet,RoundTrip,257,1,17,T,JFKDXB,France,1,1,0,6.67,1
3,Mobile,RoundTrip,39,13,2,M,AUHBOM,UAE,1,1,0,7.71,0
1,Mobile,RoundTrip,168,10,7,T,LHRBOM,United Kingdom,1,0,0,13.05,0
4,Mobile,OneWay,329,11,1,T,CDGSYD,UAE,0,1,0,2.51,1
3,Mobile,OneWay,193,15,11,F,AUHBOM,India,1,0,0,4.91,0
2,Internet,OneWay,298,18,19,T,LTNPRG,United Kingdom,0,0,1,13.51,0
4,Internet,RoundTrip,88,8,20,F,CDGSYD,India,0,0,1,6.81,1
2,Mobile,RoundTrip,68,12,0,M,LHRBOM,USA,0,0,0,4.9,0
2,Internet,RoundTrip,177,13,22,T,JFKDXB,France,1,1,0,9.58,0
1,Mobile,RoundTrip,91,18,4,M,LHRBOM,USA,0,1,0,14.49,0
4,Internet,OneWay,266,4,8,S,JFKDXB,United Kingdom,1,0,0,14.14,0
4,Internet,RoundTrip,129,11,6,M,CDGSYD,France,0,1,0,8.83,1
1,Internet,RoundTrip,281,17,11,S,LTNPRG,USA,0,1,1,3.35,1
4,Internet,RoundTrip,13,6,0,S,LHRBOM,France,0,1,0,3.91,1
4,Mobile,RoundTrip,124,8,7,F,CDGSYD,UAE,1,1,0,6.08,1
2,Internet,OneWay,89,9,6,S,AUHBOM,United Kingdom,0,0,0,13.2,0
4,Mobile,RoundTrip,248,15,16,S,CDGSYD,India,1,0,1,12.39,1
3,Internet,RoundTrip,75,14,19,S,CDGSYD,UAE,0,1,1,14.69,1
3,Mobile,RoundTrip,178,3,0,W,AUHBOM,India,0,1,0,8.58,1
1,Internet,RoundTrip,132,5,9,S,LHRBOM,France,0,0,1,9.54,0
1,Internet,RoundTrip,270,17,21,W,JFKDXB,UAE,1,1,1,6.11,1
3,Internet,RoundTrip,135,14,21,M,CDGSYD,UAE,1,1,0,8.65,1
2,Internet,OneWay,252,11,12,W,LTNPRG,France,0,1,0,11.41,1
4,Mobile,OneWay,33,9,17,S,JFKDXB,France,0,0,0,2.52,0
1,Mobile,RoundTrip,274,20,6,T,JFKDXB,USA,1,0,0,13.53,1
4,Internet,OneWay,233,18,18,F,AUHBOM,United Kingdom,0,1,0,9.97,1
3,Internet,RoundTrip,61,9,0,M,AUHBOM,France,1,1,0,6.07,0
4,Internet,RoundTrip,40,8,11,T,JFKDXB,United Kingdom,1,0,1,6.2,1
4,Internet,RoundTrip,118,18,12,S,AUHBOM,France,1,0,0,14.89,0
4,Internet,OneWay,360,7,3,S,AUHBOM,USA,1,0,0,5.88,1
2,Internet,OneWay,97,9,13,S,JFKDXB,India,1,0,0,9.27,1
3,Internet,RoundTrip,173,19,21,S,JFKDXB,United Kingdom,0,0,1,6.68,0
1,Mobile,RoundTrip,163,3,15,T,LHRBOM,United Kingdom,1,1,0,9.2,1
2,Internet,OneWay,108,15,3,M,AUHBOM,United Kingdom,0,1,0,7.51,1
2,Internet,RoundTrip,170,14,12,F,AUHBOM,UAE,1,1,0,8.35,1
2,Internet,RoundTrip,64,8,16,T,CDGSYD,India,1,1,1,3.04,0
3,Internet,RoundTrip,243,4,11,T,LHRBOM,UAE,0,0,0,2.83,1
1,Internet,RoundTrip,59,18,3,F,LHRBOM,USA,1,0,0,13.09,0
3,Internet,RoundTrip,208,16,6,M,AUHBOM,United Kingdom,1,1,1,13.04,0
2,Internet,RoundTrip,116,18,10,T,LHRBOM,USA,1,0,1,14.72,1
1,Mobile,OneWay,212,7,4,T,AUHBOM,United Kingdom,0,0,0,9.98,0
3,Mobile,RoundTrip,200,20,9,T,AUHBOM,India,0,0,0,5.93,0
4,Mobile,RoundTrip,231,16,5,F,CDGSYD,United Kingdom,1,0,1,13.38,1
3,Internet,RoundTrip,221,5,3,S,AUHBOM,France,1,0,1,14.32,1
1,Internet,RoundTrip,100,10,8,F,CDGSYD,India,0,1,1,5.81,1
3,Internet,RoundTrip,215,7,0,M,LHRBOM,UAE,1,1,0,7.41,1
3,Internet,RoundTrip,83,11,17,F,JFKDXB,United Kingdom,0,0,1,8.58,0
3,Mobile,RoundTrip,142,4,0,S,LTNPRG,UAE,1,1,1,7.63,0
2,Mobile,OneWay,79,15,2,S,LTNPRG,UAE,0,1,1,9.59,1
1,Internet,RoundTrip,195,10,6,T,AUHBOM,United Kingdom,1,0,1,13.74,1
1,Internet,RoundTrip,284,14,14,T,AUHBOM,India,0,0,0,13.9,0
2,Internet,OneWay,221,13,10,T,LHRBOM,United Kingdom,1,1,1,3.34,0
3,Internet,RoundTrip,36,14,0,T,JFKDXB,United Kingdom,1,0,1,11.31,1
3,Mobile,RoundTrip,28,16,7,S,LTNPRG,United Kingdom,0,1,1,3.67,0
3,Internet,OneWay,116,14,0,M,JFKDXB,United Kingdom,0,0,1,6.24,1
2,Internet,RoundTrip,215,11,9,T,JFKDXB,France,0,1,0,7.17,1
2,Internet,RoundTrip,103,12,6,S,AUHBOM,USA,1,1,1,13.82,1
1,Internet,RoundTrip,363,13,20,S,CDGSYD,USA,0,1,1,6.72,0
4,Internet,OneWay,216,17,8,T,LTNPRG,France,0,0,1,9.82,0
2,Mobile,RoundTrip,326,10,13,T,LTNPRG,India,1,1,0,10.24,0
3,Internet,OneWay,337,7,4,W,CDGSYD,UAE,0,1,0,6.69,1
2,Internet,RoundTrip,35,6,11,F,LTNPRG,India,1,1,0,11.08,1
2,Internet,RoundTrip,320,4,20,S,CDGSYD,India,0,0,1,8.85,1
1,Internet,OneWay,19,13,0,F,LHRBOM,United Kingdom,0,0,1,6.21,0
4,Internet,OneWay,39,15,7,W,LTNPRG,UAE,1,0,0,7.93,0
1,Internet,RoundTrip,197,7,8,S,CDGSYD,India,1,1,0,4.65,1
4,Internet,RoundTrip,197,11,10,W,LTNPRG,India,0,1,0,2.44,1
1,Internet,RoundTrip,237,8,9,M,JFKDXB,UAE,0,0,0,6.74,1
1,Mobile,RoundTrip,14,19,22,T,JFKDXB,United Kingdom,1,1,0,13.92,0
4,Mobile,RoundTrip,40,19,3,F,AUHBOM,UAE,1,1,1,6.94,0
4,Mobile,RoundTrip,289,20,5,T,JFKDXB,India,0,1,0,13.52,0
4,Internet,OneWay,216,18,10,S,JFKDXB,UAE,1,0,1,3.06,0
4,Mobile,RoundTrip,137,18,14,F,LTNPRG,India,0,1,1,8.12,1
2,Internet,RoundTrip,67,12,1,F,AUHBOM,UAE,1,1,1,5.83,0
1,Internet,RoundTrip,79,11,17,S,AUHBOM,UAE,1,0,0,7.42,0
3,Internet,RoundTrip,112,7,12,S,AUHBOM,France,0,0,1,11.08,0
3,Internet,RoundTrip,177,16,6,T,AUHBOM,France,0,0,0,6.02,0
3,Mobile,RoundTrip,297,7,8,F,LHRBOM,USA,0,0,0,3.8,0
1,Internet,RoundTrip,159,7,1,F,LTNPRG,India,1,1,0,2.53,0
1,Internet,RoundTrip,160,19,15,S,LHRBOM,France,1,1,1,5.91,0
3,Mobile,RoundTrip,344,1,18,M,LHRBOM,United Kingdom,0,0,0,11.32,1
4,Internet,OneWay,34,3,22,T,CDGSYD,United Kingdom,0,1,0,8.1,1
4,Mobile,RoundTrip,13,16,6,S,LHRBOM,USA,1,0,1,14.83,1
3,Mobile,RoundTrip,362,14,6,S,LTNPRG,France,0,0,1,4.97,0
2,Mobile,RoundTrip,346,16,7,T,JFKDXB,United Kingdom,0,1,0,13.86,0
2,Mobile,RoundTrip,147,10,3,S,LHRBOM,India,0,1,1,12.7,1
3,Internet,OneWay,86,1,9,M,AUHBOM,United Kingdom,1,1,0,12.08,1
3,Internet,RoundTrip,45,6,2,F,CDGSYD,France,0,1,0,11.05,0
1,Mobile,OneWay,53,18,0,W,LTNPRG,UAE,0,0,1,2.27,0
2,Mobile,RoundTrip,325,14,7,F,LHRBOM,France,1,0,0,12.01,1
3,Internet,OneWay,271,18,19,S,AUHBOM,USA,1,1,1,4.7,1
4,Internet,RoundTrip,308,1,22,T,JFKDXB,United Kingdom,0,0,0,5.9,0
4,Internet,RoundTrip,191,7,19,T,JFKDXB,France,0,0,1,4.87,0
4,Internet,RoundTrip,240,14,22,S,LTNPRG,France,0,1,0,7.59,1
1,Internet,RoundTrip,327,1,20,W,LHRBOM,USA,1,1,1,4.79,0
2,Mobile,RoundTrip,131,9,15,T,JFKDXB,France,0,0,1,13.09,1
3,Mobile,RoundTrip,198,18,4,T,AUHBOM,France,1,0,1,10.84,0
4,Internet,RoundTrip,105,4,18,S,JFKDXB,India,1,0,0,10.37,0
2,Internet,OneWay,184,2,22,S,CDGSYD,India,0,1,1,11.63,1
4,Internet,RoundTrip,78,13,11,W,CDGSYD,France,1,0,0,6.12,0
3,Internet,RoundTrip,76,5,15,T,CDGSYD,United Kingdom,1,0,0,9.19,1
3,Internet,RoundTrip,131,4,8,T,JFKDXB,India,1,0,1,10.36,0
3,Internet,OneWay,346,11,13,S,LTNPRG,India,0,0,1,9.32,1
4,Internet,RoundTrip,99,13,0,F,LTNPRG,United Kingdom,0,1,0,9.53,0
3,Internet,RoundTrip,242,17,16,M,LHRBOM,USA,0,0,1,2.8,0
3,Internet,RoundTrip,209,3,11,S,JFKDXB,USA,0,1,0,7.92,0
2,Internet,RoundTrip,219,16,17,T,JFKDXB,United Kingdom,1,1,1,9.52,1
2,Internet,RoundTrip,48,14,8,M,LTNPRG,France,0,1,0,3.41,1
3,Internet,RoundTrip,288,14,9,T,LHRBOM,India,1,1,1,4.37,0
4,Internet,OneWay,286,5,3,M,LHRBOM,United Kingdom,0,1,1,9.39,1
3,Internet,OneWay,37,17,13,T,JFKDXB,United Kingdom,0,0,0,4.27,1
4,Internet,RoundTrip,144,3,21,S,CDGSYD,UAE,1,0,1,8.65,1
3,Internet,RoundTrip,316,14,13,T,CDGSYD,UAE,1,1,0,4.87,1
2,Mobile,OneWay,87,3,20,T,JFKDXB,India,1,1,0,4.3,1
3,Internet,RoundTrip,183,13,0,W,LHRBOM,India,0,1,0,12.31,0
3,Internet,RoundTrip,302,10,16,S,CDGSYD,USA,0,0,0,12.53,1
4,Internet,RoundTrip,293,4,0,T,LTNPRG,USA,1,0,1,6.29,0
2,Mobile,RoundTrip,141,4,9,S,JFKDXB,India,1,1,1,6.2,1
1,Mobile,RoundTrip,260,9,10,W,CDGSYD,UAE,1,1,0,7.37,1
1,Internet,RoundTrip,339,8,10,W,CDGSYD,USA,1,1,1,4.59,1
1,Internet,RoundTrip,165,10,12,F,JFKDXB,United Kingdom,0,0,0,9.15,1
3,Internet,RoundTrip,355,9,17,S,CDGSYD,France,0,0,1,14.63,1
4,Internet,RoundTrip,281,1,16,T,LHRBOM,India,1,0,1,11.9,1
3,Internet,RoundTrip,236,9,1,F,LHRBOM,USA,1,0,0,5.63,0
1,Internet,OneWay,263,9,17,W,AUHBOM,United Kingdom,0,0,0,6.57,1
2,Mobile,OneWay,69,8,9,S,JFKDXB,United Kingdom,0,0,0,4.52,1
4,Mobile,OneWay,2,5,13,S,JFKDXB,United Kingdom,1,1,1,11.1,1
1,Internet,OneWay,302,4,21,S,LHRBOM,UAE,0,1,1,6.4,0
3,Mobile,RoundTrip,259,2,6,F,CDGSYD,USA,0,1,1,13.38,0
2,Internet,RoundTrip,342,13,13,T,CDGSYD,France,0,0,1,11.39,1
4,Internet,RoundTrip,186,11,14,F,AUHBOM,USA,0,1,1,6.67,1
3,Mobile,RoundTrip,141,17,11,F,LTNPRG,India,1,0,0,7.0,0
3,Internet,RoundTrip,306,5,5,T,CDGSYD,India,0,1,0,3.73,1
3,Internet,RoundTrip,343,9,17,S,LTNPRG,United Kingdom,1,0,0,8.11,0
4,Internet,OneWay,295,4,18,S,AUHBOM,United Kingdom,0,0,0,14.13,1
3,Internet,RoundTrip,302,19,21,T,LTNPRG,France,1,0,0,10.3,1
3,Internet,RoundTrip,63,16,9,M,LTNPRG,France,0,1,1,8.28,1
4,Internet,OneWay,317,3,3,S,AUHBOM,France,0,0,1,7.3,0
3,Internet,RoundTrip,8,17,20,T,JFKDXB,France,1,1,1,9.96,0
3,Internet,OneWay,275,19,14,S,JFKDXB,USA,1,0,0,13.79,1
2,Internet,RoundTrip,72,14,2,W,CDGSYD,France,1,0,0,7.15,1
2,Mobile,OneWay,15,20,17,S,LTNPRG,United Kingdom,1,1,0,9.98,0
1,Internet,OneWay,270,4,16,S,LHRBOM,United Kingdom,0,0,1,14.76,1
3,Internet,RoundTrip,124,6,19,M,JFKDXB,France,0,0,1,9.74,0
2,Mobile,RoundTrip,318,13,9,M,JFKDXB,United Kingdom,0,0,1,11.0,0
4,Mobile,OneWay,103,11,10,F,LTNPRG,UAE,1,0,0,13.43,1
4,Internet,RoundTrip,256,15,2,T,JFKDXB,India,0,1,1,7.93,1
4,Mobile,RoundTrip,235,20,9,F,LHRBOM,India,1,0,1,2.78,0
2,Mobile,RoundTrip,299,5,12,M,CDGSYD,UAE,1,1,1,7.69,1
3,Internet,RoundTrip,314,18,19,S,LTNPRG,France,1,1,1,3.72,1
4,Mobile,RoundTrip,214,3,4,T,CDGSYD,UAE,1,0,1,13.55,0
3,Mobile,OneWay,126,10,1,M,LTNPRG,USA,1,1,1,12.32,0
3,Internet,RoundTrip,185,9,6,W,CDGSYD,USA,1,0,0,11.93,0
2,Internet,RoundTrip,220,17,4,S,JFKDXB,United Kingdom,0,0,0,7.41,0
2,Mobile,RoundTrip,354,9,10,M,AUHBOM,France,0,1,0,11.79,1
3,Mobile,RoundTrip,63,17,16,T,CDGSYD,UAE,0,0,0,9.52,1
4,Internet,RoundTrip,30,4,8,S,LHRBOM,USA,1,0,1,3.38,0
1,Mobile,RoundTrip,170,20,7,T,LTNPRG,USA,0,1,0,4.01,0
1,Mobile,RoundTrip,154,4,8,M,AUHBOM,United Kingdom,0,1,0,12.74,1
1,Mobile,RoundTrip,328,12,22,T,AUHBOM,France,0,1,0,13.4,1
3,Mobile,RoundTrip,102,10,9,F,LTNPRG,United Kingdom,1,1,0,10.37,0
2,Internet,RoundTrip,54,2,16,F,LHRBOM,India,0,0,1,5.22,0
2,Internet,OneWay,45,11,0,T,AUHBOM,UAE,1,1,0,13.76,1
4,Internet,OneWay,326,18,2,W,CDGSYD,UAE,0,0,1,13.38,0
1,Internet,OneWay,221,11,8,M,AUHBOM,United Kingdom,0,0,1,11.2,1
1,Internet,OneWay,356,15,12,F,AUHBOM,United Kingdom,0,1,0,11.92,0
1,Mobile,RoundTrip,96,20,9,T,AUHBOM,United Kingdom,1,1,1,3.42,1
2,Mobile,OneWay,30,7,6,F,JFKDXB,USA,1,1,0,11.83,1
3,Internet,RoundTrip,169,1,13,W,AUHBOM,United Kingdom,1,1,0,13.39,1
1,Mobile,OneWay,63,14,5,S,LTNPRG,India,1,1,1,10.82,0
1,Internet,RoundTrip,50,16,11,M,AUHBOM,UAE,0,0,1,14.13,1
1,Internet,RoundTrip,322,3,2,T,LHRBOM,United Kingdom,1,0,0,3.18,0
4,Internet,RoundTrip,142,8,3,M,LTNPRG,United Kingdom,0,1,0,4.05,0
1,Internet,RoundTrip,26,8,20,S,CDGSYD,France,1,1,0,14.86,0
3,Internet,RoundTrip,73,16,13,W,AUHBOM,France,0,0,0,13.43,1
3,Mobile,RoundTrip,134,18,7,M,AUHBOM,USA,0,0,1,5.37,0
1,Internet,OneWay,327,15,0,S,LTNPRG,India,0,1,0,14.09,0
3,Internet,RoundTrip,233,6,17,S,AUHBOM,UAE,0,0,1,2.67,0
2,Internet,RoundTrip,191,13,7,S,AUHBOM,France,0,1,0,7.89,1
3,Internet,RoundTrip,213,6,10,T,AUHBOM,India,0,0,0,4.52,0
1,Mobile,RoundTrip,292,13,14,M,LHRBOM,USA,0,1,0,14.01,1
3,Mobile,RoundTrip,71,20,1,W,AUHBOM,USA,0,0,0,14.95,0
4,Internet,RoundTrip,177,14,14,T,JFKDXB,India,0,1,0,3.44,1
1,Internet,RoundTrip,141,16,22,S,LHRBOM,UAE,1,0,0,13.48,1
3,Internet,RoundTrip,16,15,4,W,JFKDXB,India,1,1,0,2.85,1
3,Internet,RoundTrip,201,10,21,T,JFKDXB,France,1,1,0,14.2,0
1,Internet,RoundTrip,253,3,7,F,JFKDXB,USA,1,1,1,13.97,1
3,Internet,OneWay,243,20,0,T,CDGSYD,USA,0,0,1,12.4,1
3,Internet,OneWay,18,8,10,T,CDGSYD,UAE,0,1,1,2.35,1
2,Internet,RoundTrip,144,18,4,T,AUHBOM,UAE,1,0,1,5.48,0
2,Internet,RoundTrip,144,17,9,T,CDGSYD,India,1,1,0,8.96,0
3,Internet,OneWay,57,14,3,M,LTNPRG,United Kingdom,1,0,0,7.82,1
3,Internet,RoundTrip,200,11,15,F,LHRBOM,United Kingdom,0,1,0,7.73,1
4,Internet,RoundTrip,194,6,8,T,CDGSYD,India,0,0,0,10.97,1
1,Internet,RoundTrip,284,3,17,F,LHRBOM,USA,0,1,1,3.9,0
4,Internet,RoundTrip,278,18,4,W,LTNPRG,UAE,1,0,0,10.22,0
1,Internet,OneWay,328,20,0,T,JFKDXB,UAE,1,0,1,3.94,0
3,Mobile,OneWay,155,14,7,S,LHRBOM,USA,0,1,1,5.44,1
2,Mobile,RoundTrip,75,20,17,F,JFKDXB,United Kingdom,0,1,1,9.69,0
1,Internet,RoundTrip,198,5,22,W,CDGSYD,United Kingdom,1,0,0,10.97,1
3,Mobile,OneWay,242,11,20,M,CDGSYD,USA,0,0,1,5.0,1
3,Mobile,RoundTrip,122,4,0,S,JFKDXB,India,1,1,1,6.03,0
3,Internet,RoundTrip,172,11,21,W,CDGSYD,United Kingdom,0,0,0,11.91,1
2,Internet,RoundTrip,335,18,9,M,LHRBOM,USA,1,0,1,9.51,0
2,Internet,OneWay,280,6,1,F,LTNPRG,France,1,1,0,6.04,0
3,Internet,RoundTrip,222,9,5,S,AUHBOM,UAE,1,0,0,9.13,0
1,Mobile,RoundTrip,343,11,20,F,CDGSYD,USA,0,1,1,3.69,0
4,Internet,RoundTrip,6,10,13,S,AUHBOM,USA,1,1,0,7.47,1
3,Internet,RoundTrip,195,20,3,T,AUHBOM,USA,0,0,0,12.24,0
4,Internet,RoundTrip,97,9,18,S,JFKDXB,India,0,1,0,13.44,1
1,Internet,OneWay,105,6,7,W,AUHBOM,United Kingdom,0,0,0,2.1,0
3,Internet,OneWay,286,7,2,T,AUHBOM,United Kingdom,0,1,0,11.12,1
3,Internet,RoundTrip,291,7,8,T,LTNPRG,India,1,0,1,2.14,1
4,Internet,RoundTrip,177,7,17,F,CDGSYD,India,1,0,1,11.68,1
2,Mobile,OneWay,192,18,6,S,AUHBOM,United Kingdom,1,1,0,13.04,0
4,Internet,RoundTrip,219,11,3,S,LTNPRG,UAE,1,0,1,14.0,1
1,Internet,RoundTrip,322,8,6,W,LTNPRG,UAE,0,0,1,3.22,1
4,Mobile,RoundTrip,8,3,18,W,JFKDXB,France,0,0,1,2.15,0
3,Internet,RoundTrip,207,20,3,S,LTNPRG,USA,1,1,1,6.79,1
4,Internet,RoundTrip,25,4,10,W,LTNPRG,France,1,0,1,5.31,1
1,Mobile,RoundTrip,342,7,15,S,JFKDXB,UAE,1,0,0,7.35,1
2,Internet,RoundTrip,87,14,1,T,JFKDXB,France,1,0,1,4.16,0
3,Internet,RoundTrip,7,1,13,T,LHRBOM,USA,0,1,1,12.02,1
3,Internet,RoundTrip,295,7,17,S,AUHBOM,United Kingdom,1,0,1,10.51,0
1,Internet,RoundTrip,269,20,14,S,AUHBOM,India,1,0,1,7.13,0
3,Internet,RoundTrip,329,1,4,S,LTNPRG,UAE,1,1,1,11.14,1
2,Internet,RoundTrip,127,5,11,M,AUHBOM,France,0,0,1,6.47,1
1,Internet,OneWay,101,2,20,M,CDGSYD,India,0,0,0,9.42,0
3,Internet,OneWay,244,14,5,M,JFKDXB,India,0,0,0,7.88,1
3,Internet,RoundTrip,345,1,3,T,LHRBOM,France,1,1,1,6.32,0
1,Internet,RoundTrip,344,1,13,W,LHRBOM,UAE,0,1,0,2.76,1
4,Internet,OneWay,146,10,9,T,AUHBOM,USA,1,1,1,6.1,0
3,Mobile,RoundTrip,239,15,15,F,LTNPRG,France,1,1,0,8.06,1
2,Internet,OneWay,302,19,13,T,LHRBOM,India,1,0,1,5.93,0
4,Internet,RoundTrip,272,5,1,S,AUHBOM,India,0,1,0,14.63,1
4,Internet,RoundTrip,219,12,16,W,CDGSYD,UAE,1,1,0,4.42,0
4,Internet,RoundTrip,58,17,22,T,JFKDXB,UAE,1,1,1,7.03,1
4,Internet,RoundTrip,230,15,3,M,AUHBOM,France,0,1,1,10.91,0
1,Mobile,OneWay,63,20,13,M,JFKDXB,India,0,1,1,5.5,1
1,Internet,RoundTrip,165,2,8,T,JFKDXB,UAE,1,1,1,8.58,0
1,Internet,RoundTrip,209,1,14,T,AUHBOM,India,0,0,1,11.35,1
4,Internet,RoundTrip,10,14,13,M,CDGSYD,United Kingdom,1,1,0,14.49,0
2,Mobile,OneWay,157,8,13,T,JFKDXB,UAE,1,1,0,9.04,0
2,Internet,OneWay,115,15,3,F,CDGSYD,France,0,0,1,11.48,1
4,Internet,RoundTrip,41,15,15,F,LTNPRG,USA,1,1,1,12.5,1
1,Mobile,RoundTrip,236,9,15,S,JFKDXB,France,1,1,0,6.52,0
2,Mobile,RoundTrip,266,20,15,F,AUHBOM,France,0,1,0,7.96,1
2,Internet,RoundTrip,326,18,4,M,JFKDXB,United Kingdom,0,1,0,13.26,1
2,Mobile,OneWay,255,8,18,S,LTNPRG,India,1,1,0,10.31,1
3,Mobile,OneWay,67,1,4,S,AUHBOM,United Kingdom,1,0,1,2.23,1
3,Internet,OneWay,34,20,3,T,LTNPRG,United Kingdom,1,1,0,13.67,1
2,Mobile,RoundTrip,300,20,7,S,AUHBOM,UAE,0,1,1,7.25,1
1,Internet,OneWay,18,18,3,T,LHRBOM,United Kingdom,1,1,1,11.33,0
3,Internet,OneWay,139,2,7,W,JFKDXB,France,0,0,0,6.45,1
3,Internet,RoundTrip,138,15,5,T,JFKDXB,India,1,0,0,8.85,1
3,Mobile,OneWay,67,20,1,S,LTNPRG,France,0,0,1,8.32,1
2,Internet,RoundTrip,231,8,22,F,AUHBOM,UAE,1,0,0,2.88,1
4,Internet,RoundTrip,281,16,15,T,AUHBOM,India,1,0,1,7.12,1
3,Internet,RoundTrip,326,11,8,S,CDGSYD,UAE,0,0,0,5.23,1
4,Internet,RoundTrip,171,10,8,S,JFKDXB,India,0,0,1,9.78,0
3,Mobile,RoundTrip,159,15,7,T,LHRBOM,India,0,0,0,14.47,1
2,Mobile,RoundTrip,74,12,17,T,CDGSYD,United Kingdom,1,0,1,12.13,0
2,Internet,RoundTrip,31,14,5,T,LTNPRG,USA,0,1,0,13.87,0
3,Mobile,RoundTrip,306,5,2,F,CDGSYD,UAE,1,0,0,8.4,1
3,Mobile,RoundTrip,306,6,11,T,JFKDXB,United Kingdom,0,0,0,2.66,1
3,Internet,RoundTrip,358,13,5,M,CDGSYD,France,0,0,1,5.18,0
3,Internet,OneWay,46,12,20,S,AUHBOM,USA,1,0,1,8.25,1
2,Internet,RoundTrip,154,8,8,F,JFKDXB,United Kingdom,0,0,1,6.67,0
1,Internet,OneWay,233,17,15,F,JFKDXB,United Kingdom,0,1,1,7.98,0
2,Internet,OneWay,321,7,9,T,LHRBOM,United Kingdom,1,1,1,13.33,0
4,Internet,RoundTrip,151,10,4,S,LTNPRG,India,0,1,0,2.17,0
3,Mobile,RoundTrip,51,7,7,W,JFKDXB,USA,1,0,0,4.75,1
4,Internet,RoundTrip,332,12,19,M,JFKDXB,USA,1,0,0,14.58,0
3,Mobile,OneWay,31,12,1,S,LTNPRG,United Kingdom,0,0,1,9.85,1
4,Mobile,RoundTrip,257,7,21,T,CDGSYD,UAE,0,1,1,6.78,0
1,Internet,OneWay,134,16,0,S,LHRBOM,United Kingdom,0,1,0,4.63,0
3,Internet,RoundTrip,1,4,16,T,AUHBOM,France,0,0,1,7.58,0
1,Mobile,RoundTrip,192,16,15,W,JFKDXB,United Kingdom,1,1,1,12.52,1
1,Mobile,RoundTrip,136,2,13,T,JFKDXB,USA,0,1,1,14.75,0
1,Internet,OneWay,159,6,1,T,LHRBOM,UAE,1,1,0,5.43,0
2,Internet,OneWay,66,9,15,W,JFKDXB,France,1,0,0,12.47,0
1,Internet,OneWay,245,9,1,T,CDGSYD,UAE,0,0,0,2.5,1
2,Mobile,RoundTrip,104,13,16,W,AUHBOM,UAE,0,1,1,11.77,0
1,Mobile,RoundTrip,56,19,17,W,CDGSYD,India,1,1,0,12.95,1
1,Internet,OneWay,146,16,19,T,LTNPRG,France,0,0,0,5.97,1
2,Internet,RoundTrip,69,11,8,S,CDGSYD,India,0,0,1,11.18,1
2,Internet,RoundTrip,198,2,15,W,JFKDXB,India,0,1,1,14.51,0
2,Mobile,RoundTrip,194,20,4,F,AUHBOM,UAE,0,1,0,10.63,1
2,Mobile,RoundTrip,291,7,12,M,JFKDXB,UAE,1,0,0,9.71,0
2,Mobile,RoundTrip,357,13,16,M,CDGSYD,France,1,1,1,3.08,1
1,Internet,OneWay,32,17,4,F,JFKDXB,USA,1,1,1,4.83,0
2,Internet,RoundTrip,14,14,19,F,AUHBOM,France,1,1,0,5.54,1
4,Internet,OneWay,161,3,8,S,LTNPRG,France,0,0,0,4.16,1
1,Internet,RoundTrip,25,6,21,T,AUHBOM,India,1,1,1,3.2,1
1,Internet,OneWay,310,20,1,W,AUHBOM,France,1,1,0,13.45,1
4,Mobile,RoundTrip,295,16,5,M,LTNPRG,United Kingdom,0,0,0,4.55,0
3,Internet,RoundTrip,158,13,16,S,JFKDXB,UAE,0,0,1,13.22,1
2,Internet,OneWay,350,9,4,T,JFKDXB,India,1,1,0,14.18,1
4,Mobile,RoundTrip,190,19,22,S,JFKDXB,United Kingdom,0,0,0,7.4,0
2,Internet,RoundTrip,199,15,21,T,LHRBOM,United Kingdom,1,0,0,5.67,1
3,Internet,RoundTrip,284,15,2,T,CDGSYD,India,0,1,1,12.39,1
3,Mobile,RoundTrip,201,19,19,M,LTNPRG,United Kingdom,0,1,1,14.72,1
1,Internet,RoundTrip,260,20,10,S,AUHBOM,France,0,0,0,3.91,1
4,Internet,RoundTrip,88,18,19,W,LTNPRG,India,0,1,1,6.39,1
3,Internet,RoundTrip,186,14,16,T,LHRBOM,France,0,0,1,12.0,0
1,Mobile,RoundTrip,295,5,7,M,CDGSYD,USA,0,1,0,2.07,1
4,Internet,RoundTrip,353,6,0,T,JFKDXB,UAE,1,0,1,6.93,0
3,Internet,RoundTrip,70,4,7,W,LHRBOM,USA,1,1,0,3.6,1
4,Internet,OneWay,14,17,10,M,LTNPRG,United Kingdom,0,0,1,12.59,1
4,Internet,OneWay,217,7,12,S,LTNPRG,India,1,0,1,5.36,1
2,Mobile,RoundTrip,20,5,18,W,LHRBOM,USA,1,1,1,10.04,1
4,Internet,RoundTrip,249,15,18,S,LTNPRG,India,0,0,0,9.47,0
1,Internet,OneWay,156,12,6,T,LHRBOM,UAE,1,0,0,14.08,0
2,Internet,OneWay,292,5,4,M,AUHBOM,France,1,1,1,3.02,0
3,Internet,RoundTrip,58,8,15,S,JFKDXB,UAE,1,1,1,8.25,0
3,Internet,RoundTrip,17,10,17,T,CDGSYD,UAE,1,1,0,13.63,1
1,Internet,RoundTrip,79,16,13,S,CDGSYD,USA,1,0,1,8.88,0
1,Internet,RoundTrip,24,1,14,F,CDGSYD,UAE,1,0,1,14.49,0
4,Internet,RoundTrip,55,16,16,T,CDGSYD,UAE,0,1,1,5.13,1
4,Mobile,RoundTrip,276,2,9,F,CDGSYD,United Kingdom,1,1,1,8.24,1
3,Mobile,RoundTrip,253,18,5,T,LTNPRG,USA,1,0,1,12.44,0
3,Internet,OneWay,227,3,18,W,AUHBOM,United Kingdom,1,0,1,7.81,0
4,Internet,RoundTrip,154,5,3,S,AUHBOM,France,1,1,1,5.26,1
1,Internet,OneWay,82,8,1,M,JFKDXB,United Kingdom,1,0,1,3.43,0
4,Internet,OneWay,304,20,0,S,LHRBOM,United Kingdom,0,1,0,13.02,0
1,Internet,RoundTrip,319,8,9,F,AUHBOM,France,1,1,1,3.85,0
3,Mobile,RoundTrip,92,17,11,T,JFKDXB,India,0,0,0,3.74,1
2,Mobile,OneWay,327,6,12,F,LTNPRG,USA,0,1,1,7.03,1
4,Internet,RoundTrip,227,8,4,S,CDGSYD,USA,1,0,1,14.08,1
1,Mobile,RoundTrip,126,11,9,W,JFKDXB,UAE,1,1,0,9.52,0
3,Internet,RoundTrip,78,3,14,T,CDGSYD,India,0,0,0,6.72,0
1,Internet,RoundTrip,215,1,6,W,LHRBOM,India,0,0,1,13.93,0
1,Internet,RoundTrip,6,7,12,M,CDGSYD,France,1,1,0,5.68,1
2,Internet,OneWay,116,16,6,M,LTNPRG,France,1,1,1,2.33,1
4,Mobile,RoundTrip,251,3,19,T,LHRBOM,United Kingdom,1,1,0,6.66,1
2,Internet,OneWay,181,17,10,F,LHRBOM,USA,0,0,0,10.19,0
3,Internet,RoundTrip,53,13,18,S,LHRBOM,France,0,0,1,13.61,1
3,Internet,OneWay,58,6,7,M,AUHBOM,India,1,1,0,10.1,1
4,Mobile,OneWay,253,3,8,M,LHRBOM,India,0,0,1,9.6,1
2,Internet,RoundTrip,305,12,17,S,AUHBOM,USA,1,0,0,11.37,0
1,Internet,OneWay,252,9,6,S,JFKDXB,UAE,1,0,1,4.71,1
4,Internet,OneWay,58,3,16,T,AUHBOM,UAE,1,1,0,13.54,0
2,Mobile,RoundTrip,244,14,1,S,LTNPRG,USA,1,0,0,9.67,1
1,Internet,OneWay,101,17,19,T,LHRBOM,France,1,0,1,8.9,1
4,Internet,RoundTrip,216,10,17,M,AUHBOM,USA,0,0,0,10.33,0
4,Mobile,RoundTrip,215,10,12,S,AUHBOM,USA,0,1,0,3.26,1
1,Internet,RoundTrip,323,18,11,W,LTNPRG,United Kingdom,0,1,1,10.2,1
4,Internet,RoundTrip,301,8,8,W,JFKDXB,United Kingdom,0,1,0,3.55,0
3,Internet,RoundTrip,28,5,7,T,CDGSYD,France,0,1,1,8.51,1
2,Internet,RoundTrip,1,17,7,F,LTNPRG,USA,1,0,0,12.69,1
3,Internet,OneWay,340,11,16,M,JFKDXB,United Kingdom,1,0,1,3.9,0
1,Internet,RoundTrip,112,19,4,F,AUHBOM,UAE,0,0,1,7.23,1
1,Internet,OneWay,25,19,6,F,AUHBOM,UAE,0,1,0,10.2,1
1,Internet,RoundTrip,70,17,8,S,LHRBOM,USA,0,0,0,10.42,1
1,Internet,RoundTrip,181,8,10,S,LHRBOM,India,0,0,1,4.12,1
3,Mobile,OneWay,324,15,6,S,JFKDXB,United Kingdom,1,1,0,6.33,1
4,Internet,RoundTrip,337,10,10,F,LTNPRG,USA,0,1,1,2.22,1
2,Internet,RoundTrip,239,16,18,S,CDGSYD,United Kingdom,1,1,0,12.35,1
1,Internet,OneWay,98,19,6,T,LTNPRG,USA,0,0,1,12.57,1
2,Mobile,RoundTrip,260,15,3,M,CDGSYD,France,0,1,0,8.93,1
3,Internet,RoundTrip,305,10,18,S,JFKDXB,USA,0,0,0,14.71,0
4,Internet,RoundTrip,150,20,6,S,CDGSYD,France,0,1,0,3.43,0
3,Internet,RoundTrip,216,18,16,S,LHRBOM,India,0,0,1,10.3,1
2,Internet,RoundTrip,179,5,21,S,AUHBOM,UAE,0,1,1,4.61,0
3,Mobile,RoundTrip,314,19,11,S,CDGSYD,India,0,0,0,6.53,0
1,Mobile,RoundTrip,223,10,12,F,AUHBOM,USA,1,0,0,2.58,1
2,Mobile,RoundTrip,18,6,15,M,AUHBOM,India,0,1,1,3.8,1
3,Internet,RoundTrip,318,6,2,S,CDGSYD,United Kingdom,0,1,0,6.75,0
1,Internet,RoundTrip,203,16,2,M,JFKDXB,UAE,0,0,1,9.42,1
1,Internet,OneWay,157,8,4,T,LTNPRG,India,0,0,1,8.32,1
4,Mobile,OneWay,69,14,9,F,CDGSYD,UAE,1,0,0,14.7,0
1,Mobile,RoundTrip,255,9,19,S,CDGSYD,France,0,1,0,12.4,0
1,Mobile,OneWay,7,20,13,T,JFKDXB,France,0,1,0,2.69,0
3,Internet,OneWay,64,3,19,T,LTNPRG,USA,0,1,0,2.35,0
2,Mobile,RoundTrip,251,12,9,T,AUHBOM,UAE,1,1,0,13.79,1
4,Internet,RoundTrip,100,8,18,W,LHRBOM,United Kingdom,1,1,0,8.86,0
4,Mobile,RoundTrip,273,16,16,S,LTNPRG,USA,1,0,1,14.82,1
4,Internet,RoundTrip,96,19,2,T,AUHBOM,France,1,0,0,2.5,0
2,Internet,RoundTrip,269,7,12,S,AUHBOM,USA,1,1,1,13.95,1
4,Internet,RoundTrip,248,19,14,T,LHRBOM,United Kingdom,0,0,1,10.7,1
2,Mobile,OneWay,265,13,8,W,JFKDXB,UAE,0,1,0,8.21,1
1,Internet,RoundTrip,268,2,17,F,JFKDXB,India,0,1,1,5.49,1
4,Internet,RoundTrip,292,16,9,S,CDGSYD,United Kingdom,1,1,1,8.63,1
3,Internet,OneWay,134,12,16,T,JFKDXB,India,0,0,1,11.08,1
1,Internet,RoundTrip,171,20,16,T,LHRBOM,United Kingdom,0,1,0,4.91,1
4,Mobile,RoundTrip,26,10,5,F,LTNPRG,India,1,0,0,12.78,1
1,Internet,RoundTrip,127,6,1,F,LHRBOM,India,0,1,1,13.07,1
3,Internet,RoundTrip,168,4,20,S,JFKDXB,USA,1,0,0,10.32,1
2,Mobile,RoundTrip,281,2,19,M,AUHBOM,UAE,0,0,0,8.69,1
1,Internet,RoundTrip,329,15,21,S,CDGSYD,India,0,1,0,13.77,0
4,Internet,OneWay,243,20,1,M,LHRBOM,UAE,0,1,0,6.69,1
3,Internet,RoundTrip,47,13,16,T,LHRBOM,India,1,0,0,10.07,1
4,Internet,OneWay,73,13,3,S,JFKDXB,France,0,0,1,7.79,1
3,Internet,RoundTrip,195,1,11,T,CDGSYD,United Kingdom,0,0,1,6.07,0
4,Internet,RoundTrip,159,1,18,F,LHRBOM,India,1,0,1,14.04,1
4,Internet,RoundTrip,339,10,5,T,LTNPRG,France,1,1,0,5.31,0
4,Mobile,RoundTrip,67,11,8,S,LTNPRG,UAE,1,0,0,10.28,0
3,Mobile,RoundTrip,208,9,11,W,LHRBOM,India,0,1,0,5.61,0
1,Mobile,RoundTrip,284,19,10,M,JFKDXB,United Kingdom,1,0,0,9.85,0
2,Internet,RoundTrip,160,7,0,M,LTNPRG,United Kingdom,0,1,1,11.87,1
3,Internet,RoundTrip,90,20,8,T,JFKDXB,India,1,0,1,7.87,1
1,Mobile,RoundTrip,48,6,19,S,AUHBOM,India,0,1,1,7.64,1
1,Mobile,RoundTrip,227,7,2,M,CDGSYD,UAE,0,1,1,8.4,1
2,Internet,RoundTrip,230,6,8,F,LTNPRG,India,0,1,0,8.96,1
4,Internet,OneWay,268,16,13,F,AUHBOM,United Kingdom,1,1,1,8.65,1
2,Internet,RoundTrip,305,7,8,W,AUHBOM,India,0,0,1,4.07,1
4,Internet,RoundTrip,361,10,15,F,JFKDXB,France,0,1,0,9.77,1
4,Internet,RoundTrip,69,3,6,W,LHRBOM,USA,0,0,1,11.88,1
2,Internet,RoundTrip,158,8,4,W,AUHBOM,India,1,0,0,11.52,0
1,Mobile,OneWay,118,4,21,M,LHRBOM,France,0,0,0,10.6,1
4,Internet,OneWay,318,16,17,M,AUHBOM,France,1,1,1,7.13,1
4,Internet,OneWay,43,17,6,M,LHRBOM,United Kingdom,1,1,1,8.93,1
3,Internet,OneWay,242,6,2,M,CDGSYD,USA,0,1,0,12.25,1
4,Mobile,RoundTrip,115,20,10,W,AUHBOM,USA,0,0,1,3.8,1
1,Mobile,OneWay,4,9,17,T,CDGSYD,United Kingdom,1,0,0,8.24,0
2,Internet,OneWay,218,17,14,T,LTNPRG,India,0,1,0,8.07,0
3,Internet,OneWay,143,5,16,M,CDGSYD,USA,1,1,1,10.22,0
1,Internet,OneWay,252,18,12,S,LTNPRG,USA,1,1,1,11.38,1
4,Mobile,RoundTrip,144,3,20,S,JFKDXB,United Kingdom,1,1,0,4.83,0
3,Internet,RoundTrip,70,8,2,S,LTNPRG,UAE,0,0,1,4.41,1
2,Mobile,RoundTrip,44,8,18,T,AUHBOM,United Kingdom,1,0,1,3.98,1
1,Internet,RoundTrip,66,4,22,S,CDGSYD,India,0,1,0,10.3,1
1,Internet,RoundTrip,160,20,19,T,JFKDXB,United Kingdom,1,0,0,9.77,1
3,Internet,RoundTrip,98,6,6,W,AUHBOM,USA,0,1,0,4.33,1
4,Internet,RoundTrip,43,9,22,S,LTNPRG,France,0,1,1,9.79,1
1,Internet,RoundTrip,116,1,22,T,JFKDXB,USA,0,1,0,12.19,0
2,Internet,RoundTrip,305,14,19,S,CDGSYD,India,0,1,1,3.94,0
3,Mobile,RoundTrip,306,4,7,S,AUHBOM,USA,0,1,0,4.69,0
2,Internet,RoundTrip,132,6,18,F,JFKDXB,USA,0,0,0,4.87,0
3,Mobile,RoundTrip,190,19,19,T,CDGSYD,USA,0,0,1,10.63,1
3,Internet,RoundTrip,67,18,4,T,LTNPRG,USA,1,1,0,13.65,1
4,Internet,RoundTrip,150,3,5,F,JFKDXB,France,1,0,0,2.69,0
3,Mobile,RoundTrip,220,13,17,T,LTNPRG,United Kingdom,1,0,0,13.17,1
3,Mobile,RoundTrip,7,15,18,F,LHRBOM,India,1,0,1,7.37,0
2,Internet,RoundTrip,313,20,14,M,JFKDXB,USA,1,1,1,12.83,1
1,Mobile,RoundTrip,330,5,12,W,LTNPRG,France,0,1,0,12.82,0
1,Internet,RoundTrip,341,7,22,M,JFKDXB,United Kingdom,1,1,0,10.38,1
1,Internet,RoundTrip,77,5,7,W,LTNPRG,UAE,1,0,1,5.16,0
4,Internet,OneWay,326,11,16,F,LTNPRG,United Kingdom,1,0,1,2.38,1
1,Internet,RoundTrip,42,13,21,M,CDGSYD,UAE,0,0,1,4.21,0
2,Internet,RoundTrip,322,4,5,S,LTNPRG,UAE,1,0,1,6.18,1
3,Internet,RoundTrip,50,1,1,S,LTNPRG,UAE,0,0,0,12.03,1
3,Mobile,RoundTrip,127,3,3,T,CDGSYD,United Kingdom,0,0,0,11.27,1
1,Mobile,RoundTrip,346,5,15,T,CDGSYD,India,1,0,0,8.8,1
4,Mobile,RoundTrip,184,12,6,S,LTNPRG,USA,1,0,1,2.42,0
2,Mobile,RoundTrip,79,5,16,S,JFKDXB,UAE,0,1,0,3.53,1
1,Internet,RoundTrip,136,17,11,F,CDGSYD,USA,0,0,0,14.06,1
1,Internet,RoundTrip,121,13,19,T,LTNPRG,UAE,1,1,1,11.35,1
4,Internet,RoundTrip,336,4,15,T,AUHBOM,USA,1,1,0,13.89,0
4,Internet,OneWay,151,20,13,T,CDGSYD,India,0,0,0,9.02,0
4,Internet,RoundTrip,34,15,4,W,CDGSYD,France,1,0,0,2.72,1
2,Internet,RoundTrip,61,18,7,F,AUHBOM,USA,1,1,0,12.15,1
4,Internet,RoundTrip,202,14,5,S,JFKDXB,UAE,1,0,1,14.87,1
2,Internet,RoundTrip,5,14,1,T,JFKDXB,India,1,0,0,8.64,0
1,Internet,RoundTrip,90,10,6,T,LHRBOM,India,1,0,0,3.14,1
4,Internet,RoundTrip,220,14,21,T,CDGSYD,United Kingdom,1,1,0,10.31,1
2,Internet,RoundTrip,310,16,18,T,LTNPRG,UAE,0,1,0,11.85,0
3,Mobile,RoundTrip,36,20,5,S,CDGSYD,UAE,1,1,1,12.8,1
3,Internet,RoundTrip,124,12,8,M,AUHBOM,United Kingdom,0,1,1,11.77,0
1,Mobile,OneWay,143,16,16,T,CDGSYD,UAE,0,0,0,14.73,1
4,Mobile,RoundTrip,315,19,1,F,LTNPRG,France,1,1,0,6.99,1
1,Internet,RoundTrip,287,13,16,W,LTNPRG,France,1,0,1,11.63,0
4,Internet,OneWay,338,16,12,S,JFKDXB,India,0,0,0,11.39,1
2,Internet,RoundTrip,226,4,16,F,JFKDXB,USA,0,0,0,6.98,0
2,Internet,RoundTrip,63,18,0,M,LTNPRG,USA,0,0,0,13.6,1
2,Internet,RoundTrip,342,20,21,T,CDGSYD,USA,0,1,0,5.1,0
3,Mobile,OneWay,275,8,15,M,AUHBOM,UAE,0,1,0,10.82,1
1,Mobile,RoundTrip,241,18,3,W,JFKDXB,India,1,1,0,7.28,1
1,Internet,RoundTrip,128,17,19,S,LTNPRG,France,1,1,1,5.64,0
3,Internet,OneWay,290,5,0,T,CDGSYD,United Kingdom,1,1,1,3.48,0
3,Internet,RoundTrip,147,20,3,F,LTNPRG,India,0,0,0,2.1,1
4,Mobile,RoundTrip,118,12,18,W,JFKDXB,United Kingdom,0,0,1,4.91,0
4,Internet,OneWay,100,4,19,S,LTNPRG,United Kingdom,1,1,0,11.34,0
4,Internet,OneWay,241,3,2,F,CDGSYD,USA,1,0,0,8.11,1
4,Mobile,RoundTrip,225,11,15,F,AUHBOM,UAE,0,0,1,11.94,0
4,Internet,RoundTrip,83,11,18,S,JFKDXB,India,0,0,1,14.61,1
2,Internet,RoundTrip,125,18,2,S,LHRBOM,India,1,0,0,3.98,0
4,Internet,OneWay,83,11,1,S,LHRBOM,India,0,0,1,6.51,1
4,Internet,RoundTrip,270,8,5,T,AUHBOM,UAE,1,1,0,4.68,0
3,Internet,RoundTrip,125,7,5,T,CDGSYD,India,1,1,1,9.61,1
1,Internet,RoundTrip,284,11,5,T,AUHBOM,United Kingdom,0,0,1,11.96,1
1,Internet,RoundTrip,85,6,18,T,JFKDXB,UAE,0,1,1,4.78,1
2,Mobile,RoundTrip,144,15,4,T,CDGSYD,UAE,0,0,1,12.39,0
3,Internet,RoundTrip,10,3,12,M,AUHBOM,India,1,1,1,2.51,1
3,Mobile,RoundTrip,2,17,7,W,LTNPRG,United Kingdom,1,1,0,10.43,1
4,Internet,RoundTrip,11,5,7,S,LHRBOM,France,0,1,0,13.02,1
3,Mobile,RoundTrip,25,4,20,T,AUHBOM,UAE,0,0,0,13.93,0
3,Internet,RoundTrip,338,20,7,W,LHRBOM,France,1,1,0,6.62,1
4,Mobile,RoundTrip,100,8,5,T,LHRBOM,USA,0,0,0,3.4,1
4,Internet,RoundTrip,194,14,5,M,CDGSYD,UAE,0,0,0,8.51,0
3,Internet,RoundTrip,348,8,21,M,LHRBOM,India,1,0,0,8.05,1
3,Internet,RoundTrip,178,20,19,S,LHRBOM,UAE,0,1,0,10.13,0
1,Internet,RoundTrip,144,4,12,F,CDGSYD,UAE,1,1,1,9.55,1
3,Mobile,RoundTrip,266,10,12,F,LTNPRG,France,0,0,0,4.58,1
1,Mobile,RoundTrip,271,2,11,W,CDGSYD,France,1,1,0,2.59,1
2,Mobile,OneWay,37,12,13,T,AUHBOM,India,0,1,1,14.61,0
3,Internet,RoundTrip,341,15,15,S,AUHBOM,United Kingdom,0,1,1,7.36,0
1,Mobile,RoundTrip,45,10,1,S,CDGSYD,India,0,1,1,9.47,0
3,Mobile,RoundTrip,125,18,18,M,AUHBOM,USA,0,1,0,2.48,0
2,Internet,RoundTrip,347,16,17,S,LHRBOM,India,0,1,1,4.26,0
3,Internet,OneWay,205,20,22,T,LHRBOM,USA,1,1,0,8.4,0
2,Internet,RoundTrip,207,20,9,W,CDGSYD,United Kingdom,0,1,1,7.89,0
2,Internet,OneWay,311,20,0,W,LTNPRG,India,1,1,1,5.22,0
2,Internet,OneWay,164,9,8,T,LHRBOM,India,1,0,1,12.43,1
1,Mobile,OneWay,224,20,9,M,AUHBOM,UAE,0,0,0,13.79,1
1,Internet,RoundTrip,199,14,14,M,LTNPRG,France,1,1,0,5.78,1
4,Internet,OneWay,41,2,4,W,LTNPRG,India,0,1,0,10.98,1
1,Internet,RoundTrip,111,2,1,S,CDGSYD,UAE,1,0,0,4.08,1
2,Mobile,RoundTrip,281,8,3,W,LHRBOM,India,0,1,1,3.35,1
1,Mobile,RoundTrip,120,12,15,S,CDGSYD,USA,1,0,1,4.33,0
3,Mobile,OneWay,330,2,3,S,LTNPRG,United Kingdom,0,0,1,3.93,1
3,Internet,OneWay,350,12,14,S,LHRBOM,France,1,1,1,8.35,1
2,Internet,RoundTrip,280,14,16,T,JFKDXB,UAE,0,0,0,4.72,0
4,Internet,OneWay,1,14,13,S,AUHBOM,United Kingdom,0,0,0,5.33,1
2,Internet,RoundTrip,274,20,1,S,LHRBOM,India,0,1,1,4.9,0
3,Internet,RoundTrip,358,8,2,S,LTNPRG,France,0,0,1,10.35,0
2,Internet,RoundTrip,276,1,19,M,CDGSYD,UAE,0,0,1,13.99,0
3,Mobile,RoundTrip,233,20,14,T,CDGSYD,India,0,0,0,5.61,0
1,Internet,RoundTrip,223,11,17,T,AUHBOM,United Kingdom,1,1,1,5.18,0
2,Mobile,OneWay,181,13,21,F,LHRBOM,India,0,0,0,3.61,0
3,Internet,OneWay,91,11,9,F,AUHBOM,UAE,0,0,1,14.8,1
4,Internet,RoundTrip,174,10,20,S,JFKDXB,United Kingdom,0,1,0,12.71,0
2,Internet,RoundTrip,332,4,9,M,LHRBOM,India,1,0,1,6.75,0
2,Internet,RoundTrip,32,12,20,T,JFKDXB,India,1,0,1,2.28,1
2,Internet,OneWay,47,17,15,M,JFKDXB,USA,1,0,1,8.88,0
2,Internet,RoundTrip,319,3,5,T,LHRBOM,France,1,1,0,4.52,0
4,Internet,RoundTrip,302,8,0,T,LHRBOM,USA,0,1,0,2.18,0
3,Internet,RoundTrip,186,19,21,F,AUHBOM,France,1,0,0,7.1,1
2,Internet,RoundTrip,131,9,8,W,JFKDXB,India,0,0,0,10.6,1
2,Mobile,OneWay,41,4,19,T,CDGSYD,France,1,1,0,12.21,0
3,Mobile,RoundTrip,246,20,4,W,LHRBOM,United Kingdom,0,1,0,5.36,1
3,Internet,RoundTrip,197,3,10,F,AUHBOM,USA,0,0,1,8.29,0
2,Internet,RoundTrip,294,5,4,S,AUHBOM,UAE,0,1,1,11.46,1
4,Internet,RoundTrip,133,10,2,T,JFKDXB,France,1,0,0,14.86,1
2,Internet,RoundTrip,291,8,12,T,LHRBOM,USA,0,0,0,13.98,1
2,Internet,RoundTrip,348,9,10,S,JFKDXB,United Kingdom,0,1,0,6.08,1
1,Internet,RoundTrip,59,16,5,S,LTNPRG,UAE,1,0,0,7.36,1
2,Internet,RoundTrip,279,12,7,S,AUHBOM,United Kingdom,1,1,0,14.06,1
4,Mobile,RoundTrip,223,10,8,S,CDGSYD,USA,0,1,1,9.32,1
4,Internet,RoundTrip,149,15,5,T,AUHBOM,UAE,1,0,1,2.14,0
2,Mobile,RoundTrip,79,13,16,T,JFKDXB,USA,0,1,1,11.31,0
1,Internet,RoundTrip,57,13,6,F,JFKDXB,United Kingdom,1,1,0,8.02,0
3,Internet,OneWay,41,10,14,S,JFKDXB,India,0,1,1,11.88,1
3,Mobile,RoundTrip,97,12,16,S,JFKDXB,UAE,0,1,1,13.88,0
4,Internet,OneWay,187,6,7,S,CDGSYD,UAE,0,1,0,6.82,1
3,Internet,RoundTrip,196,9,1,S,AUHBOM,India,1,0,0,8.04,0
1,Mobile,RoundTrip,360,4,1,T,LTNPRG,United Kingdom,0,1,1,7.71,1
4,Internet,RoundTrip,270,2,13,W,LTNPRG,UAE,0,0,1,7.02,1
3,Internet,RoundTrip,358,18,0,T,CDGSYD,USA,1,1,0,8.28,0
4,Internet,RoundTrip,275,17,2,W,LTNPRG,UAE,0,1,0,10.08,1
1,Internet,OneWay,209,6,11,S,AUHBOM,UAE,0,0,1,2.11,1
2,Internet,RoundTrip,298,10,6,S,LTNPRG,India,1,0,0,13.27,0
2,Internet,RoundTrip,282,20,9,S,JFKDXB,UAE,1,0,0,13.32,0
2,Mobile,RoundTrip,295,11,16,M,JFKDXB,France,1,0,0,4.4,1
4,Internet,RoundTrip,91,1,18,S,LHRBOM,United Kingdom,0,0,0,3.55,1
1,Internet,RoundTrip,264,12,8,W,AUHBOM,India,0,0,0,11.21,0
1,Internet,RoundTrip,82,18,1,W,LHRBOM,USA,1,0,1,14.38,0
1,Internet,RoundTrip,116,5,4,T,JFKDXB,UAE,1,1,1,3.93,1
4,Mobile,RoundTrip,258,19,19,M,CDGSYD,France,1,0,0,12.67,1
1,Internet,RoundTrip,184,16,0,S,LHRBOM,France,1,0,1,14.35,1
3,Internet,RoundTrip,287,2,4,F,AUHBOM,India,0,1,0,12.66,1
1,Mobile,RoundTrip,263,20,22,T,AUHBOM,USA,1,1,1,9.15,1
2,Mobile,RoundTrip,271,13,8,W,AUHBOM,UAE,0,1,0,13.98,0
3,Mobile,RoundTrip,54,5,0,T,LTNPRG,France,0,0,1,2.17,1
1,Internet,RoundTrip,39,16,19,F,JFKDXB,India,1,1,0,13.21,1
1,Internet,RoundTrip,91,17,16,S,LTNPRG,USA,1,0,1,11.01,1
3,Internet,RoundTrip,130,13,19,T,LHRBOM,UAE,0,1,0,7.06,0
1,Internet,RoundTrip,299,20,15,S,AUHBOM,India,1,0,0,13.19,0
2,Mobile,RoundTrip,17,18,11,T,LTNPRG,UAE,0,0,1,11.59,1
3,Internet,RoundTrip,197,7,16,M,AUHBOM,UAE,1,0,1,12.35,0
1,Internet,RoundTrip,287,3,1,S,LTNPRG,France,0,1,0,5.71,1
1,Mobile,RoundTrip,133,17,2,W,LHRBOM,UAE,1,1,1,9.48,0
2,Mobile,RoundTrip,114,19,13,F,JFKDXB,France,0,1,1,6.67,1
3,Internet,OneWay,75,6,10,T,AUHBOM,United Kingdom,0,0,1,10.52,1
1,Mobile,RoundTrip,157,12,17,F,JFKDXB,USA,0,0,0,11.62,0
2,Internet,RoundTrip,225,11,21,S,LTNPRG,France,0,0,0,10.41,1
4,Internet,OneWay,211,7,6,S,LHRBOM,United Kingdom,1,0,1,13.43,0
2,Internet,RoundTrip,310,11,7,S,LTNPRG,United Kingdom,0,0,1,3.67,0
2,Mobile,RoundTrip,1,11,4,T,CDGSYD,UAE,0,0,1,9.18,0
3,Mobile,OneWay,107,20,18,M,LTNPRG,UAE,0,0,1,8.98,0
2,Internet,RoundTrip,129,7,11,F,JFKDXB,United Kingdom,1,1,1,11.74,0
2,Internet,OneWay,143,3,7,T,LHRBOM,India,0,0,1,8.29,0
4,Internet,OneWay,265,10,17,W,AUHBOM,India,0,1,0,5.3,0
1,Internet,RoundTrip,37,3,10,S,CDGSYD,France,1,0,0,5.3,0
3,Mobile,RoundTrip,105,4,11,F,AUHBOM,UAE,0,0,1,6.35,1
2,Internet,RoundTrip,20,13,19,F,AUHBOM,USA,1,1,1,7.4,1
4,Mobile,RoundTrip,208,17,5,S,CDGSYD,India,0,1,1,10.91,0
3,Internet,RoundTrip,351,3,15,F,JFKDXB,USA,1,0,0,7.46,1
4,Internet,OneWay,356,8,19,S,JFKDXB,France,1,0,0,4.86,0
1,Internet,RoundTrip,18,4,20,T,AUHBOM,India,0,0,1,3.77,0
1,Mobile,OneWay,44,10,20,W,JFKDXB,France,0,1,1,11.16,0
4,Internet,RoundTrip,208,12,4,T,AUHBOM,India,1,1,1,3.45,0
2,Internet,RoundTrip,98,19,15,S,LTNPRG,UAE,1,0,0,5.86,0
4,Internet,OneWay,85,18,13,S,AUHBOM,France,0,0,1,4.76,0
3,Mobile,RoundTrip,249,19,1,W,JFKDXB,USA,1,0,1,3.1,1
2,Mobile,RoundTrip,112,9,12,S,CDGSYD,India,0,1,0,13.5,1
1,Mobile,RoundTrip,218,16,5,F,AUHBOM,France,0,1,0,2.93,0
1,Internet,RoundTrip,15,6,11,T,AUHBOM,USA,1,0,1,5.08,0
3,Mobile,RoundTrip,356,1,14,S,LHRBOM,France,0,0,1,4.22,1
1,Internet,RoundTrip,31,19,16,T,LTNPRG,United Kingdom,0,1,0,13.09,0
1,Mobile,OneWay,13,19,17,F,LHRBOM,USA,1,1,0,13.64,0
1,Internet,RoundTrip,153,4,13,S,CDGSYD,India,0,0,1,9.2,0
4,Internet,OneWay,320,4,10,F,LHRBOM,United Kingdom,0,0,1,11.11,1
3,Mobile,OneWay,233,19,22,T,CDGSYD,UAE,1,0,1,12.97,0
3,Mobile,RoundTrip,178,9,6,S,CDGSYD,USA,1,0,0,6.01,1
3,Internet,OneWay,101,16,6,T,LTNPRG,United Kingdom,0,0,1,8.73,1
3,Internet,OneWay,83,19,20,T,AUHBOM,India,1,1,1,2.1,0
2,Mobile,RoundTrip,238,11,22,F,JFKDXB,USA,1,1,0,5.24,0
2,Mobile,RoundTrip,184,2,8,S,LTNPRG,UAE,1,1,0,8.81,0
3,Mobile,RoundTrip,224,13,19,T,JFKDXB,France,0,1,0,6.35,1
4,Internet,OneWay,151,3,21,F,AUHBOM,France,1,1,1,3.85,1
4,Internet,OneWay,110,14,19,S,CDGSYD,USA,1,0,1,3.21,1
3,Mobile,RoundTrip,66,12,12,T,LHRBOM,USA,0,0,0,13.06,1
4,Mobile,OneWay,107,9,17,T,LHRBOM,UAE,0,1,0,11.77,0
4,Mobile,RoundTrip,80,10,14,S,JFKDXB,France,1,1,1,12.22,0
3,Internet,OneWay,178,20,0,W,AUHBOM,India,0,1,0,10.85,1
4,Internet,RoundTrip,105,8,2,W,LHRBOM,United Kingdom,1,0,0,4.27,1
1,Internet,OneWay,290,17,21,F,LTNPRG,UAE,1,0,1,11.57,0
1,Mobile,OneWay,202,17,6,T,LHRBOM,USA,1,1,1,9.23,0
2,Internet,RoundTrip,112,20,4,M,LTNPRG,India,0,0,1,2.2,1
1,Internet,OneWay,31,18,22,S,LTNPRG,India,0,1,1,2.66,1
2,Mobile,RoundTrip,45,13,7,S,JFKDXB,USA,1,0,1,4.85,1
1,Mobile,RoundTrip,33,20,16,T,LTNPRG,UAE,1,1,0,12.24,1
4,Internet,RoundTrip,118,15,18,T,AUHBOM,UAE,0,1,1,9.8,1
3,Mobile,RoundTrip,121,3,10,S,CDGSYD,France,1,1,1,9.77,0
1,Internet,RoundTrip,18,2,14,S,LHRBOM,India,1,0,1,14.83,0
3,Internet,RoundTrip,258,14,11,S,CDGSYD,USA,0,1,0,8.44,0
3,Internet,RoundTrip,193,11,10,M,CDGSYD,USA,0,1,0,7.98,1
2,Internet,RoundTrip,357,18,2,S,CDGSYD,India,0,1,0,8.01,1
4,Mobile,RoundTrip,324,11,2,M,LHRBOM,India,0,1,0,6.05,1
4,Mobile,OneWay,5,5,18,F,JFKDXB,France,1,1,0,4.85,1
4,Internet,RoundTrip,255,18,19,F,LTNPRG,India,1,0,1,2.92,0
1,Mobile,RoundTrip,354,10,1,S,LHRBOM,USA,1,0,1,6.07,1
2,Internet,RoundTrip,292,20,7,F,CDGSYD,UAE,1,0,0,3.52,1
4,Mobile,OneWay,250,1,8,T,AUHBOM,India,1,0,1,3.94,1
2,Mobile,RoundTrip,51,1,0,F,JFKDXB,India,1,0,1,9.55,1
2,Internet,OneWay,328,3,9,M,AUHBOM,United Kingdom,1,1,0,4.9,1
2,Internet,RoundTrip,300,20,21,M,LTNPRG,France,0,0,1,4.18,1
2,Internet,OneWay,196,3,13,S,JFKDXB,USA,1,0,1,8.85,0
3,Internet,RoundTrip,336,15,20,T,AUHBOM,United Kingdom,0,0,0,2.12,1
1,Mobile,RoundTrip,169,15,9,S,LTNPRG,India,1,1,1,9.47,0
4,Internet,RoundTrip,194,18,17,T,LHRBOM,France,1,1,1,7.0,1
3,Internet,RoundTrip,286,13,22,S,CDGSYD,India,1,1,0,5.73,0
1,Internet,RoundTrip,263,1,12,W,LTNPRG,UAE,1,1,1,2.82,0
4,Mobile,RoundTrip,201,1,18,W,LTNPRG,United Kingdom,0,0,1,5.12,0
3,Internet,RoundTrip,286,1,4,T,JFKDXB,India,1,0,0,11.85,1
2,Mobile,RoundTrip,327,12,22,T,AUHBOM,France,0,0,0,7.49,0
2,Internet,RoundTrip,237,9,22,M,CDGSYD,UAE,0,1,0,10.35,0
3,Internet,RoundTrip,326,2,11,M,JFKDXB,France,0,0,1,13.0,1
1,Internet,RoundTrip,150,1,2,M,JFKDXB,India,1,0,1,12.96,0
3,Internet,RoundTrip,194,5,6,W,LTNPRG,USA,1,0,1,12.53,0
3,Internet,RoundTrip,237,10,6,T,LHRBOM,France,0,0,1,3.83,0
2,Mobile,RoundTrip,209,19,22,S,AUHBOM,USA,1,1,1,11.09,0
2,Mobile,OneWay,66,17,1,S,LTNPRG,USA,1,0,1,4.37,1
3,Internet,OneWay,167,9,1,T,JFKDXB,United Kingdom,1,0,0,10.37,0
3,Internet,RoundTrip,50,6,19,F,JFKDXB,USA,0,0,1,7.61,1
2,Internet,RoundTrip,251,16,21,T,LTNPRG,India,1,0,1,14.17,1
4,Internet,RoundTrip,291,19,5,T,AUHBOM,UAE,1,1,0,6.94,0
4,Mobile,OneWay,249,7,2,T,AUHBOM,USA,1,0,0,12.58,0
2,Mobile,RoundTrip,315,10,21,T,JFKDXB,France,0,1,1,4.91,1
3,Mobile,RoundTrip,237,3,18,W,LTNPRG,USA,1,0,0,2.33,1
4,Internet,RoundTrip,139,3,16,T,LHRBOM,France,0,0,1,11.86,1
1,Internet,OneWay,23,18,17,T,LHRBOM,India,1,1,1,11.19,1
3,Internet,RoundTrip,13,5,21,M,LTNPRG,France,1,0,0,4.48,1
4,Mobile,OneWay,351,4,15,S,JFKDXB,UAE,0,0,1,4.76,1
1,Internet,RoundTrip,284,7,2,S,AUHBOM,United Kingdom,1,1,1,13.66,1
2,Mobile,OneWay,123,7,17,S,LTNPRG,USA,0,0,1,7.65,1
4,Internet,OneWay,348,5,1,T,AUHBOM,UAE,1,1,1,9.39,1
4,Internet,RoundTrip,90,15,2,F,LTNPRG,United Kingdom,1,1,0,3.47,1
4,Mobile,RoundTrip,282,12,11,S,LHRBOM,India,0,0,1,3.4,0
3,Internet,RoundTrip,77,12,8,W,LTNPRG,United Kingdom,1,1,1,11.82,1
1,Internet,OneWay,259,20,13,S,CDGSYD,India,1,0,0,6.06,1
1,Internet,RoundTrip,26,19,7,T,LHRBOM,India,0,0,1,11.54,1
4,Mobile,RoundTrip,249,6,19,T,CDGSYD,UAE,1,1,0,3.3,0
3,Internet,OneWay,167,20,22,T,AUHBOM,India,0,1,1,2.18,1
1,Mobile,RoundTrip,212,14,22,W,AUHBOM,India,0,0,0,7.41,1
1,Internet,OneWay,16,3,10,F,CDGSYD,UAE,1,0,0,7.09,1
1,Internet,RoundTrip,135,7,12,S,JFKDXB,United Kingdom,1,0,0,14.55,1
4,Internet,RoundTrip,59,5,1,W,CDGSYD,USA,1,0,1,2.4,1
4,Internet,OneWay,225,16,20,S,LHRBOM,United Kingdom,0,0,1,10.03,1
4,Mobile,RoundTrip,2,13,5,W,CDGSYD,France,1,0,1,12.67,1
1,Mobile,RoundTrip,330,16,5,M,CDGSYD,France,0,1,0,6.53,1
3,Mobile,RoundTrip,64,3,19,S,CDGSYD,United Kingdom,0,1,0,10.92,0
4,Mobile,RoundTrip,190,11,22,T,CDGSYD,UAE,1,0,0,12.26,0
3,Internet,RoundTrip,363,11,20,F,LHRBOM,India,1,0,1,5.78,1
4,Internet,RoundTrip,150,14,0,W,LTNPRG,India,1,1,1,12.39,1
3,Mobile,RoundTrip,198,8,21,T,AUHBOM,France,1,1,0,14.6,0
1,Internet,RoundTrip,350,2,9,S,LTNPRG,United Kingdom,0,0,1,6.07,1
2,Mobile,RoundTrip,25,18,3,T,CDGSYD,France,1,1,1,4.53,0
2,Internet,OneWay,205,9,3,T,JFKDXB,USA,1,0,0,13.91,0
1,Internet,OneWay,206,19,15,T,CDGSYD,India,1,0,1,2.27,0
3,Internet,RoundTrip,264,9,18,M,LHRBOM,UAE,1,0,1,3.74,0
4,Internet,OneWay,219,6,9,T,LTNPRG,USA,0,0,1,7.04,0
1,Internet,RoundTrip,175,10,13,S,AUHBOM,United Kingdom,0,1,0,10.89,0
2,Internet,RoundTrip,200,2,16,S,CDGSYD,United Kingdom,0,0,0,14.09,0
3,Internet,RoundTrip,104,12,9,S,JFKDXB,France,0,0,1,8.98,0
2,Internet,OneWay,123,20,18,M,JFKDXB,France,0,1,0,12.17,1
1,Internet,RoundTrip,346,6,6,S,LHRBOM,India,0,0,1,5.51,0
1,Internet,RoundTrip,240,3,6,T,CDGSYD,France,0,1,0,10.94,1
1,Internet,OneWay,249,3,10,T,AUHBOM,UAE,1,0,0,5.29,1
4,Mobile,RoundTrip,52,4,11,T,AUHBOM,UAE,0,0,1,13.18,0
2,Internet,OneWay,141,8,7,W,LTNPRG,United Kingdom,0,1,0,6.66,1
4,Internet,RoundTrip,80,6,7,T,LTNPRG,UAE,1,1,1,11.45,1
3,Internet,RoundTrip,346,15,6,S,LTNPRG,UAE,1,0,0,7.03,1
2,Internet,RoundTrip,363,7,10,F,JFKDXB,United Kingdom,0,0,1,9.52,1
4,Internet,OneWay,122,8,15,W,LTNPRG,France,1,1,0,10.21,0
2,Internet,RoundTrip,152,3,6,S,AUHBOM,India,1,0,0,5.01,1
1,Internet,RoundTrip,250,12,15,F,CDGSYD,France,0,0,1,5.88,1
4,Internet,OneWay,54,7,7,W,LTNPRG,UAE,1,0,0,5.37,0
3,Internet,RoundTrip,205,15,4,M,AUHBOM,France,1,0,0,7.67,0
2,Internet,RoundTrip,79,1,6,T,CDGSYD,India,0,1,0,2.63,1
3,Internet,RoundTrip,193,13,18,T,JFKDXB,UAE,0,1,1,14.89,0
4,Internet,OneWay,264,17,6,M,JFKDXB,India,1,0,0,5.77,0
2,Internet,OneWay,270,15,14,S,CDGSYD,UAE,1,1,1,7.67,1
4,Mobile,RoundTrip,43,6,13,M,LHRBOM,France,0,1,0,5.56,0
4,Internet,RoundTrip,106,14,15,S,AUHBOM,UAE,0,1,0,7.08,0
4,Internet,RoundTrip,129,17,13,S,AUHBOM,France,1,0,1,13.77,0
1,Internet,RoundTrip,265,11,22,M,AUHBOM,USA,0,0,1,11.03,1
1,Internet,RoundTrip,120,13,21,T,CDGSYD,India,1,0,1,8.47,1
1,Internet,RoundTrip,169,17,7,M,CDGSYD,India,0,0,0,10.87,1
3,Mobile,RoundTrip,83,10,8,T,LHRBOM,USA,0,1,1,8.45,0
2,Mobile,RoundTrip,126,3,8,T,CDGSYD,United Kingdom,0,1,0,4.66,0
4,Internet,OneWay,174,20,15,F,CDGSYD,India,1,1,0,5.84,0
1,Internet,RoundTrip,77,7,11,T,LHRBOM,USA,1,0,0,8.35,1
2,Mobile,OneWay,41,8,22,S,JFKDXB,USA,1,0,1,11.58,0
2,Internet,RoundTrip,52,13,16,F,AUHBOM,France,0,1,0,2.7,0
4,Internet,RoundTrip,167,4,10,S,LTNPRG,USA,1,1,1,6.81,0
1,Mobile,OneWay,60,7,7,T,LTNPRG,India,0,1,0,3.7,0
2,Internet,RoundTrip,12,12,17,W,CDGSYD,France,1,0,0,10.54,0
4,Internet,RoundTrip,304,15,19,S,JFKDXB,United Kingdom,1,1,1,4.84,0
4,Internet,RoundTrip,354,3,22,F,AUHBOM,United Kingdom,1,0,1,6.54,0
4,Internet,OneWay,187,17,12,T,LTNPRG,United Kingdom,0,0,1,7.33,1
3,Internet,OneWay,221,6,18,T,CDGSYD,USA,1,0,0,7.5,1
1,Internet,RoundTrip,61,19,20,F,JFKDXB,UAE,0,1,1,9.16,0
1,Internet,OneWay,28,19,1,S,LHRBOM,UAE,1,0,0,3.41,1
2,Internet,RoundTrip,29,15,3,T,LHRBOM,United Kingdom,0,1,0,12.51,1
2,Internet,RoundTrip,70,18,4,S,LTNPRG,USA,1,1,1,9.1,0
3,Mobile,RoundTrip,41,4,5,T,LHRBOM,India,1,1,1,8.98,1
1,Internet,OneWay,269,10,6,F,LTNPRG,France,1,1,1,5.65,1
3,Mobile,RoundTrip,281,3,0,W,AUHBOM,USA,0,1,1,2.07,1
2,Internet,RoundTrip,267,10,15,F,JFKDXB,India,0,0,1,9.92,0
1,Internet,RoundTrip,105,12,13,M,LTNPRG,United Kingdom,0,0,0,8.21,0
4,Internet,RoundTrip,133,12,15,F,AUHBOM,France,1,1,1,7.19,0
2,Internet,RoundTrip,131,2,18,W,CDGSYD,UAE,0,0,1,9.08,0
1,Internet,RoundTrip,55,2,3,F,LHRBOM,France,1,0,1,11.2,0
2,Mobile,RoundTrip,173,20,7,S,LHRBOM,United Kingdom,0,1,0,9.11,1
4,Mobile,RoundTrip,196,6,10,T,AUHBOM,USA,1,0,1,7.61,0
4,Mobile,RoundTrip,75,10,6,F,LHRBOM,USA,0,0,1,14.88,0
1,Internet,OneWay,101,12,9,S,LTNPRG,United Kingdom,1,0,1,9.64,0
3,Internet,OneWay,172,4,10,T,CDGSYD,USA,0,0,0,5.54,1
3,Internet,OneWay,36,7,15,S,LHRBOM,United Kingdom,1,0,0,4.93,1
4,Internet,RoundTrip,215,13,5,T,LTNPRG,India,0,1,1,8.17,0
4,Mobile,RoundTrip,126,5,6,S,JFKDXB,France,1,0,1,3.72,1
3,Mobile,RoundTrip,259,16,6,M,JFKDXB,UAE,1,0,1,2.37,1
3,Internet,RoundTrip,274,13,5,W,AUHBOM,USA,1,0,0,9.27,0
2,Mobile,RoundTrip,135,20,19,S,AUHBOM,United Kingdom,1,0,1,7.32,0
4,Mobile,RoundTrip,129,12,13,T,LTNPRG,India,0,0,1,12.54,0
4,Internet,RoundTrip,193,17,18,M,JFKDXB,India,1,0,1,2.07,1
4,Mobile,OneWay,15,7,1,F,LTNPRG,United Kingdom,1,0,1,11.29,0
4,Internet,RoundTrip,71,14,16,S,JFKDXB,France,0,0,0,11.28,0
3,Internet,OneWay,44,19,15,M,LTNPRG,United Kingdom,1,0,0,12.87,0
4,Internet,RoundTrip,104,17,18,T,LHRBOM,United Kingdom,0,1,0,12.58,0
4,Internet,OneWay,218,16,10,T,LTNPRG,USA,1,1,0,14.64,0
1,Internet,RoundTrip,90,10,17,W,LHRBOM,France,0,0,0,3.67,0
1,Mobile,RoundTrip,191,12,12,M,JFKDXB,UAE,1,1,0,6.37,0
4,Internet,RoundTrip,252,12,18,T,CDGSYD,USA,0,0,0,14.42,1
2,Internet,RoundTrip,246,5,18,T,AUHBOM,UAE,0,1,0,12.8,0
4,Internet,OneWay,194,6,19,F,AUHBOM,USA,0,1,1,12.54,1
2,Internet,RoundTrip,209,13,4,M,AUHBOM,France,1,1,1,9.4,0
2,Mobile,OneWay,161,13,16,S,LHRBOM,India,0,0,0,14.35,0
4,Internet,RoundTrip,181,14,4,W,LHRBOM,UAE,0,0,0,7.63,1
3,Mobile,OneWay,290,13,10,S,LHRBOM,UAE,0,1,0,6.48,1
3,Internet,RoundTrip,173,12,20,S,AUHBOM,India,1,1,1,14.84,1
2,Internet,RoundTrip,129,11,2,F,JFKDXB,United Kingdom,1,0,0,6.45,1
3,Internet,OneWay,350,13,17,M,JFKDXB,United Kingdom,1,1,1,13.76,0
2,Internet,RoundTrip,334,8,7,M,JFKDXB,USA,1,0,0,7.0,0
4,Mobile,RoundTrip,314,4,6,T,AUHBOM,India,1,0,1,11.45,0
2,Internet,RoundTrip,299,14,1,T,JFKDXB,India,0,0,1,8.31,1
1,Internet,RoundTrip,140,7,16,W,JFKDXB,USA,0,1,1,9.71,1
3,Internet,OneWay,350,16,19,S,JFKDXB,India,0,0,0,13.74,1
4,Mobile,RoundTrip,238,18,10,F,LHRBOM,UAE,1,1,0,11.39,0
4,Internet,OneWay,325,8,4,W,CDGSYD,United Kingdom,1,0,1,12.41,0
1,Mobile,OneWay,8,3,14,S,LTNPRG,India,1,0,0,7.88,0
4,Mobile,OneWay,39,1,22,S,JFKDXB,India,1,1,0,3.32,0
2,Internet,RoundTrip,8,12,18,F,AUHBOM,India,1,1,1,13.97,0
4,Internet,RoundTrip,363,18,17,T,CDGSYD,United Kingdom,1,1,1,14.7,0
3,Internet,OneWay,116,18,1,S,JFKDXB,France,1,0,1,5.71,1
4,Internet,RoundTrip,15,18,20,S,AUHBOM,France,1,1,1,13.36,0
2,Mobile,RoundTrip,275,1,14,T,JFKDXB,UAE,0,0,0,9.26,0
3,Internet,OneWay,289,2,14,T,CDGSYD,United Kingdom,1,0,0,6.68,0
3,Mobile,RoundTrip,337,20,7,W,JFKDXB,France,1,1,1,2.34,1
1,Internet,OneWay,211,14,20,F,CDGSYD,USA,1,1,0,12.41,1
4,Internet,RoundTrip,249,18,11,S,LHRBOM,India,0,1,1,14.79,0
1,Mobile,OneWay,225,20,5,M,LTNPRG,United Kingdom,0,1,0,4.7,1
4,Internet,OneWay,258,15,8,M,LHRBOM,United Kingdom,1,1,0,2.09,0
1,Internet,RoundTrip,189,9,5,F,LHRBOM,UAE,1,0,0,6.25,0
1,Internet,RoundTrip,12,15,21,T,CDGSYD,United Kingdom,0,1,0,13.87,0
2,Internet,OneWay,61,13,18,M,AUHBOM,United Kingdom,0,1,0,13.28,1
1,Mobile,OneWay,339,18,13,T,AUHBOM,France,1,0,0,7.7,1
1,Internet,RoundTrip,18,18,17,M,JFKDXB,USA,0,0,1,12.62,0
1,Mobile,OneWay,32,4,19,S,CDGSYD,United Kingdom,0,1,0,5.81,1
2,Internet,RoundTrip,292,18,8,S,LHRBOM,USA,1,1,1,9.48,0
2,Internet,RoundTrip,345,14,5,T,LHRBOM,USA,0,1,1,10.73,1
1,Internet,OneWay,163,15,20,S,JFKDXB,United Kingdom,1,1,1,3.46,1
1,Mobile,RoundTrip,52,7,8,S,LHRBOM,France,1,1,0,4.03,0
3,Internet,OneWay,215,10,0,M,JFKDXB,United Kingdom,0,0,1,3.08,0
2,Internet,OneWay,13,18,18,F,AUHBOM,France,0,1,1,14.95,1
4,Internet,RoundTrip,132,3,5,T,LHRBOM,UAE,1,0,1,7.06,0
4,Internet,RoundTrip,206,11,5,W,LHRBOM,India,1,1,1,6.11,0
1,Mobile,OneWay,321,20,16,F,LTNPRG,India,0,0,1,6.49,0
4,Internet,RoundTrip,42,16,22,T,JFKDXB,UAE,1,1,0,14.58,0
3,Mobile,RoundTrip,221,3,2,S,AUHBOM,France,0,1,1,2.33,0
4,Internet,RoundTrip,11,4,15,T,CDGSYD,United Kingdom,0,0,1,14.06,1
2,Internet,RoundTrip,170,11,7,S,CDGSYD,USA,1,0,1,9.46,0
1,Internet,RoundTrip,244,5,20,M,CDGSYD,UAE,1,1,0,9.0,1
4,Mobile,RoundTrip,14,18,20,S,LHRBOM,France,1,0,1,6.5,1
3,Internet,OneWay,269,17,2,W,AUHBOM,India,0,0,0,2.37,1
1,Internet,RoundTrip,359,20,1,F,JFKDXB,France,1,0,1,13.01,0
1,Internet,RoundTrip,107,8,9,T,JFKDXB,India,1,0,0,8.85,0
1,Internet,RoundTrip,276,6,1,F,CDGSYD,USA,0,1,0,2.07,1
2,Internet,OneWay,195,11,7,T,LHRBOM,USA,1,1,1,11.15,0
2,Mobile,RoundTrip,335,3,3,T,JFKDXB,UAE,0,0,1,7.5,1
2,Internet,RoundTrip,214,15,22,T,CDGSYD,USA,1,1,1,7.13,1
4,Internet,RoundTrip,293,18,16,S,AUHBOM,UAE,1,0,0,2.8,1
4,Internet,RoundTrip,59,4,3,S,CDGSYD,United Kingdom,0,0,0,10.74,0
3,Internet,RoundTrip,94,4,14,F,LHRBOM,USA,0,1,0,10.43,1
3,Internet,OneWay,161,7,17,T,LTNPRG,UAE,1,0,1,14.59,1
4,Mobile,RoundTrip,329,17,18,M,AUHBOM,USA,0,1,1,3.4,1
2,Internet,RoundTrip,232,7,14,S,AUHBOM,USA,0,0,0,14.29,1
3,Mobile,RoundTrip,78,15,13,T,CDGSYD,USA,1,0,1,8.22,1
3,Internet,RoundTrip,323,19,19,F,LTNPRG,France,0,1,0,2.7,1
2,Mobile,OneWay,226,9,5,F,AUHBOM,USA,1,1,1,11.82,1
4,Internet,RoundTrip,153,3,22,S,JFKDXB,France,0,1,1,7.37,0
1,Mobile,OneWay,140,19,4,W,AUHBOM,France,1,1,1,3.17,1
1,Internet,RoundTrip,255,8,18,F,CDGSYD,France,0,1,1,3.65,0
2,Internet,RoundTrip,321,12,22,T,LHRBOM,United Kingdom,0,1,0,14.52,0
4,Internet,RoundTrip,183,20,5,T,LTNPRG,USA,1,0,1,10.5,0
2,Internet,RoundTrip,308,18,14,S,LHRBOM,France,1,0,0,14.39,1
1,Internet,RoundTrip,258,17,19,S,LTNPRG,France,1,1,1,12.09,1
4,Internet,RoundTrip,27,8,6,T,CDGSYD,UAE,0,1,0,10.14,0
1,Mobile,RoundTrip,288,14,12,S,AUHBOM,France,0,0,0,3.54,1
1,Mobile,RoundTrip,205,7,18,F,AUHBOM,France,1,1,1,7.85,0
4,Internet,RoundTrip,194,11,15,S,CDGSYD,USA,1,0,1,5.13,1
2,Mobile,RoundTrip,224,7,18,S,AUHBOM,UAE,0,1,0,4.08,0
1,Internet,RoundTrip,23,17,6,S,AUHBOM,USA,1,1,0,8.42,0
2,Internet,OneWay,331,16,11,F,AUHBOM,United Kingdom,0,1,0,6.07,1
3,Internet,RoundTrip,319,19,18,M,LTNPRG,UAE,1,1,0,14.39,1
4,Internet,OneWay,364,6,5,S,AUHBOM,India,0,0,1,2.38,0
1,Internet,RoundTrip,219,19,10,S,LTNPRG,France,1,1,0,2.37,0
2,Internet,RoundTrip,88,5,12,S,JFKDXB,India,1,0,1,10.11,1
3,Internet,OneWay,219,13,18,S,JFKDXB,USA,1,1,1,3.21,1
3,Internet,OneWay,103,4,17,T,AUHBOM,India,0,0,0,9.2,0
3,Mobile,OneWay,186,15,9,S,LTNPRG,France,1,0,1,12.6,0
2,Internet,RoundTrip,292,16,21,M,AUHBOM,France,0,1,0,3.63,1
4,Mobile,RoundTrip,64,16,14,F,LHRBOM,UAE,1,0,0,2.91,0
1,Internet,OneWay,166,6,14,T,LTNPRG,India,1,1,0,14.37,1
4,Internet,OneWay,177,17,2,S,AUHBOM,UAE,0,1,0,13.18,1
4,Internet,RoundTrip,339,4,5,T,LTNPRG,USA,1,0,0,5.21,0
3,Mobile,RoundTrip,196,15,2,F,JFKDXB,United Kingdom,1,1,0,8.27,1
2,Internet,RoundTrip,125,10,0,W,JFKDXB,UAE,0,1,0,4.01,0
2,Internet,RoundTrip,140,4,21,T,CDGSYD,France,0,1,0,12.9,0
2,Mobile,RoundTrip,111,20,6,W,JFKDXB,USA,1,1,0,4.5,0
1,Mobile,RoundTrip,55,16,16,S,CDGSYD,France,0,1,0,12.79,0
1,Internet,RoundTrip,259,3,12,T,LTNPRG,USA,1,0,0,5.22,0
3,Internet,RoundTrip,278,8,3,T,LTNPRG,USA,0,1,0,3.43,1
3,Internet,RoundTrip,73,15,18,M,LTNPRG,India,0,1,1,4.77,1
2,Internet,RoundTrip,167,4,13,S,JFKDXB,India,0,1,0,9.03,1
2,Mobile,RoundTrip,275,10,17,F,LHRBOM,India,1,0,0,13.51,0
1,Internet,OneWay,256,3,17,T,CDGSYD,United Kingdom,0,1,1,2.5,1
4,Internet,RoundTrip,30,1,18,T,CDGSYD,UAE,1,0,1,3.86,0
4,Internet,OneWay,18,5,13,W,LTNPRG,France,1,0,0,9.19,1
1,Internet,RoundTrip,26,15,3,F,JFKDXB,USA,1,0,1,3.18,0
2,Internet,RoundTrip,184,11,10,T,LHRBOM,UAE,0,1,1,6.52,1
3,Internet,OneWay,333,7,16,T,JFKDXB,United Kingdom,0,0,1,6.86,1
1,Internet,RoundTrip,27,5,19,F,CDGSYD,UAE,1,1,1,8.34,0
1,Internet,RoundTrip,256,17,12,S,LHRBOM,USA,1,1,0,11.34,1
4,Internet,OneWay,268,14,1,T,JFKDXB,France,1,1,0,5.2,0
1,Internet,RoundTrip,351,18,22,F,JFKDXB,UAE,1,0,0,6.26,1
3,Internet,RoundTrip,212,20,14,S,JFKDXB,UAE,0,0,0,7.63,0
4,Internet,OneWay,348,13,12,T,AUHBOM,India,1,0,1,7.1,1
3,Mobile,RoundTrip,165,1,10,W,CDGSYD,United Kingdom,0,1,1,11.31,0
2,Mobile,RoundTrip,97,19,9,T,LHRBOM,India,0,0,1,2.6,1
1,Mobile,OneWay,355,3,14,F,LHRBOM,India,1,1,1,3.92,1
3,Internet,OneWay,190,15,14,W,JFKDXB,UAE,1,0,0,3.8,1
2,Internet,RoundTrip,119,5,6,T,LHRBOM,India,0,1,1,8.96,0
4,Internet,RoundTrip,235,16,9,M,AUHBOM,India,1,1,0,3.1,0
3,Mobile,OneWay,154,17,3,M,LTNPRG,France,1,0,0,2.97,1
1,Internet,OneWay,273,16,7,S,LHRBOM,USA,0,1,0,12.16,1
2,Internet,RoundTrip,269,6,22,T,CDGSYD,France,0,0,0,14.74,0
3,Internet,RoundTrip,7,13,5,F,LTNPRG,India,1,0,0,2.47,1
3,Internet,RoundTrip,192,4,19,T,LHRBOM,UAE,0,1,1,4.23,1
3,Mobile,RoundTrip,312,18,10,T,LHRBOM,United Kingdom,1,1,0,8.62,1
1,Internet,OneWay,240,4,20,S,AUHBOM,UAE,1,1,0,13.7,1
1,Internet,OneWay,263,17,13,T,JFKDXB,UAE,0,1,1,8.55,0
1,Mobile,RoundTrip,356,3,17,T,CDGSYD,India,0,0,0,6.93,0
3,Internet,OneWay,126,6,8,W,LTNPRG,India,1,1,1,12.91,1
1,Internet,OneWay,254,15,1,S,LHRBOM,India,0,1,0,12.02,0
4,Internet,RoundTrip,11,20,8,T,JFKDXB,UAE,0,1,0,12.4,1
2,Internet,OneWay,55,15,14,S,CDGSYD,France,0,0,1,5.04,0
2,Internet,RoundTrip,255,7,5,F,CDGSYD,USA,1,0,1,10.45,1
1,Internet,OneWay,77,7,8,T,JFKDXB,United Kingdom,0,1,0,4.38,0
2,Mobile,RoundTrip,287,13,0,T,AUHBOM,India,1,0,1,7.93,1
4,Internet,RoundTrip,317,9,7,S,LHRBOM,United Kingdom,1,0,1,12.91,1
1,Internet,RoundTrip,326,5,2,W,JFKDXB,USA,1,1,1,12.34,1
3,Internet,RoundTrip,18,13,5,S,CDGSYD,UAE,1,0,0,9.22,0
1,Mobile,RoundTrip,119,9,8,F,LHRBOM,India,0,0,0,12.01,0
1,Internet,RoundTrip,186,20,4,M,LHRBOM,United Kingdom,1,0,1,2.88,0
3,Mobile,RoundTrip,6,1,1,M,LTNPRG,France,0,0,0,12.79,1
3,Internet,RoundTrip,330,15,3,F,AUHBOM,United Kingdom,1,0,1,12.33,1
3,Internet,RoundTrip,352,16,15,T,JFKDXB,USA,1,1,1,11.64,1
1,Mobile,RoundTrip,283,17,2,W,LHRBOM,India,1,1,1,3.87,0
1,Internet,RoundTrip,102,15,0,T,LTNPRG,United Kingdom,0,1,1,4.77,1
2,Internet,OneWay,43,20,16,T,LTNPRG,France,0,1,0,4.85,0
1,Mobile,OneWay,301,7,10,S,CDGSYD,India,0,1,1,10.89,1
4,Internet,RoundTrip,270,8,21,W,LTNPRG,France,1,0,1,5.65,0
2,Internet,RoundTrip,345,19,8,M,CDGSYD,India,0,0,0,3.71,0
3,Mobile,RoundTrip,140,2,8,T,LTNPRG,United Kingdom,1,0,1,9.32,1
1,Mobile,RoundTrip,62,17,1,S,JFKDXB,UAE,1,1,0,6.64,1
3,Mobile,RoundTrip,329,15,2,W,AUHBOM,United Kingdom,1,1,1,8.25,0
1,Mobile,RoundTrip,40,12,19,S,LHRBOM,India,0,0,0,11.5,1
2,Internet,RoundTrip,209,3,5,T,JFKDXB,USA,1,1,1,5.01,1
2,Mobile,OneWay,172,13,1,T,LTNPRG,India,0,0,0,13.78,0
1,Internet,RoundTrip,200,9,17,T,AUHBOM,UAE,0,0,1,11.34,0
1,Internet,RoundTrip,147,2,22,T,LHRBOM,UAE,1,0,0,12.64,0
4,Internet,RoundTrip,4,15,8,S,LHRBOM,India,0,1,0,7.37,0
2,Mobile,RoundTrip,227,17,8,F,CDGSYD,UAE,1,0,0,9.62,1
3,Internet,OneWay,91,12,15,T,AUHBOM,USA,0,1,0,12.2,0
3,Mobile,RoundTrip,43,4,2,M,CDGSYD,UAE,1,1,1,2.61,1
3,Internet,RoundTrip,151,8,4,M,LHRBOM,France,0,0,1,6.76,1
3,Internet,RoundTrip,106,11,20,F,CDGSYD,UAE,0,0,0,3.49,0
4,Internet,RoundTrip,264,11,17,T,AUHBOM,United Kingdom,0,1,1,12.41,0
3,Internet,RoundTrip,132,12,3,W,JFKDXB,France,1,1,1,14.63,0
2,Internet,RoundTrip,190,5,15,T,CDGSYD,United Kingdom,0,0,0,13.74,0
2,Internet,RoundTrip,177,16,22,M,LHRBOM,United Kingdom,1,1,1,13.95,1
4,Internet,RoundTrip,311,2,5,T,JFKDXB,UAE,0,0,1,6.88,1
2,Internet,RoundTrip,38,20,4,T,JFKDXB,United Kingdom,1,1,1,8.77,1
3,Internet,RoundTrip,13,9,21,F,LHRBOM,India,0,1,0,7.06,0
4,Internet,OneWay,316,17,22,T,LTNPRG,France,1,0,0,6.75,0
1,Internet,RoundTrip,118,2,12,T,JFKDXB,United Kingdom,1,1,1,2.19,1
1,Internet,RoundTrip,262,14,11,S,JFKDXB,India,0,0,1,9.68,1
1,Internet,RoundTrip,218,20,5,F,LTNPRG,UAE,1,0,0,12.57,0
1,Internet,OneWay,278,20,1,S,JFKDXB,USA,1,0,0,7.16,0
3,Internet,RoundTrip,240,9,13,T,JFKDXB,UAE,0,1,1,13.06,0
3,Internet,RoundTrip,89,8,3,S,LTNPRG,UAE,1,0,1,7.8,0
2,Internet,RoundTrip,183,18,9,T,JFKDXB,United Kingdom,1,1,1,10.31,1
1,Internet,RoundTrip,112,13,21,F,CDGSYD,United Kingdom,0,1,1,2.15,1
3,Internet,RoundTrip,146,20,21,F,LHRBOM,France,1,1,1,10.07,1
1,Internet,RoundTrip,199,5,10,M,JFKDXB,India,1,1,0,5.82,0
3,Internet,RoundTrip,27,9,7,F,CDGSYD,France,0,1,0,12.42,1
4,Mobile,RoundTrip,12,7,22,M,LTNPRG,France,1,0,0,2.02,1
2,Internet,RoundTrip,254,9,20,F,AUHBOM,India,1,1,0,3.42,0
2,Internet,RoundTrip,33,18,13,M,LTNPRG,India,0,1,1,12.63,1
3,Mobile,RoundTrip,329,18,17,S,LHRBOM,France,0,1,1,7.8,1
1,Internet,RoundTrip,234,12,10,F,CDGSYD,USA,1,0,0,5.49,1
3,Internet,OneWay,295,1,15,T,CDGSYD,UAE,0,0,1,2.25,0
2,Mobile,OneWay,172,9,12,S,LHRBOM,France,0,1,1,6.67,1
2,Internet,RoundTrip,256,10,4,S,LHRBOM,France,0,0,1,12.33,1
1,Mobile,RoundTrip,68,15,1,T,AUHBOM,United Kingdom,1,0,0,8.89,1
4,Internet,OneWay,231,6,1,S,LHRBOM,USA,1,1,1,3.53,0
2,Internet,RoundTrip,114,12,18,W,LTNPRG,United Kingdom,0,0,0,6.84,0
1,Internet,RoundTrip,282,16,19,W,LHRBOM,UAE,0,1,0,6.49,1
4,Internet,RoundTrip,134,12,11,S,LTNPRG,USA,0,1,0,3.37,1
4,Mobile,RoundTrip,283,17,13,S,AUHBOM,USA,0,0,0,6.79,0
3,Internet,RoundTrip,326,6,21,S,JFKDXB,UAE,0,1,1,3.8,1
1,Internet,OneWay,3,13,22,W,LTNPRG,India,1,1,1,11.26,0
4,Internet,OneWay,23,10,16,F,CDGSYD,United Kingdom,0,1,1,4.95,1
1,Mobile,RoundTrip,131,9,11,S,JFKDXB,India,1,0,1,5.75,0
1,Internet,RoundTrip,200,9,10,M,CDGSYD,UAE,1,1,0,3.97,1
3,Mobile,OneWay,316,12,13,S,CDGSYD,France,1,1,0,12.33,0
2,Internet,OneWay,160,11,17,S,LHRBOM,USA,1,0,0,14.08,1
1,Mobile,RoundTrip,310,12,22,T,JFKDXB,UAE,0,0,1,4.51,1
3,Internet,RoundTrip,266,20,15,M,JFKDXB,India,1,1,1,8.86,0
2,Internet,OneWay,259,13,16,W,LTNPRG,France,1,1,1,13.83,0
4,Internet,RoundTrip,332,11,0,M,AUHBOM,France,0,0,1,14.26,1
1,Internet,RoundTrip,113,19,8,F,JFKDXB,France,0,1,1,3.8,1
4,Internet,RoundTrip,244,5,6,W,LHRBOM,India,1,1,1,9.79,1
3,Internet,RoundTrip,291,5,19,W,LTNPRG,India,1,1,1,8.56,1
1,Mobile,RoundTrip,353,3,5,T,LHRBOM,USA,1,1,0,7.32,0
3,Mobile,RoundTrip,85,5,6,F,JFKDXB,USA,0,0,0,12.59,0
4,Mobile,OneWay,287,2,15,M,LHRBOM,United Kingdom,0,0,0,2.34,0
1,Mobile,RoundTrip,82,4,12,W,JFKDXB,United Kingdom,1,0,1,12.94,1
4,Mobile,OneWay,351,14,9,M,CDGSYD,India,1,0,0,5.05,1
2,Internet,OneWay,196,14,5,T,AUHBOM,India,0,1,1,3.87,1
4,Internet,OneWay,319,13,20,W,CDGSYD,United Kingdom,0,0,0,10.2,0
1,Mobile,RoundTrip,208,19,22,W,AUHBOM,United Kingdom,0,0,1,14.24,0
3,Mobile,OneWay,28,18,1,T,LHRBOM,India,0,1,1,8.74,0
4,Mobile,RoundTrip,128,7,21,S,LTNPRG,United Kingdom,1,0,1,14.53,1
2,Mobile,RoundTrip,222,4,18,T,JFKDXB,United Kingdom,1,0,1,9.98,1
1,Internet,OneWay,220,9,20,F,LTNPRG,UAE,1,1,1,9.75,1
2,Mobile,RoundTrip,201,19,10,F,LTNPRG,France,0,1,0,4.42,1
3,Mobile,OneWay,259,20,9,F,AUHBOM,United Kingdom,1,0,1,3.93,0
3,Internet,RoundTrip,211,5,14,M,LHRBOM,India,0,0,1,10.19,1
2,Mobile,RoundTrip,66,3,16,S,CDGSYD,France,1,0,0,2.81,1
4,Internet,OneWay,29,15,21,F,LHRBOM,United Kingdom,0,1,1,14.65,1
3,Mobile,RoundTrip,106,18,5,S,CDGSYD,France,1,1,1,5.62,0
3,Internet,RoundTrip,51,20,22,S,JFKDXB,USA,1,0,0,8.02,1
4,Mobile,OneWay,255,20,8,T,LHRBOM,United Kingdom,0,1,0,4.37,1
4,Internet,RoundTrip,356,6,15,S,LHRBOM,India,1,0,1,7.85,1
2,Internet,RoundTrip,338,16,18,T,LTNPRG,United Kingdom,0,0,0,5.0,1
2,Internet,RoundTrip,207,14,15,W,LHRBOM,UAE,0,1,1,12.9,0
3,Internet,RoundTrip,322,7,1,W,JFKDXB,France,1,1,1,2.82,0
3,Internet,RoundTrip,240,1,20,W,LHRBOM,France,1,0,0,7.41,1
2,Mobile,RoundTrip,48,14,1,T,LHRBOM,United Kingdom,0,0,1,11.98,1
3,Internet,RoundTrip,214,8,12,S,JFKDXB,France,0,0,1,13.5,1
3,Mobile,OneWay,208,6,15,T,LHRBOM,France,0,0,0,14.58,1
4,Internet,RoundTrip,201,1,5,W,LTNPRG,USA,1,0,0,2.75,1
2,Internet,OneWay,292,3,17,S,AUHBOM,India,0,0,0,3.71,1
4,Mobile,RoundTrip,359,4,13,S,LHRBOM,USA,0,1,1,5.22,1
1,Mobile,RoundTrip,87,3,8,T,LTNPRG,India,1,0,1,14.42,1
4,Internet,OneWay,7,19,3,M,LTNPRG,UAE,1,1,0,14.59,1
1,Mobile,RoundTrip,235,1,15,W,LTNPRG,United Kingdom,0,1,0,9.48,0
4,Mobile,RoundTrip,41,8,2,M,JFKDXB,United Kingdom,1,0,0,11.54,1
1,Internet,OneWay,156,20,20,F,AUHBOM,UAE,0,1,0,8.1,1
4,Mobile,OneWay,340,3,2,S,CDGSYD,USA,1,1,1,13.76,0
4,Mobile,RoundTrip,242,14,2,F,AUHBOM,France,0,0,1,3.42,1
4,Internet,OneWay,342,6,4,W,LHRBOM,UAE,0,0,0,12.43,0
4,Internet,OneWay,12,7,19,W,JFKDXB,UAE,1,1,0,8.21,1
2,Internet,RoundTrip,258,9,19,T,JFKDXB,United Kingdom,0,0,0,7.91,0
1,Internet,RoundTrip,114,12,13,S,JFKDXB,France,0,1,0,9.39,1
4,Mobile,RoundTrip,28,16,18,S,AUHBOM,United Kingdom,0,0,0,8.17,1
3,Mobile,RoundTrip,112,13,9,S,LHRBOM,India,0,0,1,13.1,0
4,Internet,RoundTrip,340,1,22,W,AUHBOM,United Kingdom,0,1,1,5.12,0
3,Internet,RoundTrip,153,4,1,T,JFKDXB,France,1,0,1,3.65,1
3,Internet,RoundTrip,335,13,14,M,AUHBOM,France,1,0,1,10.32,1
2,Internet,RoundTrip,42,6,8,S,AUHBOM,USA,0,0,0,11.77,0
2,Mobile,RoundTrip,239,2,8,S,LHRBOM,United Kingdom,0,0,0,8.44,0
2,Internet,RoundTrip,159,11,18,T,JFKDXB,India,1,0,1,10.47,1
3,Internet,RoundTrip,110,7,17,M,LHRBOM,France,1,1,1,8.26,1
3,Internet,RoundTrip,198,17,12,T,LTNPRG,France,1,0,0,12.82,0
1,Internet,RoundTrip,224,18,20,S,LTNPRG,United Kingdom,0,0,1,11.24,0
1,Mobile,RoundTrip,10,3,4,S,LHRBOM,France,0,0,1,14.48,0
1,Mobile,RoundTrip,238,16,1,S,AUHBOM,India,1,1,1,9.87,1
3,Internet,RoundTrip,110,18,5,S,CDGSYD,France,0,1,1,10.77,0
3,Internet,RoundTrip,293,13,2,M,JFKDXB,India,1,1,1,8.91,1
1,Internet,RoundTrip,65,13,19,F,AUHBOM,United Kingdom,0,0,1,9.07,0
3,Internet,RoundTrip,105,10,11,S,LHRBOM,India,0,0,1,3.02,0
1,Internet,RoundTrip,354,10,9,W,CDGSYD,France,1,0,1,7.8,0
4,Internet,RoundTrip,90,2,11,T,AUHBOM,France,0,0,0,5.08,1
3,Mobile,RoundTrip,48,3,2,T,LTNPRG,USA,0,0,0,14.58,1
3,Internet,RoundTrip,201,14,14,S,LTNPRG,France,1,0,0,13.66,1
3,Internet,RoundTrip,229,11,22,W,CDGSYD,USA,0,1,0,7.32,1
2,Internet,RoundTrip,207,4,3,S,LHRBOM,India,0,1,0,3.41,1
4,Mobile,OneWay,147,8,5,F,LTNPRG,France,1,0,0,7.0,0
3,Internet,RoundTrip,40,13,17,W,LTNPRG,UAE,0,1,0,14.92,1
1,Internet,RoundTrip,105,4,18,T,LTNPRG,United Kingdom,1,0,1,2.89,0
4,Mobile,OneWay,21,5,6,M,LHRBOM,France,0,1,0,13.72,0
3,Internet,OneWay,311,18,0,S,JFKDXB,USA,0,1,1,3.38,0
2,Mobile,RoundTrip,95,10,16,T,AUHBOM,USA,0,1,0,9.24,1
4,Internet,RoundTrip,242,10,5,T,LTNPRG,UAE,0,0,0,13.29,1
1,Mobile,RoundTrip,95,2,18,W,LHRBOM,India,1,1,1,10.04,0
3,Mobile,OneWay,226,2,7,F,JFKDXB,USA,1,0,1,4.26,1
3,Internet,RoundTrip,34,13,22,S,LTNPRG,USA,0,0,1,14.94,1
4,Internet,RoundTrip,35,7,19,F,CDGSYD,UAE,1,0,0,13.19,0
3,Internet,RoundTrip,116,6,1,M,CDGSYD,UAE,0,1,0,3.96,0
4,Mobile,RoundTrip,95,4,17,S,LTNPRG,UAE,0,1,0,8.73,0
2,Mobile,RoundTrip,118,16,16,F,LHRBOM,India,0,1,0,10.44,0
4,Mobile,RoundTrip,101,19,7,S,LHRBOM,USA,1,1,0,9.67,1
1,Mobile,RoundTrip,253,6,21,T,LTNPRG,UAE,1,0,0,6.6,1
4,Internet,RoundTrip,159,5,18,S,JFKDXB,UAE,0,1,0,12.63,1
4,Internet,OneWay,57,16,6,S,JFKDXB,UAE,1,0,1,5.63,1
3,Internet,RoundTrip,336,11,18,M,LHRBOM,UAE,1,1,1,5.95,1
1,Mobile,OneWay,232,16,16,S,LHRBOM,France,0,0,0,9.11,1
2,Mobile,RoundTrip,147,15,11,S,LHRBOM,United Kingdom,1,1,0,2.82,0
1,Internet,RoundTrip,186,16,20,S,CDGSYD,India,1,1,0,3.01,0
4,Internet,RoundTrip,120,4,11,S,LTNPRG,United Kingdom,1,0,1,14.57,0
2,Internet,RoundTrip,144,11,6,T,LTNPRG,India,0,1,0,7.64,0
4,Mobile,RoundTrip,26,9,11,M,AUHBOM,USA,1,1,1,9.33,0
4,Mobile,RoundTrip,303,18,11,F,JFKDXB,India,1,1,0,14.88,1
1,Internet,RoundTrip,141,14,3,F,LHRBOM,India,0,0,1,14.68,1
4,Internet,RoundTrip,254,15,13,S,LTNPRG,India,1,0,1,12.02,1
2,Internet,OneWay,20,18,18,F,AUHBOM,United Kingdom,1,0,0,9.62,0
1,Internet,RoundTrip,34,14,20,M,CDGSYD,France,0,1,1,5.23,0
2,Mobile,OneWay,133,14,16,T,AUHBOM,UAE,0,0,0,4.36,1
3,Internet,OneWay,14,11,11,W,AUHBOM,United Kingdom,1,1,1,3.55,0
4,Internet,RoundTrip,353,2,19,S,JFKDXB,UAE,0,0,1,6.86,0
3,Internet,RoundTrip,15,15,21,F,LHRBOM,UAE,0,0,0,5.43,1
1,Internet,RoundTrip,203,7,18,S,AUHBOM,UAE,1,1,1,12.98,0
2,Mobile,OneWay,128,3,18,S,LHRBOM,USA,1,1,1,13.96,0
2,Internet,RoundTrip,77,8,18,T,CDGSYD,United Kingdom,0,0,0,9.86,0
3,Internet,RoundTrip,52,7,11,S,LHRBOM,UAE,1,1,0,10.48,1
3,Internet,RoundTrip,109,8,17,M,LHRBOM,United Kingdom,1,1,1,8.96,1
1,Mobile,RoundTrip,19,6,8,T,LHRBOM,UAE,0,0,0,3.44,0
1,Mobile,RoundTrip,208,19,21,T,AUHBOM,USA,1,1,1,13.14,1
1,Internet,RoundTrip,86,18,20,M,LHRBOM,UAE,1,1,0,2.51,1
4,Internet,RoundTrip,8,1,13,S,LHRBOM,USA,1,1,1,10.77,1
3,Internet,RoundTrip,42,10,16,M,LHRBOM,India,1,0,0,4.17,0
2,Internet,RoundTrip,328,7,19,M,LHRBOM,UAE,0,0,1,12.14,0
4,Internet,OneWay,88,17,13,M,JFKDXB,UAE,1,0,1,10.46,1
1,Mobile,RoundTrip,211,10,18,F,JFKDXB,UAE,0,0,1,5.2,0
1,Mobile,RoundTrip,150,13,16,T,CDGSYD,India,1,1,0,12.11,0
2,Internet,RoundTrip,180,2,6,F,AUHBOM,France,1,1,1,12.19,0
1,Internet,RoundTrip,311,15,3,T,LHRBOM,UAE,0,1,0,8.49,0
4,Internet,RoundTrip,261,10,13,T,AUHBOM,France,0,0,1,9.14,0
4,Internet,RoundTrip,201,18,0,T,AUHBOM,USA,0,0,1,3.38,1
3,Internet,OneWay,73,3,16,T,LTNPRG,India,1,0,0,7.55,1
4,Internet,OneWay,310,7,15,T,JFKDXB,UAE,1,1,1,10.58,1
2,Mobile,RoundTrip,8,17,2,S,LHRBOM,UAE,0,0,1,2.9,1
1,Internet,OneWay,203,5,7,T,JFKDXB,USA,1,0,0,6.67,0
2,Mobile,RoundTrip,224,6,12,W,LTNPRG,France,0,0,0,7.86,0
1,Internet,OneWay,345,7,16,S,CDGSYD,India,1,0,1,11.24,0
4,Internet,RoundTrip,59,11,0,T,AUHBOM,United Kingdom,0,0,1,6.8,1
3,Internet,RoundTrip,106,2,12,S,JFKDXB,India,1,0,0,14.04,1
4,Mobile,RoundTrip,5,13,5,W,JFKDXB,UAE,0,1,1,12.44,0
2,Internet,RoundTrip,90,17,9,S,AUHBOM,USA,1,0,1,8.52,1
3,Internet,OneWay,339,7,11,T,LTNPRG,India,1,0,0,11.26,1
2,Mobile,RoundTrip,4,4,4,T,LTNPRG,United Kingdom,1,0,1,6.05,1
2,Mobile,RoundTrip,287,8,7,T,CDGSYD,UAE,0,1,0,8.41,1
3,Internet,RoundTrip,341,13,9,S,LTNPRG,France,1,1,0,9.43,0
4,Internet,OneWay,42,11,17,T,CDGSYD,France,1,0,1,5.68,1
3,Internet,RoundTrip,132,13,6,W,LHRBOM,UAE,1,0,0,12.99,0
3,Mobile,RoundTrip,327,17,14,W,LHRBOM,India,1,0,0,9.18,1
3,Internet,RoundTrip,263,19,8,F,AUHBOM,UAE,0,1,0,8.0,0
2,Internet,RoundTrip,25,10,6,T,CDGSYD,France,1,1,1,6.1,1
4,Internet,RoundTrip,316,16,2,T,JFKDXB,France,1,1,0,13.55,0
4,Internet,RoundTrip,293,10,0,F,CDGSYD,UAE,0,1,0,6.01,1
2,Mobile,OneWay,114,3,7,T,LTNPRG,UAE,0,0,0,3.61,0
4,Mobile,OneWay,151,12,5,W,LTNPRG,United Kingdom,1,1,1,3.12,1
2,Internet,RoundTrip,111,20,17,M,JFKDXB,USA,0,0,0,13.19,0
3,Mobile,RoundTrip,189,9,11,T,JFKDXB,France,0,1,0,6.15,0
3,Internet,OneWay,284,11,1,S,AUHBOM,India,1,1,1,10.41,0
4,Internet,RoundTrip,244,15,17,S,LHRBOM,India,1,0,0,14.92,0
4,Internet,RoundTrip,353,17,9,T,LHRBOM,UAE,0,1,1,5.42,1
2,Mobile,RoundTrip,36,1,13,F,CDGSYD,USA,1,0,0,10.22,0
3,Internet,OneWay,337,2,2,M,LHRBOM,United Kingdom,1,0,1,9.1,0
3,Internet,RoundTrip,331,10,1,S,CDGSYD,UAE,1,0,0,2.88,1
4,Mobile,OneWay,140,3,2,S,LHRBOM,USA,0,0,0,6.49,0
1,Internet,RoundTrip,53,19,10,S,LHRBOM,United Kingdom,0,1,1,3.66,1
3,Mobile,RoundTrip,83,15,20,W,AUHBOM,UAE,1,1,0,5.14,0
3,Internet,RoundTrip,343,13,22,W,CDGSYD,USA,0,1,1,13.17,1
2,Internet,RoundTrip,4,12,18,S,LTNPRG,UAE,1,1,0,6.3,0
2,Internet,RoundTrip,34,10,20,T,LTNPRG,UAE,1,1,1,2.36,1
3,Internet,RoundTrip,27,1,17,F,LHRBOM,USA,1,0,1,13.53,0
2,Internet,RoundTrip,63,16,17,S,JFKDXB,France,1,1,0,13.99,1
1,Internet,RoundTrip,288,10,9,S,LHRBOM,UAE,1,0,1,9.06,0
4,Mobile,OneWay,21,8,6,W,LHRBOM,UAE,0,0,0,6.59,1
2,Mobile,OneWay,352,9,14,M,AUHBOM,UAE,0,0,0,12.57,0
1,Mobile,RoundTrip,145,10,0,T,JFKDXB,UAE,0,1,0,3.29,0
1,Internet,RoundTrip,194,19,4,S,CDGSYD,France,0,1,0,9.97,1
4,Internet,RoundTrip,216,4,10,T,AUHBOM,USA,0,0,0,3.92,1
2,Internet,RoundTrip,296,4,14,W,JFKDXB,France,0,1,1,13.18,1
2,Internet,RoundTrip,228,3,8,S,AUHBOM,UAE,1,0,0,11.97,1
2,Mobile,RoundTrip,23,13,17,T,AUHBOM,United Kingdom,1,0,1,13.7,1
1,Internet,OneWay,302,1,15,T,JFKDXB,United Kingdom,1,0,1,14.57,0
3,Internet,RoundTrip,33,16,5,T,CDGSYD,France,1,0,1,12.36,1
1,Internet,RoundTrip,193,15,1,S,JFKDXB,UAE,1,1,1,5.48,1
4,Internet,RoundTrip,316,15,6,T,LTNPRG,United Kingdom,0,1,0,10.04,0
2,Internet,RoundTrip,186,10,21,F,JFKDXB,USA,1,1,0,14.18,0
1,Internet,RoundTrip,153,9,5,S,LTNPRG,UAE,1,1,1,4.48,0
2,Internet,RoundTrip,119,19,16,F,LHRBOM,United Kingdom,1,1,0,4.49,1
1,Internet,RoundTrip,286,17,15,S,JFKDXB,UAE,1,0,1,11.72,1
2,Internet,RoundTrip,238,4,22,W,AUHBOM,USA,0,1,1,10.17,1
1,Mobile,RoundTrip,296,6,21,S,LHRBOM,UAE,0,0,1,7.87,1
3,Internet,OneWay,331,5,19,W,JFKDXB,France,1,1,0,3.18,1
4,Internet,RoundTrip,216,10,7,M,JFKDXB,India,0,1,1,11.9,1
2,Internet,RoundTrip,130,13,9,W,JFKDXB,United Kingdom,1,1,0,6.4,0
1,Internet,RoundTrip,216,5,11,T,LTNPRG,France,1,0,1,13.83,0
1,Mobile,OneWay,130,2,15,S,LHRBOM,UAE,1,0,0,9.74,1
4,Internet,RoundTrip,75,8,3,W,LTNPRG,UAE,1,0,0,11.81,0
2,Mobile,RoundTrip,125,11,19,S,LHRBOM,UAE,1,1,1,4.35,1
2,Mobile,RoundTrip,175,14,14,S,CDGSYD,India,1,1,0,10.79,0
1,Internet,OneWay,83,3,4,T,CDGSYD,India,0,0,1,14.59,0
3,Internet,RoundTrip,115,14,1,S,LTNPRG,India,1,0,0,4.91,1
1,Internet,RoundTrip,207,4,0,T,CDGSYD,USA,0,0,0,11.63,0
4,Internet,RoundTrip,50,6,8,F,LHRBOM,UAE,0,0,0,7.3,1
1,Internet,RoundTrip,39,11,7,F,CDGSYD,France,1,1,1,3.31,0
1,Internet,RoundTrip,282,3,3,F,LHRBOM,India,0,0,0,13.63,0
3,Internet,OneWay,304,12,10,T,LHRBOM,France,0,0,1,7.65,0
2,Internet,RoundTrip,115,1,0,W,LHRBOM,United Kingdom,1,0,0,6.51,1
3,Internet,OneWay,51,5,14,S,LTNPRG,UAE,1,1,1,12.29,0
1,Internet,OneWay,168,12,10,S,LHRBOM,France,0,1,0,2.17,1
4,Mobile,RoundTrip,64,6,6,M,CDGSYD,UAE,1,1,0,9.67,1
2,Internet,OneWay,320,9,10,S,AUHBOM,USA,1,1,1,2.69,0
4,Internet,RoundTrip,25,6,10,S,LHRBOM,UAE,1,1,1,14.24,0
4,Mobile,RoundTrip,184,11,19,F,JFKDXB,France,1,0,1,13.69,1
3,Internet,RoundTrip,139,3,14,T,JFKDXB,USA,1,1,1,10.42,0
2,Internet,OneWay,170,4,5,T,AUHBOM,India,0,0,1,8.85,1
2,Internet,OneWay,276,20,18,T,AUHBOM,UAE,1,1,1,12.13,0
3,Internet,RoundTrip,96,7,7,T,JFKDXB,France,1,0,1,11.17,0
1,Mobile,RoundTrip,332,14,5,W,CDGSYD,France,1,1,0,7.57,0
1,Internet,OneWay,356,1,16,S,AUHBOM,India,0,1,0,4.1,1
3,Internet,RoundTrip,159,3,18,T,LHRBOM,India,1,1,0,12.95,1
1,Internet,RoundTrip,141,16,0,W,LHRBOM,USA,1,0,0,10.98,0
2,Internet,RoundTrip,86,8,21,T,AUHBOM,United Kingdom,0,0,0,6.08,1
3,Internet,RoundTrip,297,7,14,S,CDGSYD,USA,1,0,1,7.64,1
2,Mobile,RoundTrip,265,4,9,T,CDGSYD,USA,0,1,1,11.48,0
4,Internet,RoundTrip,164,6,17,F,AUHBOM,USA,0,1,1,10.25,0
4,Internet,RoundTrip,251,5,12,W,AUHBOM,India,1,0,1,13.95,0
1,Internet,RoundTrip,134,16,21,M,CDGSYD,India,1,1,0,2.38,1
1,Mobile,RoundTrip,249,19,0,W,CDGSYD,France,0,0,1,10.17,1
4,Internet,RoundTrip,299,1,12,F,JFKDXB,USA,1,1,0,7.0,1
1,Internet,RoundTrip,162,3,16,T,CDGSYD,USA,0,1,0,5.76,1
2,Internet,RoundTrip,243,13,0,T,JFKDXB,India,1,0,0,13.7,0
4,Mobile,OneWay,206,18,20,S,JFKDXB,India,1,0,1,7.58,1
3,Internet,RoundTrip,27,7,8,T,AUHBOM,UAE,1,1,1,7.51,1
2,Mobile,OneWay,23,17,0,S,LHRBOM,United Kingdom,0,0,1,5.61,1
1,Internet,RoundTrip,96,1,8,M,CDGSYD,France,0,1,0,11.68,0
2,Mobile,RoundTrip,92,15,19,T,CDGSYD,India,1,1,1,7.74,1
3,Mobile,OneWay,70,19,22,F,CDGSYD,India,1,0,1,7.12,0
1,Internet,RoundTrip,338,10,3,T,AUHBOM,USA,0,1,0,11.0,1
3,Internet,OneWay,221,12,8,T,AUHBOM,USA,1,1,0,10.04,1
2,Internet,RoundTrip,16,6,19,T,AUHBOM,France,0,1,0,14.92,1
2,Internet,OneWay,329,16,0,M,AUHBOM,USA,0,1,1,6.04,1
4,Internet,RoundTrip,110,17,12,S,LTNPRG,France,1,0,1,14.14,1
4,Internet,OneWay,360,17,12,T,LHRBOM,USA,1,0,0,8.55,1
3,Mobile,RoundTrip,83,17,8,S,CDGSYD,France,1,1,0,2.36,1
3,Internet,RoundTrip,31,2,7,W,AUHBOM,United Kingdom,1,1,0,11.32,1
2,Internet,RoundTrip,48,11,21,S,JFKDXB,USA,1,0,0,7.01,1
1,Internet,OneWay,141,11,8,T,AUHBOM,United Kingdom,0,0,1,13.42,1
2,Internet,RoundTrip,337,1,14,F,CDGSYD,India,1,1,1,7.35,1
1,Internet,RoundTrip,202,17,17,S,LHRBOM,United Kingdom,0,1,1,3.54,0
2,Internet,RoundTrip,46,4,0,S,JFKDXB,India,1,0,1,10.78,0
2,Internet,RoundTrip,116,9,19,M,LHRBOM,UAE,0,0,1,6.46,1
3,Mobile,OneWay,179,2,17,T,LHRBOM,India,1,0,1,10.06,1
2,Internet,RoundTrip,199,16,4,S,JFKDXB,France,0,0,0,5.79,0
2,Mobile,RoundTrip,306,4,4,W,LHRBOM,UAE,1,1,0,6.38,1
3,Internet,OneWay,17,11,13,S,LHRBOM,United Kingdom,0,1,1,8.8,1
1,Internet,RoundTrip,2,11,21,S,AUHBOM,United Kingdom,0,0,1,8.68,1
1,Internet,RoundTrip,263,2,20,F,LTNPRG,France,0,0,0,14.93,1
3,Internet,RoundTrip,40,18,3,T,CDGSYD,UAE,0,1,1,9.01,1
3,Mobile,RoundTrip,249,1,13,W,LTNPRG,UAE,0,1,1,9.85,1
4,Internet,OneWay,125,14,11,M,JFKDXB,USA,0,0,0,13.13,1
3,Internet,OneWay,142,4,15,M,AUHBOM,France,0,1,1,2.1,1
4,Mobile,OneWay,54,13,12,S,CDGSYD,United Kingdom,1,0,1,14.24,0
3,Internet,RoundTrip,282,5,13,T,JFKDXB,USA,1,1,1,6.36,0
4,Mobile,RoundTrip,67,15,12,S,CDGSYD,UAE,1,1,0,12.73,0
1,Internet,RoundTrip,3,12,0,T,AUHBOM,India,1,0,1,9.71,1
3,Mobile,RoundTrip,216,13,12,T,JFKDXB,United Kingdom,1,0,1,13.09,0
4,Internet,RoundTrip,56,20,3,T,CDGSYD,United Kingdom,1,0,1,6.98,0
4,Internet,RoundTrip,63,9,10,T,JFKDXB,USA,1,0,1,13.1,0
2,Internet,OneWay,80,16,12,W,JFKDXB,USA,0,1,0,14.11,1
4,Internet,RoundTrip,233,17,16,M,AUHBOM,UAE,0,0,1,5.88,0
2,Mobile,RoundTrip,274,7,19,T,LTNPRG,UAE,1,0,0,10.07,1
1,Internet,OneWay,334,7,3,T,LTNPRG,India,1,0,0,4.71,1
4,Internet,RoundTrip,358,15,13,T,LTNPRG,India,0,0,0,10.58,1
2,Internet,RoundTrip,84,19,18,T,LTNPRG,France,1,1,1,14.08,1
1,Mobile,RoundTrip,79,1,7,F,CDGSYD,UAE,0,1,1,10.42,0
1,Internet,OneWay,78,3,0,F,LHRBOM,India,1,0,0,11.55,0
1,Mobile,RoundTrip,69,4,21,S,LTNPRG,USA,1,0,0,13.41,1
4,Internet,RoundTrip,5,13,19,W,JFKDXB,UAE,0,1,0,10.83,1
4,Mobile,RoundTrip,214,9,16,T,AUHBOM,United Kingdom,1,1,0,5.28,1
4,Internet,RoundTrip,6,11,17,S,LHRBOM,India,0,0,0,10.61,0
1,Internet,RoundTrip,15,7,6,T,CDGSYD,UAE,0,0,0,14.06,1
4,Internet,RoundTrip,145,9,18,M,JFKDXB,France,1,1,0,11.4,0
3,Internet,RoundTrip,295,16,22,T,AUHBOM,UAE,1,1,1,5.48,0
2,Mobile,OneWay,179,9,6,M,JFKDXB,India,0,1,1,13.7,0
3,Mobile,RoundTrip,145,8,10,W,AUHBOM,India,0,1,1,14.02,1
4,Internet,RoundTrip,67,1,19,W,LHRBOM,UAE,1,0,1,5.08,0
2,Mobile,RoundTrip,248,8,5,S,CDGSYD,India,0,0,1,6.77,1
1,Internet,RoundTrip,118,16,15,S,LHRBOM,USA,0,0,0,3.46,0
4,Internet,RoundTrip,363,3,0,F,CDGSYD,UAE,1,0,1,14.05,0
1,Internet,RoundTrip,52,8,22,S,LTNPRG,USA,0,0,0,9.51,0
1,Internet,RoundTrip,286,6,1,S,CDGSYD,France,1,1,0,6.22,0
3,Internet,RoundTrip,248,10,0,W,LHRBOM,France,0,1,0,5.54,0
4,Internet,RoundTrip,134,17,9,T,JFKDXB,USA,1,1,0,9.36,0
4,Internet,RoundTrip,144,17,18,T,CDGSYD,United Kingdom,0,1,0,14.6,1
4,Mobile,RoundTrip,351,8,4,M,CDGSYD,France,0,0,0,8.04,0
4,Mobile,RoundTrip,268,12,14,M,CDGSYD,France,0,0,0,14.75,1
1,Internet,OneWay,16,17,7,W,AUHBOM,France,0,0,0,11.64,0
2,Internet,RoundTrip,201,18,22,M,JFKDXB,USA,0,1,1,11.16,1
3,Mobile,OneWay,270,13,10,F,LTNPRG,United Kingdom,0,1,1,4.0,0
2,Internet,RoundTrip,138,3,10,M,LHRBOM,USA,1,1,1,4.54,0
3,Mobile,OneWay,252,8,0,T,JFKDXB,United Kingdom,1,0,0,11.6,0
2,Internet,RoundTrip,228,6,6,M,JFKDXB,USA,1,0,0,4.15,0
2,Internet,RoundTrip,120,14,0,T,CDGSYD,United Kingdom,0,0,1,9.15,1
1,Internet,RoundTrip,3,5,20,S,LTNPRG,United Kingdom,1,0,1,8.67,0
3,Mobile,RoundTrip,13,1,10,M,LHRBOM,USA,1,0,1,11.41,0
4,Mobile,RoundTrip,252,18,7,F,LHRBOM,UAE,1,0,1,9.16,0
4,Internet,RoundTrip,283,3,5,T,LTNPRG,United Kingdom,0,1,0,4.84,1
2,Mobile,OneWay,136,16,16,S,CDGSYD,United Kingdom,0,0,0,12.15,1
3,Mobile,OneWay,174,20,14,F,AUHBOM,UAE,0,1,0,12.2,1
1,Internet,RoundTrip,187,17,7,S,AUHBOM,India,0,1,0,2.51,0
3,Mobile,OneWay,322,10,6,F,AUHBOM,USA,1,0,0,9.05,1
2,Internet,RoundTrip,191,12,21,S,LTNPRG,India,0,1,0,3.06,0
4,Internet,RoundTrip,208,15,1,T,JFKDXB,India,1,1,1,3.51,1
3,Internet,RoundTrip,204,5,12,W,LHRBOM,France,0,1,1,2.74,1
1,Mobile,RoundTrip,48,9,22,T,LHRBOM,USA,0,0,0,11.87,0
4,Mobile,OneWay,256,8,7,M,AUHBOM,India,0,1,0,9.37,1
3,Internet,OneWay,331,6,1,F,JFKDXB,France,1,0,1,8.58,1
1,Internet,OneWay,41,12,18,M,LHRBOM,USA,1,1,1,4.77,1
2,Internet,RoundTrip,26,9,20,S,CDGSYD,UAE,1,0,0,2.3,1
1,Mobile,RoundTrip,178,1,1,M,AUHBOM,India,0,0,0,4.9,1
2,Mobile,OneWay,279,2,8,M,CDGSYD,United Kingdom,1,0,0,6.16,0
4,Internet,RoundTrip,31,13,2,T,CDGSYD,USA,0,0,1,13.24,0
4,Internet,OneWay,271,12,20,T,AUHBOM,USA,0,1,0,3.91,1
3,Internet,RoundTrip,86,18,19,M,AUHBOM,United Kingdom,1,0,1,4.73,1
2,Internet,OneWay,67,2,18,S,AUHBOM,United Kingdom,0,1,1,3.79,0
2,Internet,RoundTrip,69,7,7,F,CDGSYD,United Kingdom,1,0,1,12.17,0
4,Internet,RoundTrip,192,8,16,W,JFKDXB,United Kingdom,1,1,1,3.87,1
1,Internet,RoundTrip,218,14,4,W,LTNPRG,UAE,1,0,0,3.31,1
4,Internet,RoundTrip,169,9,3,T,CDGSYD,USA,0,0,1,8.63,0
4,Mobile,RoundTrip,221,10,13,T,CDGSYD,France,0,1,1,8.58,0
4,Internet,OneWay,294,19,22,W,CDGSYD,India,0,0,1,7.77,0
3,Internet,RoundTrip,303,1,5,T,LTNPRG,India,1,0,1,13.12,0
4,Mobile,RoundTrip,266,18,10,W,AUHBOM,India,1,1,0,9.24,1
1,Mobile,RoundTrip,190,6,22,T,CDGSYD,USA,1,0,1,2.31,1
4,Internet,RoundTrip,80,1,9,T,CDGSYD,USA,1,1,1,6.11,0
1,Internet,RoundTrip,272,11,18,M,LHRBOM,United Kingdom,1,0,1,12.08,1
1,Internet,OneWay,246,5,15,T,LTNPRG,India,1,1,0,3.84,1
1,Internet,RoundTrip,324,15,20,T,CDGSYD,UAE,0,1,0,13.0,1
3,Internet,OneWay,260,16,7,M,JFKDXB,France,0,0,0,8.69,1
1,Internet,RoundTrip,49,9,19,S,LTNPRG,France,1,0,0,6.28,1
3,Internet,RoundTrip,208,16,18,S,LTNPRG,UAE,1,0,1,4.86,1
1,Internet,RoundTrip,263,4,20,S,LTNPRG,India,0,0,0,6.19,1
3,Mobile,RoundTrip,363,7,20,S,JFKDXB,UAE,0,1,0,2.7,0
1,Internet,RoundTrip,120,2,7,S,LTNPRG,United Kingdom,1,1,0,9.26,0
3,Internet,RoundTrip,314,13,19,S,LTNPRG,United Kingdom,1,1,1,5.33,0
1,Internet,RoundTrip,102,15,15,W,JFKDXB,France,0,0,0,13.37,1
4,Mobile,RoundTrip,138,16,2,T,LTNPRG,UAE,1,0,0,3.85,1
2,Internet,RoundTrip,351,8,20,S,LTNPRG,United Kingdom,0,0,1,8.03,1
3,Internet,RoundTrip,60,17,16,T,JFKDXB,UAE,0,0,0,11.41,0
2,Internet,RoundTrip,76,13,15,S,LTNPRG,USA,0,0,0,11.78,0
3,Internet,RoundTrip,305,12,1,S,JFKDXB,India,1,0,1,4.87,0
2,Mobile,RoundTrip,333,5,22,S,AUHBOM,United Kingdom,0,1,0,14.38,0
1,Mobile,RoundTrip,39,17,22,F,LHRBOM,India,0,0,1,14.33,1
4,Internet,RoundTrip,300,16,19,W,CDGSYD,France,1,0,1,7.4,1
3,Internet,RoundTrip,215,18,7,M,LHRBOM,India,0,0,0,7.97,0
2,Internet,RoundTrip,320,7,1,S,LHRBOM,France,0,1,0,6.34,0
1,Internet,RoundTrip,181,12,17,M,LTNPRG,UAE,1,1,0,7.15,1
4,Internet,RoundTrip,214,2,11,T,CDGSYD,UAE,1,0,0,12.28,1
2,Mobile,OneWay,85,12,5,W,JFKDXB,India,1,0,0,8.63,0
4,Mobile,RoundTrip,213,11,6,T,JFKDXB,France,0,1,1,13.63,1
4,Internet,RoundTrip,153,17,15,S,JFKDXB,France,0,1,0,7.34,1
4,Internet,RoundTrip,147,15,20,T,CDGSYD,France,1,1,1,11.02,1
3,Internet,OneWay,102,20,13,T,CDGSYD,United Kingdom,1,0,0,11.55,0
1,Internet,RoundTrip,146,19,21,T,LHRBOM,USA,0,1,1,6.35,0
1,Internet,RoundTrip,62,4,12,M,JFKDXB,United Kingdom,0,1,1,13.85,0
1,Mobile,RoundTrip,310,20,13,S,LTNPRG,USA,0,1,0,8.62,1
2,Mobile,OneWay,148,1,8,M,AUHBOM,UAE,0,1,1,8.59,0
3,Internet,RoundTrip,142,10,1,S,CDGSYD,USA,1,1,0,2.65,1
4,Internet,RoundTrip,357,19,5,T,LHRBOM,UAE,1,0,1,13.05,0
1,Internet,RoundTrip,178,13,7,F,AUHBOM,United Kingdom,0,0,0,9.93,0
3,Mobile,RoundTrip,256,20,14,S,LTNPRG,USA,1,1,1,4.98,0
1,Internet,RoundTrip,363,12,4,T,JFKDXB,UAE,0,1,0,6.09,0
2,Internet,OneWay,314,14,11,S,AUHBOM,United Kingdom,1,1,1,6.77,1
1,Internet,OneWay,129,11,12,W,LTNPRG,UAE,1,1,1,12.85,0
2,Internet,RoundTrip,194,19,11,T,JFKDXB,United Kingdom,0,1,1,12.48,1
3,Internet,OneWay,300,3,22,W,CDGSYD,UAE,0,0,0,9.03,0
3,Internet,OneWay,183,8,4,S,LHRBOM,India,0,0,0,12.2,1
4,Internet,RoundTrip,101,14,7,F,JFKDXB,India,1,0,1,9.38,1
3,Mobile,OneWay,193,10,8,W,JFKDXB,UAE,1,0,1,3.93,1
2,Internet,RoundTrip,10,20,16,M,LHRBOM,UAE,0,0,1,4.88,0
4,Internet,RoundTrip,321,12,15,S,JFKDXB,France,1,1,1,6.21,1
4,Mobile,RoundTrip,217,3,19,F,LTNPRG,India,0,1,0,4.96,1
4,Internet,OneWay,94,13,12,M,CDGSYD,UAE,0,0,1,13.7,1
4,Internet,OneWay,175,7,19,T,LTNPRG,India,1,1,0,4.54,0
4,Internet,RoundTrip,12,10,0,T,CDGSYD,France,1,1,0,3.25,0
1,Internet,RoundTrip,287,2,3,T,CDGSYD,United Kingdom,0,1,0,12.86,1
3,Mobile,RoundTrip,194,18,14,T,AUHBOM,France,1,1,1,3.83,0
2,Internet,OneWay,2,9,5,M,AUHBOM,United Kingdom,1,0,1,2.06,0
2,Internet,RoundTrip,168,17,6,T,AUHBOM,UAE,0,1,1,10.83,0
1,Internet,RoundTrip,26,10,5,M,LHRBOM,India,1,1,1,3.95,0
1,Internet,RoundTrip,141,19,3,S,LTNPRG,UAE,0,1,1,7.16,0
4,Internet,RoundTrip,313,8,6,S,AUHBOM,France,0,0,1,6.22,0
4,Mobile,RoundTrip,239,3,21,T,AUHBOM,USA,1,1,0,14.51,1
3,Mobile,RoundTrip,176,10,1,F,JFKDXB,India,1,1,1,3.28,0
1,Mobile,RoundTrip,187,1,22,T,JFKDXB,UAE,1,0,1,2.74,0
3,Internet,OneWay,185,17,12,T,LTNPRG,France,0,0,1,12.11,0
1,Internet,RoundTrip,36,19,17,T,JFKDXB,UAE,0,0,1,6.33,0
3,Mobile,RoundTrip,82,5,17,M,JFKDXB,France,1,1,0,9.32,1
1,Internet,OneWay,298,2,1,S,AUHBOM,France,1,0,1,2.13,1
2,Internet,RoundTrip,338,16,5,S,JFKDXB,USA,1,1,0,14.86,0
1,Mobile,RoundTrip,54,14,20,M,LTNPRG,USA,1,0,0,10.47,1
4,Internet,OneWay,333,16,14,T,CDGSYD,India,1,0,1,10.52,0
3,Internet,RoundTrip,12,12,8,M,CDGSYD,France,0,0,1,11.75,0
4,Mobile,RoundTrip,189,12,12,W,AUHBOM,India,0,0,1,6.72,1
1,Internet,RoundTrip,302,6,9,T,CDGSYD,France,1,0,1,7.22,1
3,Internet,RoundTrip,80,7,2,F,JFKDXB,UAE,1,0,0,7.69,1
2,Internet,RoundTrip,346,13,21,F,CDGSYD,India,1,0,0,12.32,0
2,Mobile,RoundTrip,358,19,5,M,AUHBOM,United Kingdom,1,0,0,3.09,1
4,Internet,RoundTrip,155,7,19,T,AUHBOM,United Kingdom,0,0,0,5.75,1
1,Mobile,RoundTrip,325,8,5,S,LHRBOM,UAE,0,1,0,12.15,0
4,Internet,RoundTrip,29,12,13,S,JFKDXB,France,0,1,1,2.89,1
1,Internet,RoundTrip,190,1,11,S,LTNPRG,UAE,0,1,0,14.33,1
2,Internet,RoundTrip,107,14,20,W,JFKDXB,France,0,1,1,9.19,0
1,Internet,RoundTrip,229,3,14,T,LHRBOM,UAE,0,1,1,3.59,1
3,Internet,RoundTrip,92,14,13,T,AUHBOM,USA,1,0,0,4.56,1
3,Internet,OneWay,161,18,6,W,LHRBOM,United Kingdom,0,1,1,4.67,0
3,Internet,OneWay,267,19,19,T,CDGSYD,India,0,1,1,4.42,1
4,Internet,RoundTrip,76,3,2,T,CDGSYD,USA,0,0,0,8.75,1
4,Mobile,RoundTrip,307,12,11,S,LHRBOM,France,1,1,1,12.52,0
4,Mobile,RoundTrip,249,9,6,S,CDGSYD,UAE,0,0,0,4.12,1
2,Internet,RoundTrip,92,10,10,S,AUHBOM,India,1,0,0,2.66,1
1,Internet,OneWay,244,14,0,W,CDGSYD,India,0,0,0,2.44,0
1,Internet,RoundTrip,116,20,15,W,CDGSYD,India,0,1,1,3.63,0
2,Internet,RoundTrip,200,12,17,S,CDGSYD,UAE,0,1,1,4.62,1
3,Internet,RoundTrip,223,12,16,M,AUHBOM,France,1,0,0,7.33,0
1,Internet,OneWay,297,14,16,S,CDGSYD,India,1,1,1,11.65,1
4,Internet,RoundTrip,127,11,0,F,LTNPRG,USA,1,0,1,2.32,1
4,Internet,OneWay,165,7,15,W,JFKDXB,India,0,1,1,5.68,1
1,Mobile,RoundTrip,162,17,7,S,JFKDXB,India,1,1,0,2.33,0
4,Internet,OneWay,314,14,14,T,AUHBOM,India,0,0,1,14.89,1
3,Internet,RoundTrip,307,12,14,W,LTNPRG,United Kingdom,0,1,0,11.02,0
2,Internet,OneWay,79,1,6,W,JFKDXB,UAE,1,1,1,4.59,1
3,Internet,OneWay,39,6,3,W,CDGSYD,USA,0,0,0,3.33,0
3,Internet,OneWay,351,6,2,W,LHRBOM,France,1,0,1,5.68,1
2,Internet,OneWay,61,13,10,T,LTNPRG,USA,0,0,1,11.57,1
3,Mobile,RoundTrip,75,3,13,S,CDGSYD,USA,0,0,1,14.97,0
1,Internet,RoundTrip,44,8,0,T,LTNPRG,France,1,0,0,5.46,1
2,Internet,RoundTrip,59,10,16,F,LTNPRG,USA,1,1,1,12.55,0
4,Internet,OneWay,24,15,5,F,AUHBOM,France,1,0,1,12.8,0
1,Mobile,OneWay,220,3,18,F,LHRBOM,UAE,0,1,1,10.8,0
3,Mobile,OneWay,186,13,16,W,LHRBOM,France,0,1,1,8.68,1
2,Mobile,RoundTrip,34,11,16,T,LTNPRG,France,1,1,1,14.07,1
2,Internet,OneWay,238,15,4,W,LTNPRG,France,1,1,0,10.54,0
1,Internet,OneWay,62,4,15,W,JFKDXB,UAE,1,0,0,8.77,1
3,Internet,RoundTrip,196,12,15,S,JFKDXB,USA,1,0,0,9.94,0
3,Mobile,RoundTrip,266,9,18,T,CDGSYD,France,0,0,1,12.04,0
3,Mobile,OneWay,156,6,13,S,JFKDXB,India,1,1,0,3.71,0
2,Mobile,OneWay,113,2,17,S,AUHBOM,UAE,1,1,1,12.83,1
3,Internet,RoundTrip,327,8,10,F,JFKDXB,United Kingdom,0,1,1,13.03,1
3,Mobile,RoundTrip,292,9,21,F,JFKDXB,France,1,1,1,6.58,1
3,Mobile,RoundTrip,308,2,16,M,LTNPRG,United Kingdom,1,0,0,2.84,0
3,Internet,RoundTrip,57,17,0,T,AUHBOM,France,0,1,0,12.13,0
2,Internet,RoundTrip,100,14,18,F,CDGSYD,India,0,1,1,13.38,0
3,Internet,RoundTrip,141,7,3,S,LHRBOM,UAE,0,0,1,9.52,0
3,Internet,OneWay,62,1,1,S,AUHBOM,UAE,0,0,1,11.72,0
4,Internet,OneWay,141,15,13,T,CDGSYD,United Kingdom,1,0,1,11.93,0
2,Internet,RoundTrip,91,1,11,F,LHRBOM,India,1,1,1,5.77,1
2,Mobile,OneWay,175,9,9,F,AUHBOM,France,1,1,1,3.47,1
3,Mobile,RoundTrip,258,5,9,M,JFKDXB,USA,1,1,1,13.42,0
3,Mobile,RoundTrip,150,5,7,S,CDGSYD,India,1,1,1,5.26,1
2,Internet,RoundTrip,263,16,21,W,LHRBOM,India,0,0,1,7.64,0
1,Internet,RoundTrip,141,7,17,F,LHRBOM,UAE,0,1,1,13.38,1
3,Internet,RoundTrip,180,5,18,W,CDGSYD,France,0,0,0,6.17,1
3,Mobile,OneWay,120,7,12,S,LHRBOM,India,1,1,1,7.41,0
4,Internet,RoundTrip,31,3,17,T,AUHBOM,France,1,1,1,2.37,1
3,Mobile,RoundTrip,6,15,12,S,CDGSYD,France,0,1,1,2.99,1
3,Internet,RoundTrip,67,10,20,S,LHRBOM,France,1,0,1,10.58,0
1,Internet,RoundTrip,225,5,1,M,AUHBOM,France,0,1,1,14.29,1
2,Mobile,RoundTrip,37,7,18,W,AUHBOM,USA,1,1,1,3.58,0
1,Internet,RoundTrip,173,20,10,F,LHRBOM,UAE,1,1,1,13.83,1
3,Mobile,RoundTrip,49,12,7,S,JFKDXB,UAE,0,1,1,3.48,1
3,Internet,RoundTrip,136,14,13,S,AUHBOM,USA,0,1,1,13.47,1
4,Internet,RoundTrip,99,18,21,F,CDGSYD,UAE,1,0,0,13.55,0
3,Internet,OneWay,77,9,6,W,JFKDXB,India,1,0,0,2.4,0
4,Mobile,RoundTrip,188,7,11,T,LHRBOM,USA,0,1,0,6.5,1
3,Internet,OneWay,325,20,5,S,CDGSYD,UAE,0,0,0,4.8,1
4,Mobile,OneWay,238,12,18,M,CDGSYD,United Kingdom,0,1,1,14.79,0
2,Mobile,RoundTrip,87,5,12,S,CDGSYD,United Kingdom,1,0,1,5.84,1
3,Internet,RoundTrip,310,18,6,M,CDGSYD,USA,0,1,0,9.13,0
3,Mobile,RoundTrip,336,16,20,W,LTNPRG,United Kingdom,0,1,0,7.51,1
3,Mobile,OneWay,276,9,5,S,JFKDXB,USA,1,1,1,8.83,0
3,Internet,RoundTrip,80,6,2,T,LHRBOM,United Kingdom,0,1,1,10.77,1
4,Mobile,RoundTrip,62,14,5,T,JFKDXB,USA,1,0,0,6.67,0
1,Internet,RoundTrip,354,11,7,T,CDGSYD,USA,1,0,1,13.65,0
2,Internet,OneWay,324,5,5,F,JFKDXB,UAE,1,1,0,5.0,1
3,Internet,RoundTrip,153,2,1,T,CDGSYD,UAE,1,1,1,13.23,1
3,Mobile,RoundTrip,167,17,22,F,LHRBOM,India,1,0,1,9.33,1
3,Internet,RoundTrip,194,17,7,F,LHRBOM,India,1,1,0,14.03,0
1,Internet,OneWay,324,19,22,S,LTNPRG,France,1,1,0,12.9,1
4,Internet,RoundTrip,109,8,15,F,CDGSYD,USA,0,1,1,11.82,0
3,Internet,RoundTrip,247,15,18,W,JFKDXB,India,1,1,0,6.38,0
2,Mobile,OneWay,342,12,7,T,AUHBOM,United Kingdom,1,0,1,4.85,1
4,Mobile,RoundTrip,109,6,15,T,AUHBOM,France,1,1,0,13.76,1
2,Internet,OneWay,103,19,9,T,LTNPRG,India,0,0,0,3.93,0
1,Internet,RoundTrip,49,7,8,S,LTNPRG,France,1,1,1,2.37,0
4,Mobile,RoundTrip,266,1,21,T,JFKDXB,UAE,0,0,0,12.89,0
2,Internet,RoundTrip,100,4,19,W,JFKDXB,UAE,0,1,1,12.64,1
4,Internet,RoundTrip,8,20,7,S,AUHBOM,USA,1,0,1,13.93,0
3,Mobile,OneWay,183,2,0,S,LTNPRG,USA,0,0,1,11.67,0
1,Mobile,RoundTrip,204,11,12,S,JFKDXB,United Kingdom,0,0,1,12.9,0
2,Internet,RoundTrip,7,10,22,T,LTNPRG,USA,0,1,0,3.68,1
4,Internet,OneWay,270,16,21,M,AUHBOM,India,0,0,1,9.91,1
4,Mobile,RoundTrip,204,17,10,W,CDGSYD,France,0,1,1,13.9,1
1,Internet,RoundTrip,172,10,11,T,LHRBOM,India,0,1,0,13.76,1
4,Internet,RoundTrip,126,13,19,W,AUHBOM,India,1,0,1,13.68,0
4,Mobile,OneWay,235,17,3,S,JFKDXB,USA,1,1,0,11.25,1
3,Internet,RoundTrip,274,17,6,T,JFKDXB,India,0,0,0,6.74,1
1,Internet,OneWay,280,18,3,W,CDGSYD,United Kingdom,1,1,1,4.52,1
3,Internet,OneWay,142,15,13,S,AUHBOM,UAE,0,0,1,3.03,0
2,Internet,RoundTrip,183,8,20,S,CDGSYD,France,1,0,0,3.26,0
1,Internet,RoundTrip,93,12,7,T,LTNPRG,UAE,1,0,1,4.05,1
4,Internet,RoundTrip,80,15,20,M,JFKDXB,India,1,1,1,9.32,1
3,Internet,RoundTrip,314,6,11,T,AUHBOM,UAE,0,0,0,2.38,0
1,Mobile,OneWay,145,20,5,W,LTNPRG,India,1,0,0,4.29,1
2,Internet,RoundTrip,100,9,22,T,LHRBOM,USA,0,1,0,6.65,1
4,Internet,RoundTrip,267,16,14,F,CDGSYD,USA,0,1,0,10.36,1
2,Internet,RoundTrip,254,11,12,S,AUHBOM,United Kingdom,1,1,0,13.09,0
2,Internet,RoundTrip,99,20,3,W,CDGSYD,France,1,1,0,7.3,0
1,Mobile,RoundTrip,64,14,12,W,AUHBOM,USA,1,1,1,6.57,1
1,Internet,OneWay,231,15,5,S,LTNPRG,USA,0,1,0,8.74,0
4,Internet,OneWay,335,16,9,T,JFKDXB,USA,0,1,1,9.75,1
4,Mobile,OneWay,54,7,21,S,LTNPRG,USA,1,0,0,6.66,0
1,Internet,RoundTrip,88,7,22,W,AUHBOM,France,1,1,1,10.4,0
3,Internet,RoundTrip,339,17,9,T,CDGSYD,USA,1,0,0,7.2,1
3,Mobile,OneWay,267,10,7,F,AUHBOM,France,0,1,1,4.54,0
4,Internet,RoundTrip,220,14,4,T,CDGSYD,USA,1,1,1,13.01,0
3,Mobile,RoundTrip,123,11,4,M,CDGSYD,France,0,0,1,4.69,0
4,Mobile,RoundTrip,171,1,12,F,CDGSYD,India,1,1,0,12.28,1
1,Mobile,RoundTrip,69,10,22,S,LHRBOM,UAE,0,1,1,9.62,1
1,Internet,RoundTrip,296,4,19,S,AUHBOM,India,1,1,0,11.82,1
2,Mobile,RoundTrip,183,2,6,F,AUHBOM,United Kingdom,0,0,1,2.11,0
2,Mobile,RoundTrip,291,6,19,M,CDGSYD,India,1,0,0,4.82,1
4,Internet,RoundTrip,320,6,10,S,JFKDXB,USA,0,1,1,7.74,0
2,Mobile,RoundTrip,36,15,15,T,CDGSYD,USA,0,1,0,13.27,1
2,Internet,RoundTrip,314,6,5,W,AUHBOM,UAE,1,1,1,3.32,1
3,Mobile,OneWay,112,16,18,T,LHRBOM,India,0,0,0,9.36,0
4,Internet,OneWay,120,5,10,T,CDGSYD,India,1,1,1,12.93,0
1,Internet,OneWay,167,17,17,W,LHRBOM,United Kingdom,1,0,0,2.21,0
3,Internet,OneWay,109,11,5,S,LHRBOM,USA,1,0,1,2.48,1
2,Mobile,OneWay,124,2,22,S,AUHBOM,India,1,0,0,7.16,1
1,Internet,RoundTrip,253,3,9,T,JFKDXB,USA,0,1,1,3.19,0
4,Internet,RoundTrip,116,2,15,S,LTNPRG,USA,1,1,0,3.11,0
4,Internet,OneWay,222,9,12,T,CDGSYD,United Kingdom,1,1,1,4.77,0
1,Mobile,RoundTrip,129,6,13,S,LHRBOM,India,0,1,1,8.21,1
4,Internet,RoundTrip,119,1,5,T,LTNPRG,UAE,0,0,0,6.33,0
3,Internet,RoundTrip,52,14,20,F,JFKDXB,USA,1,0,0,14.64,0
3,Internet,RoundTrip,315,18,4,S,CDGSYD,USA,1,1,1,7.82,1
2,Internet,OneWay,44,17,8,S,CDGSYD,UAE,1,1,1,9.48,1
2,Internet,RoundTrip,202,4,9,S,LHRBOM,USA,1,1,0,6.89,1
1,Internet,RoundTrip,95,18,11,T,CDGSYD,United Kingdom,0,1,0,3.35,0
1,Mobile,RoundTrip,360,9,5,T,AUHBOM,UAE,0,0,1,7.45,0
1,Mobile,OneWay,26,5,19,M,JFKDXB,USA,1,1,1,7.86,1
3,Internet,OneWay,155,3,14,F,JFKDXB,India,0,1,0,14.37,0
1,Internet,RoundTrip,186,16,22,T,CDGSYD,United Kingdom,1,0,0,13.62,1
3,Internet,RoundTrip,360,6,8,F,JFKDXB,India,0,0,0,2.06,0
3,Mobile,RoundTrip,56,13,9,W,CDGSYD,UAE,0,1,0,5.6,1
2,Internet,OneWay,304,12,13,W,LHRBOM,France,1,1,1,9.49,0
1,Internet,RoundTrip,25,19,13,S,AUHBOM,France,0,1,0,11.19,1
3,Mobile,OneWay,106,15,3,T,LTNPRG,United Kingdom,1,0,0,7.81,0
4,Internet,RoundTrip,305,16,19,S,AUHBOM,UAE,1,0,1,11.26,1
2,Internet,OneWay,138,10,22,M,AUHBOM,India,0,0,1,11.34,1
4,Internet,RoundTrip,214,11,11,W,CDGSYD,UAE,1,1,1,11.24,0
2,Internet,RoundTrip,143,3,8,M,AUHBOM,USA,1,1,1,5.28,0
1,Internet,RoundTrip,328,16,9,M,LTNPRG,United Kingdom,1,1,0,2.12,0
3,Mobile,OneWay,34,16,1,M,AUHBOM,France,0,1,0,4.52,1
4,Internet,OneWay,358,7,1,T,AUHBOM,UAE,1,1,1,6.57,0
4,Internet,RoundTrip,86,3,8,S,AUHBOM,UAE,1,1,0,7.82,0
4,Mobile,RoundTrip,217,16,4,W,CDGSYD,UAE,0,0,1,3.16,0
1,Mobile,RoundTrip,96,16,6,F,JFKDXB,France,0,1,0,11.03,1
1,Internet,RoundTrip,290,16,7,F,AUHBOM,UAE,1,1,1,3.87,1
3,Mobile,RoundTrip,257,1,4,S,LTNPRG,UAE,0,1,0,5.73,1
4,Internet,RoundTrip,59,18,9,S,CDGSYD,UAE,1,0,1,6.2,0
4,Internet,OneWay,90,8,0,M,LTNPRG,United Kingdom,1,0,0,9.64,0
2,Internet,RoundTrip,255,5,17,T,AUHBOM,France,1,0,0,11.54,1
2,Internet,RoundTrip,183,11,15,S,JFKDXB,USA,1,1,1,6.02,1
3,Mobile,RoundTrip,201,17,3,S,CDGSYD,India,1,0,1,12.89,0
4,Mobile,RoundTrip,134,17,3,S,LTNPRG,United Kingdom,1,1,1,6.62,1
1,Internet,RoundTrip,247,4,1,S,LTNPRG,United Kingdom,1,1,1,12.49,1
4,Internet,OneWay,339,20,4,T,LTNPRG,UAE,1,0,1,4.07,1
4,Mobile,RoundTrip,39,16,13,W,LHRBOM,France,1,0,1,6.66,1
1,Internet,RoundTrip,253,19,1,T,AUHBOM,India,0,0,0,9.58,0
4,Internet,RoundTrip,341,19,0,M,JFKDXB,France,0,0,1,8.55,1
3,Internet,OneWay,81,11,13,F,JFKDXB,UAE,1,1,1,6.7,1
4,Internet,OneWay,152,1,21,M,JFKDXB,United Kingdom,0,1,0,4.76,1
1,Internet,RoundTrip,207,2,10,F,LTNPRG,UAE,0,1,1,8.55,1
4,Mobile,RoundTrip,283,13,5,F,JFKDXB,UAE,1,1,0,3.2,1
1,Internet,RoundTrip,251,2,19,S,JFKDXB,USA,0,0,0,7.14,1
1,Internet,RoundTrip,361,14,19,S,CDGSYD,United Kingdom,0,1,0,2.92,0
2,Mobile,RoundTrip,203,3,19,S,CDGSYD,France,0,0,0,7.63,1
3,Internet,RoundTrip,318,17,8,F,CDGSYD,USA,1,0,1,14.52,1
1,Mobile,RoundTrip,190,6,0,W,JFKDXB,India,0,0,1,8.31,1
2,Internet,OneWay,114,3,22,S,AUHBOM,USA,1,1,0,9.63,0
2,Internet,RoundTrip,246,7,20,T,CDGSYD,USA,1,0,1,8.53,0
1,Internet,RoundTrip,147,19,11,T,AUHBOM,USA,1,1,0,4.83,0
1,Mobile,OneWay,240,12,18,F,CDGSYD,United Kingdom,0,1,1,3.41,0
1,Mobile,RoundTrip,237,20,22,T,LTNPRG,India,0,1,1,6.34,1
4,Mobile,RoundTrip,27,6,1,T,JFKDXB,UAE,1,1,1,8.69,0
4,Internet,RoundTrip,196,14,10,M,CDGSYD,UAE,0,0,0,11.06,0
3,Internet,RoundTrip,5,4,19,W,LTNPRG,USA,0,1,0,10.42,1
3,Mobile,OneWay,150,9,16,S,AUHBOM,UAE,1,0,1,8.86,1
1,Internet,OneWay,240,8,2,M,JFKDXB,UAE,1,1,0,6.62,1
1,Mobile,RoundTrip,238,13,1,T,CDGSYD,USA,0,1,1,5.38,1
2,Internet,OneWay,38,14,7,S,JFKDXB,United Kingdom,0,1,0,11.66,1
4,Internet,RoundTrip,332,2,10,S,LTNPRG,UAE,1,1,0,13.58,1
2,Mobile,RoundTrip,269,14,2,S,JFKDXB,USA,0,1,0,10.21,1
4,Internet,RoundTrip,113,16,6,W,AUHBOM,India,0,1,1,3.3,1
2,Internet,RoundTrip,164,8,11,W,LHRBOM,UAE,0,1,1,12.34,1
2,Internet,RoundTrip,47,2,18,T,LHRBOM,UAE,1,0,1,9.67,1
4,Mobile,RoundTrip,132,9,13,W,LHRBOM,India,1,0,0,10.5,1
2,Internet,OneWay,246,7,12,F,LHRBOM,USA,1,1,0,10.99,0
3,Internet,RoundTrip,322,16,17,F,CDGSYD,United Kingdom,0,1,1,8.01,0
3,Mobile,RoundTrip,215,3,14,F,JFKDXB,USA,1,0,1,8.63,1
3,Internet,RoundTrip,103,6,5,T,LTNPRG,USA,0,0,1,6.06,1
3,Mobile,RoundTrip,330,15,5,F,AUHBOM,UAE,1,0,1,10.14,0
4,Mobile,RoundTrip,199,19,2,W,JFKDXB,USA,1,1,1,8.43,0
2,Internet,RoundTrip,271,12,2,M,AUHBOM,India,0,1,1,6.45,0
2,Mobile,RoundTrip,258,1,19,S,CDGSYD,United Kingdom,0,0,0,5.0,1
3,Internet,OneWay,145,14,15,M,AUHBOM,USA,1,1,1,10.16,0
2,Internet,RoundTrip,8,1,14,S,CDGSYD,USA,1,1,0,7.83,0
1,Internet,RoundTrip,231,2,10,T,JFKDXB,USA,0,0,0,4.65,1
2,Internet,RoundTrip,325,14,2,S,LTNPRG,United Kingdom,0,1,0,12.13,0
3,Internet,OneWay,314,8,9,T,LTNPRG,India,1,1,1,9.02,0
3,Internet,OneWay,313,1,3,M,JFKDXB,United Kingdom,1,1,0,10.22,1
2,Internet,RoundTrip,127,9,22,M,AUHBOM,USA,0,0,0,9.31,0
3,Internet,RoundTrip,330,8,9,M,LTNPRG,India,1,0,1,10.13,1
2,Internet,RoundTrip,6,13,2,T,AUHBOM,USA,0,0,1,3.16,0
3,Mobile,RoundTrip,116,19,6,S,LHRBOM,France,0,0,0,5.72,0
2,Internet,OneWay,228,3,14,F,AUHBOM,United Kingdom,1,0,1,12.05,0
4,Internet,RoundTrip,114,14,10,S,AUHBOM,UAE,1,0,0,12.38,0
3,Internet,RoundTrip,10,13,1,T,CDGSYD,India,0,1,1,2.66,0
3,Internet,RoundTrip,64,20,8,M,JFKDXB,France,1,1,0,11.53,1
2,Internet,OneWay,342,8,15,T,LTNPRG,United Kingdom,0,1,0,4.95,0
4,Internet,RoundTrip,156,4,12,T,LHRBOM,France,1,0,0,12.85,0
2,Internet,RoundTrip,62,19,12,S,LHRBOM,USA,1,0,0,7.03,0
4,Mobile,OneWay,226,2,15,S,JFKDXB,United Kingdom,1,1,1,5.89,1
1,Internet,RoundTrip,137,9,16,M,LTNPRG,France,0,0,1,5.79,0
4,Internet,RoundTrip,144,14,9,T,LHRBOM,India,1,1,0,10.89,0
4,Mobile,RoundTrip,345,3,17,T,LHRBOM,United Kingdom,1,0,0,10.85,1
1,Internet,RoundTrip,198,6,20,F,LTNPRG,United Kingdom,1,0,0,9.81,0
1,Internet,RoundTrip,30,3,3,M,LTNPRG,UAE,0,1,0,14.37,0
4,Internet,OneWay,343,17,16,S,LHRBOM,India,0,1,0,6.0,1
2,Internet,OneWay,2,6,6,T,LHRBOM,USA,0,0,0,9.98,1
3,Internet,RoundTrip,250,13,2,S,LHRBOM,United Kingdom,1,0,0,7.73,1
1,Internet,RoundTrip,38,5,5,F,CDGSYD,USA,0,1,0,9.37,0
2,Internet,OneWay,99,14,21,W,CDGSYD,USA,0,0,0,3.91,0
3,Mobile,RoundTrip,359,16,13,M,AUHBOM,UAE,1,1,0,13.9,0
4,Internet,RoundTrip,62,1,10,T,AUHBOM,UAE,0,0,1,13.34,0
2,Internet,OneWay,354,15,5,M,LTNPRG,UAE,1,0,0,14.43,0
1,Internet,RoundTrip,107,14,12,S,JFKDXB,India,1,1,1,11.59,1
2,Mobile,RoundTrip,140,2,11,T,AUHBOM,UAE,0,1,0,11.14,0
3,Internet,RoundTrip,342,6,9,S,AUHBOM,India,1,0,0,2.69,0
4,Internet,RoundTrip,271,18,10,M,LTNPRG,United Kingdom,0,1,1,7.74,0
4,Internet,RoundTrip,108,9,16,W,JFKDXB,USA,1,0,0,2.47,0
4,Mobile,OneWay,268,2,13,W,AUHBOM,France,1,0,1,14.06,1
1,Internet,RoundTrip,174,13,0,S,LTNPRG,UAE,0,1,1,9.67,0
3,Internet,RoundTrip,37,16,8,T,LHRBOM,USA,1,1,0,2.79,1
3,Internet,RoundTrip,92,9,1,S,AUHBOM,USA,1,1,1,9.78,0
2,Internet,RoundTrip,86,3,21,W,LTNPRG,India,0,1,1,10.4,1
4,Internet,RoundTrip,173,3,7,M,AUHBOM,UAE,1,0,1,14.75,1
4,Internet,OneWay,324,8,22,S,CDGSYD,France,1,0,1,10.54,1
1,Internet,RoundTrip,208,10,5,T,AUHBOM,USA,0,0,0,12.5,0
4,Mobile,RoundTrip,61,16,8,T,LTNPRG,UAE,1,0,0,12.08,0
4,Mobile,RoundTrip,222,14,9,F,LTNPRG,UAE,1,0,0,11.38,1
3,Internet,OneWay,190,6,21,M,CDGSYD,France,1,1,1,3.41,1
2,Internet,OneWay,142,14,2,F,JFKDXB,USA,0,0,1,6.35,1
4,Internet,OneWay,89,3,18,T,CDGSYD,France,0,0,1,11.79,0
3,Internet,RoundTrip,260,4,15,S,LTNPRG,USA,0,0,0,13.61,0
4,Internet,RoundTrip,203,16,5,M,LHRBOM,United Kingdom,0,0,0,4.12,1
3,Internet,RoundTrip,157,19,19,S,LTNPRG,USA,0,0,1,2.0,1
4,Mobile,RoundTrip,72,14,12,M,CDGSYD,France,0,1,0,13.06,0
2,Internet,RoundTrip,44,10,11,S,CDGSYD,United Kingdom,0,0,1,5.07,1
1,Mobile,OneWay,79,18,8,W,LHRBOM,USA,1,0,1,8.84,1
2,Internet,RoundTrip,226,8,9,M,LHRBOM,USA,0,0,0,14.89,0
4,Internet,RoundTrip,18,13,18,T,LTNPRG,UAE,0,1,0,11.7,1
3,Internet,OneWay,27,14,22,T,JFKDXB,France,1,1,1,4.11,0
3,Internet,OneWay,361,2,20,M,CDGSYD,India,0,0,1,14.05,0
3,Internet,RoundTrip,98,20,7,W,JFKDXB,India,0,0,1,4.8,1
3,Internet,RoundTrip,42,13,14,W,AUHBOM,United Kingdom,0,0,0,12.74,0
1,Internet,OneWay,352,5,22,T,LTNPRG,UAE,0,0,0,2.14,0
2,Internet,OneWay,152,17,14,T,JFKDXB,USA,1,1,0,5.06,1
1,Internet,RoundTrip,1,8,0,M,JFKDXB,India,0,1,1,3.44,1
2,Internet,RoundTrip,152,2,16,T,LTNPRG,UAE,0,0,1,9.25,1
3,Internet,RoundTrip,8,14,13,T,AUHBOM,USA,0,0,1,9.84,1
4,Mobile,OneWay,111,3,11,M,JFKDXB,UAE,0,0,1,11.19,0
1,Internet,RoundTrip,345,12,0,T,AUHBOM,UAE,1,0,0,5.81,0
3,Internet,RoundTrip,290,14,10,S,CDGSYD,India,0,0,1,14.34,1
1,Internet,OneWay,153,4,18,W,LHRBOM,United Kingdom,1,1,0,2.18,1
1,Internet,RoundTrip,123,16,12,F,AUHBOM,India,0,0,1,6.15,1
4,Internet,RoundTrip,213,10,6,T,LTNPRG,USA,1,1,1,2.76,1
3,Internet,OneWay,228,8,18,F,AUHBOM,UAE,1,1,1,6.77,1
1,Internet,RoundTrip,277,3,10,F,AUHBOM,India,1,0,1,14.3,1
1,Internet,RoundTrip,198,15,14,W,CDGSYD,United Kingdom,1,0,0,5.92,0
1,Internet,RoundTrip,29,4,0,T,LHRBOM,France,1,0,1,5.97,0
2,Mobile,RoundTrip,315,4,3,F,JFKDXB,USA,1,1,1,5.81,0
1,Mobile,OneWay,123,6,4,F,LTNPRG,USA,0,1,0,12.74,1
3,Internet,RoundTrip,299,9,3,F,CDGSYD,India,1,1,1,9.66,0
2,Internet,OneWay,296,18,9,T,LHRBOM,India,0,0,0,7.42,1
3,Internet,RoundTrip,80,15,9,W,LHRBOM,USA,0,1,1,6.77,1
1,Internet,OneWay,188,15,1,S,AUHBOM,UAE,0,0,1,10.88,0
1,Internet,OneWay,274,4,15,S,LTNPRG,UAE,0,1,1,14.77,1
1,Internet,OneWay,131,13,11,S,JFKDXB,UAE,1,0,1,7.85,0
1,Internet,OneWay,289,7,8,S,LHRBOM,UAE,1,0,1,4.92,1
1,Internet,RoundTrip,191,10,5,M,AUHBOM,USA,1,1,0,7.16,0
2,Internet,RoundTrip,335,13,8,W,LHRBOM,France,0,1,0,4.34,0
4,Mobile,RoundTrip,327,4,3,T,LHRBOM,UAE,0,1,1,10.6,1
3,Mobile,RoundTrip,351,7,20,W,AUHBOM,UAE,0,1,0,2.29,1
2,Internet,RoundTrip,81,8,11,T,CDGSYD,United Kingdom,1,0,1,7.73,0
4,Internet,RoundTrip,269,18,19,T,CDGSYD,UAE,0,1,1,2.38,0
4,Internet,RoundTrip,274,20,19,S,CDGSYD,USA,0,0,0,2.45,0
4,Internet,OneWay,164,20,10,T,LHRBOM,UAE,0,0,0,6.93,1
4,Internet,RoundTrip,62,11,9,M,LHRBOM,United Kingdom,1,1,1,11.82,1
3,Mobile,RoundTrip,107,13,16,S,LHRBOM,United Kingdom,0,1,0,10.68,0
4,Internet,RoundTrip,188,15,8,W,LHRBOM,UAE,1,1,1,13.69,0
2,Internet,RoundTrip,315,16,10,T,CDGSYD,UAE,1,1,0,7.57,1
4,Mobile,OneWay,334,14,9,W,LHRBOM,France,0,0,0,4.11,0
1,Internet,RoundTrip,334,19,13,W,JFKDXB,France,0,0,0,2.99,1
2,Internet,OneWay,345,8,1,W,CDGSYD,India,0,0,0,5.2,0
4,Mobile,RoundTrip,36,15,6,W,JFKDXB,United Kingdom,1,0,0,8.53,1
1,Mobile,RoundTrip,363,13,15,M,AUHBOM,France,0,0,1,5.62,0
3,Internet,RoundTrip,202,16,11,F,AUHBOM,USA,0,1,0,11.87,0
2,Mobile,RoundTrip,37,19,15,F,CDGSYD,France,0,1,0,10.57,1
1,Internet,OneWay,48,2,14,T,CDGSYD,United Kingdom,0,0,0,7.57,0
1,Internet,OneWay,93,18,7,S,LTNPRG,United Kingdom,1,0,1,11.28,1
3,Internet,RoundTrip,92,17,10,T,AUHBOM,United Kingdom,1,0,1,7.99,0
3,Mobile,OneWay,41,18,1,W,CDGSYD,France,0,1,1,2.57,0
3,Mobile,RoundTrip,140,6,17,F,AUHBOM,USA,0,1,1,11.59,1
1,Internet,RoundTrip,199,12,10,S,CDGSYD,France,1,1,0,10.59,0
2,Internet,RoundTrip,114,2,6,S,CDGSYD,USA,1,0,0,8.78,1
1,Mobile,RoundTrip,244,2,12,F,LTNPRG,UAE,0,0,0,3.9,0
1,Internet,OneWay,261,12,0,F,JFKDXB,UAE,1,1,0,8.69,1
2,Internet,RoundTrip,146,20,9,S,JFKDXB,United Kingdom,0,1,1,5.38,1
3,Mobile,RoundTrip,29,5,21,F,LHRBOM,UAE,1,1,0,14.63,0
2,Internet,RoundTrip,114,16,8,F,LHRBOM,USA,1,0,0,8.05,0
1,Internet,RoundTrip,224,2,8,F,LHRBOM,India,0,1,1,12.2,1
1,Internet,RoundTrip,143,2,10,S,LHRBOM,India,0,1,0,9.43,0
2,Internet,OneWay,212,13,5,S,JFKDXB,France,0,1,1,12.67,0
2,Mobile,RoundTrip,307,6,5,W,LHRBOM,United Kingdom,1,1,1,8.03,1
4,Internet,OneWay,287,2,10,S,CDGSYD,USA,1,1,0,9.5,1
3,Internet,RoundTrip,227,19,15,F,CDGSYD,France,0,0,0,8.27,1
4,Internet,RoundTrip,36,18,5,T,JFKDXB,France,0,0,1,14.26,0
1,Internet,RoundTrip,272,1,4,T,AUHBOM,United Kingdom,0,0,0,3.67,1
2,Internet,OneWay,122,20,16,S,LTNPRG,UAE,0,1,0,6.54,1
1,Internet,RoundTrip,152,1,11,S,LTNPRG,USA,0,1,1,9.16,1
1,Internet,RoundTrip,254,15,7,S,JFKDXB,India,1,0,0,3.16,1
4,Internet,OneWay,303,16,19,W,LHRBOM,USA,0,0,1,12.93,0
2,Internet,RoundTrip,260,6,22,W,AUHBOM,USA,0,1,1,13.33,1
3,Internet,RoundTrip,110,3,19,M,LHRBOM,United Kingdom,0,1,0,4.7,1
2,Internet,OneWay,164,12,6,S,LHRBOM,France,1,0,0,14.22,1
1,Internet,RoundTrip,132,18,22,F,JFKDXB,United Kingdom,0,1,1,9.98,0
4,Internet,RoundTrip,169,1,8,S,LTNPRG,USA,1,0,1,9.71,0
3,Internet,OneWay,276,18,1,S,JFKDXB,France,0,0,1,6.53,1
3,Internet,RoundTrip,352,13,12,T,CDGSYD,United Kingdom,1,1,0,9.41,1
3,Mobile,RoundTrip,143,20,21,W,AUHBOM,India,0,1,1,5.35,1
2,Internet,OneWay,119,6,0,W,LTNPRG,India,0,0,1,2.45,1
2,Mobile,RoundTrip,322,13,0,S,JFKDXB,India,1,1,0,11.56,1
4,Mobile,OneWay,55,10,0,W,LTNPRG,France,1,0,1,14.45,1
1,Internet,RoundTrip,143,13,19,S,CDGSYD,United Kingdom,0,0,0,3.16,0
2,Internet,RoundTrip,347,4,5,F,JFKDXB,USA,1,0,1,9.75,0
2,Internet,OneWay,322,10,11,W,AUHBOM,United Kingdom,1,1,1,5.32,0
3,Internet,RoundTrip,295,20,1,S,CDGSYD,France,1,1,1,6.87,0
4,Internet,OneWay,324,17,21,T,AUHBOM,France,1,0,1,5.67,0
4,Internet,OneWay,87,5,17,W,LTNPRG,USA,1,1,1,2.88,0
3,Mobile,OneWay,22,2,13,W,AUHBOM,France,0,1,0,14.83,1
1,Internet,RoundTrip,313,9,20,S,JFKDXB,United Kingdom,1,0,1,9.46,1
4,Mobile,RoundTrip,180,5,4,M,LHRBOM,United Kingdom,0,0,0,9.31,0
2,Mobile,RoundTrip,92,6,9,S,JFKDXB,UAE,0,1,0,9.51,1
2,Internet,RoundTrip,174,4,22,M,CDGSYD,UAE,1,1,0,3.08,0
4,Mobile,RoundTrip,302,11,11,F,AUHBOM,UAE,0,1,0,7.14,1
2,Mobile,RoundTrip,180,2,7,S,LHRBOM,United Kingdom,0,1,1,14.02,0
2,Internet,RoundTrip,229,19,14,F,JFKDXB,United Kingdom,0,1,0,9.16,0
4,Internet,OneWay,187,1,21,T,LHRBOM,France,0,0,1,7.18,1
2,Internet,RoundTrip,176,4,2,F,LHRBOM,USA,0,0,1,4.77,0
3,Internet,RoundTrip,347,12,22,S,CDGSYD,France,1,1,0,5.22,0
1,Internet,RoundTrip,338,3,10,T,LTNPRG,UAE,0,0,0,12.46,0
4,Internet,RoundTrip,155,11,2,S,LTNPRG,France,1,0,1,10.32,0
2,Internet,RoundTrip,295,2,22,M,CDGSYD,United Kingdom,0,1,1,6.27,0
3,Mobile,RoundTrip,264,18,13,S,LTNPRG,USA,1,1,0,13.67,0
3,Internet,RoundTrip,48,12,4,W,JFKDXB,UAE,0,0,1,2.26,1
2,Internet,RoundTrip,309,7,4,F,AUHBOM,India,1,1,1,11.91,1
2,Internet,OneWay,257,13,1,T,LHRBOM,France,0,1,0,8.89,1
1,Mobile,OneWay,312,11,12,F,LTNPRG,United Kingdom,0,1,1,13.63,1
2,Internet,RoundTrip,288,17,6,F,JFKDXB,USA,1,1,1,13.38,0
2,Internet,RoundTrip,341,15,7,T,AUHBOM,India,1,1,0,6.15,1
2,Internet,OneWay,197,17,12,S,CDGSYD,UAE,0,0,1,2.45,0
2,Internet,RoundTrip,23,18,22,S,CDGSYD,France,0,0,1,13.33,1
3,Mobile,RoundTrip,101,3,19,T,JFKDXB,USA,1,0,0,12.75,1
4,Internet,RoundTrip,54,16,2,S,AUHBOM,France,1,1,0,4.08,0
4,Internet,RoundTrip,86,19,8,F,LTNPRG,France,1,1,1,8.93,1
4,Internet,RoundTrip,209,4,5,T,LTNPRG,France,0,1,1,6.88,1
3,Mobile,OneWay,355,17,7,M,LHRBOM,USA,1,1,0,11.45,0
2,Mobile,RoundTrip,278,13,20,F,AUHBOM,United Kingdom,0,1,1,13.31,0
3,Internet,RoundTrip,159,13,7,W,AUHBOM,UAE,0,1,0,10.12,1
1,Mobile,OneWay,179,15,14,M,JFKDXB,UAE,1,0,0,14.35,1
4,Internet,OneWay,189,7,19,T,AUHBOM,United Kingdom,0,1,0,2.67,0
3,Mobile,RoundTrip,150,18,6,M,JFKDXB,UAE,1,1,1,7.16,0
1,Mobile,RoundTrip,218,15,10,W,AUHBOM,USA,1,0,0,6.54,0
2,Internet,RoundTrip,343,9,18,T,LTNPRG,India,0,0,1,5.31,0
2,Internet,OneWay,37,13,7,S,LHRBOM,United Kingdom,1,1,0,6.7,1
2,Internet,RoundTrip,130,20,15,W,LTNPRG,USA,0,1,1,3.65,1
1,Internet,OneWay,30,8,4,W,LHRBOM,UAE,0,1,1,8.52,1
1,Internet,OneWay,310,18,21,S,LHRBOM,United Kingdom,0,0,1,6.17,0
2,Internet,RoundTrip,73,1,2,M,CDGSYD,United Kingdom,1,1,1,9.66,1
2,Internet,RoundTrip,238,16,15,W,CDGSYD,United Kingdom,0,0,0,7.54,0
4,Internet,OneWay,24,12,22,T,JFKDXB,UAE,1,0,0,2.06,0
2,Internet,OneWay,174,15,3,T,AUHBOM,USA,1,0,0,8.87,0
2,Internet,RoundTrip,328,12,11,S,LTNPRG,UAE,1,0,0,9.17,0
4,Internet,RoundTrip,347,10,21,T,LTNPRG,France,1,0,1,12.98,0
4,Internet,RoundTrip,54,4,1,W,LTNPRG,UAE,1,0,1,5.76,0
1,Mobile,RoundTrip,241,5,7,M,LHRBOM,United Kingdom,0,0,1,11.64,0
1,Mobile,RoundTrip,83,19,20,S,AUHBOM,United Kingdom,1,0,0,13.39,1
1,Internet,RoundTrip,266,9,3,T,LTNPRG,UAE,1,0,1,10.98,0
2,Internet,OneWay,196,4,21,T,CDGSYD,USA,0,0,1,3.45,0
3,Internet,RoundTrip,291,3,17,T,CDGSYD,India,0,0,1,7.46,0
2,Mobile,RoundTrip,327,6,5,T,JFKDXB,France,0,1,0,7.2,1
1,Internet,RoundTrip,129,15,4,M,LTNPRG,United Kingdom,0,0,1,5.25,0
1,Mobile,RoundTrip,18,8,7,T,CDGSYD,United Kingdom,0,0,0,6.41,0
3,Internet,RoundTrip,116,9,12,W,CDGSYD,India,1,1,1,11.11,1
2,Internet,RoundTrip,79,14,22,S,CDGSYD,USA,0,1,0,6.91,1
1,Internet,RoundTrip,46,13,18,W,CDGSYD,India,1,0,1,4.61,1
3,Mobile,RoundTrip,262,2,0,S,LHRBOM,United Kingdom,1,1,1,12.37,0
3,Mobile,RoundTrip,329,8,13,F,JFKDXB,India,0,1,1,7.04,0
2,Internet,RoundTrip,189,15,7,M,LTNPRG,USA,0,0,1,7.54,1
4,Internet,RoundTrip,194,15,12,S,LHRBOM,India,0,0,0,3.09,0
4,Internet,RoundTrip,217,9,9,W,CDGSYD,United Kingdom,1,0,1,12.24,0
1,Mobile,RoundTrip,328,5,13,F,LTNPRG,United Kingdom,1,0,1,3.1,0
4,Internet,RoundTrip,7,4,17,T,JFKDXB,France,1,0,0,9.43,0
1,Mobile,RoundTrip,192,2,5,S,LHRBOM,UAE,0,1,1,11.88,0
2,Internet,RoundTrip,316,3,8,S,JFKDXB,United Kingdom,0,1,1,3.62,0
4,Internet,RoundTrip,60,20,1,M,AUHBOM,India,0,1,0,5.94,0
4,Internet,RoundTrip,211,9,7,S,LHRBOM,UAE,0,1,0,14.86,1
1,Internet,RoundTrip,3,7,22,S,LHRBOM,UAE,0,1,0,7.8,0
1,Mobile,RoundTrip,304,9,16,W,JFKDXB,USA,1,0,0,9.52,1
1,Mobile,RoundTrip,239,11,15,W,AUHBOM,USA,0,1,1,13.23,1
2,Mobile,OneWay,351,3,19,W,CDGSYD,USA,1,0,0,13.7,1
2,Internet,RoundTrip,110,19,13,T,LHRBOM,France,0,1,0,6.43,0
2,Mobile,RoundTrip,267,10,2,W,JFKDXB,India,1,1,0,12.95,0
2,Internet,RoundTrip,281,12,15,S,LTNPRG,USA,1,1,1,6.22,0
3,Internet,OneWay,12,11,3,S,AUHBOM,UAE,1,1,0,12.5,1
4,Internet,RoundTrip,277,19,4,S,LTNPRG,USA,1,1,0,12.34,0
3,Internet,RoundTrip,259,20,15,T,LHRBOM,USA,0,0,1,9.54,0
2,Internet,RoundTrip,224,3,21,F,LHRBOM,UAE,1,1,0,10.45,0
3,Internet,OneWay,206,15,7,M,LHRBOM,France,1,0,0,9.4,1
3,Internet,OneWay,292,4,6,M,CDGSYD,France,0,0,1,3.43,1
4,Internet,RoundTrip,38,1,15,S,LTNPRG,USA,0,1,1,7.7,0
4,Internet,RoundTrip,143,12,7,F,JFKDXB,United Kingdom,1,0,1,3.56,1
2,Internet,OneWay,99,10,4,M,LTNPRG,United Kingdom,1,1,1,2.7,0
4,Mobile,RoundTrip,308,10,5,F,JFKDXB,USA,1,1,0,8.41,0
4,Internet,RoundTrip,62,1,18,F,JFKDXB,France,0,0,1,5.44,1
1,Internet,RoundTrip,23,13,14,S,AUHBOM,United Kingdom,1,1,0,6.55,0
3,Mobile,RoundTrip,337,11,7,T,JFKDXB,USA,1,1,1,10.15,0
1,Mobile,RoundTrip,145,2,22,S,LHRBOM,India,0,0,0,8.06,1
2,Mobile,RoundTrip,290,7,7,S,LTNPRG,India,1,0,1,9.37,1
1,Mobile,RoundTrip,85,3,15,F,CDGSYD,United Kingdom,0,1,0,10.75,0
2,Mobile,RoundTrip,256,19,4,T,LHRBOM,United Kingdom,0,1,0,10.7,1
3,Internet,RoundTrip,337,15,21,S,AUHBOM,India,1,0,1,10.97,1
2,Mobile,RoundTrip,278,10,4,T,CDGSYD,UAE,0,1,0,7.92,1
1,Mobile,OneWay,108,2,9,S,CDGSYD,USA,1,1,1,11.2,1
2,Internet,RoundTrip,219,17,13,S,AUHBOM,India,1,0,1,5.48,1
3,Mobile,RoundTrip,303,8,11,T,LTNPRG,USA,0,0,0,11.93,1
4,Mobile,RoundTrip,312,12,13,S,LHRBOM,India,0,0,0,12.33,1
1,Mobile,RoundTrip,109,15,17,S,JFKDXB,France,0,0,0,13.65,1
2,Mobile,RoundTrip,84,8,18,W,JFKDXB,UAE,0,1,0,14.27,1
1,Internet,RoundTrip,158,20,7,T,JFKDXB,UAE,0,1,1,8.77,1
1,Internet,RoundTrip,92,5,14,F,AUHBOM,USA,0,0,0,8.93,1
1,Internet,RoundTrip,263,7,13,T,AUHBOM,India,1,0,0,6.93,1
4,Mobile,OneWay,216,4,9,T,LHRBOM,United Kingdom,0,0,1,12.11,1
4,Mobile,RoundTrip,175,7,11,W,AUHBOM,UAE,1,0,1,5.5,0
3,Mobile,RoundTrip,295,16,18,T,JFKDXB,France,0,0,1,10.31,0
2,Mobile,OneWay,78,10,15,W,CDGSYD,United Kingdom,1,1,1,9.3,0
4,Mobile,OneWay,305,18,0,M,LTNPRG,United Kingdom,0,0,1,5.64,1
2,Internet,RoundTrip,206,18,1,S,LTNPRG,USA,1,0,0,5.36,1
3,Mobile,RoundTrip,356,7,16,T,LTNPRG,France,1,0,0,4.09,1
3,Internet,RoundTrip,219,16,12,T,LHRBOM,France,0,1,1,11.53,1
3,Internet,RoundTrip,278,10,12,T,CDGSYD,USA,0,1,1,12.69,0
2,Internet,RoundTrip,70,9,19,T,LTNPRG,UAE,1,1,0,4.36,0
2,Internet,RoundTrip,85,6,5,S,LTNPRG,USA,0,1,1,13.8,1
2,Internet,RoundTrip,203,2,5,T,AUHBOM,UAE,1,1,0,4.68,1
3,Internet,RoundTrip,84,10,14,S,JFKDXB,UAE,0,1,0,3.39,1
3,Internet,RoundTrip,17,14,17,S,CDGSYD,UAE,1,1,0,13.42,1
2,Mobile,OneWay,163,18,22,M,LTNPRG,UAE,0,0,0,14.0,1
3,Internet,RoundTrip,96,9,21,M,LHRBOM,USA,1,0,0,4.13,1
1,Internet,RoundTrip,237,3,7,S,JFKDXB,France,1,0,1,4.32,0
2,Internet,RoundTrip,210,10,4,T,CDGSYD,USA,0,1,0,5.81,1
4,Internet,RoundTrip,187,6,14,M,CDGSYD,France,1,1,0,2.79,1
3,Internet,OneWay,303,19,4,S,LTNPRG,UAE,0,0,0,7.45,1
3,Internet,OneWay,25,14,10,M,JFKDXB,India,0,1,1,11.34,0
4,Mobile,RoundTrip,286,19,6,W,LHRBOM,USA,1,1,1,3.09,1
3,Internet,RoundTrip,176,7,9,M,LTNPRG,UAE,1,0,0,5.91,1
3,Mobile,RoundTrip,254,9,20,S,LTNPRG,USA,1,1,1,6.64,1
2,Internet,OneWay,298,2,7,T,AUHBOM,India,0,1,1,14.24,1
4,Mobile,RoundTrip,110,3,19,F,LTNPRG,UAE,0,1,1,11.68,0
3,Mobile,RoundTrip,88,8,5,S,CDGSYD,USA,1,1,1,6.79,1
3,Internet,RoundTrip,275,8,6,T,LHRBOM,United Kingdom,0,1,1,4.68,0
1,Internet,RoundTrip,232,14,5,W,AUHBOM,USA,0,0,0,13.3,1
4,Internet,RoundTrip,68,5,17,F,LHRBOM,United Kingdom,1,0,0,5.7,1
2,Internet,OneWay,99,20,17,S,LTNPRG,India,1,1,0,10.12,0
2,Internet,RoundTrip,311,16,0,T,CDGSYD,USA,0,0,1,10.99,0
1,Internet,RoundTrip,203,18,7,W,CDGSYD,USA,0,1,1,12.26,0
1,Mobile,RoundTrip,332,7,21,T,JFKDXB,UAE,1,0,0,10.03,1
1,Mobile,RoundTrip,256,12,12,T,JFKDXB,USA,0,1,1,7.22,1
1,Internet,OneWay,76,11,4,T,LHRBOM,United Kingdom,1,0,1,3.93,0
1,Internet,RoundTrip,76,16,4,T,LHRBOM,France,0,1,0,4.6,0
2,Internet,OneWay,352,17,10,M,JFKDXB,UAE,1,1,1,9.63,0
4,Internet,OneWay,270,12,4,F,CDGSYD,France,0,0,0,8.31,0
4,Mobile,RoundTrip,217,20,10,T,AUHBOM,India,0,1,0,6.97,1
1,Internet,RoundTrip,247,10,13,T,LTNPRG,India,1,1,1,8.92,1
2,Internet,RoundTrip,151,6,10,T,CDGSYD,UAE,1,0,0,13.16,0
4,Internet,RoundTrip,114,4,13,T,LHRBOM,USA,1,0,1,2.55,1
3,Internet,RoundTrip,300,8,1,T,LTNPRG,UAE,1,1,1,3.79,1
4,Internet,RoundTrip,326,6,11,T,JFKDXB,USA,1,0,1,2.02,0
2,Internet,RoundTrip,330,5,1,W,AUHBOM,United Kingdom,0,1,1,6.16,0
1,Internet,RoundTrip,285,10,15,F,LTNPRG,USA,0,0,1,4.17,1
1,Internet,RoundTrip,318,6,12,W,LTNPRG,United Kingdom,0,1,1,5.62,1
3,Mobile,RoundTrip,190,20,14,W,CDGSYD,UAE,0,1,1,2.98,0
1,Internet,RoundTrip,114,7,7,F,LHRBOM,USA,0,0,0,6.48,1
2,Mobile,RoundTrip,31,13,4,S,JFKDXB,USA,0,1,1,7.2,1
2,Internet,RoundTrip,113,16,15,S,CDGSYD,United Kingdom,1,0,0,14.04,1
4,Internet,OneWay,161,19,1,W,LHRBOM,United Kingdom,1,0,0,9.42,0
4,Mobile,OneWay,31,14,11,T,JFKDXB,United Kingdom,1,0,0,12.99,1
2,Internet,RoundTrip,121,6,6,T,CDGSYD,United Kingdom,0,0,1,10.11,1
3,Internet,RoundTrip,339,12,8,S,AUHBOM,UAE,0,0,0,7.81,1
2,Internet,RoundTrip,96,2,9,S,LHRBOM,UAE,1,1,1,13.59,0
4,Mobile,RoundTrip,144,6,10,S,CDGSYD,India,0,1,1,12.05,1
2,Mobile,RoundTrip,235,20,4,T,LTNPRG,USA,1,0,1,2.36,1
3,Internet,OneWay,323,1,2,S,LTNPRG,United Kingdom,0,0,0,4.86,1
4,Internet,OneWay,336,7,11,T,LTNPRG,India,0,0,1,14.98,1
1,Internet,RoundTrip,296,2,6,M,JFKDXB,United Kingdom,0,1,1,12.0,1
1,Internet,OneWay,54,11,0,S,JFKDXB,USA,1,1,1,7.37,1
2,Internet,RoundTrip,41,16,19,W,AUHBOM,France,0,0,1,9.69,1
4,Internet,OneWay,270,2,10,W,AUHBOM,France,1,0,0,12.03,1
3,Mobile,RoundTrip,323,3,2,T,CDGSYD,United Kingdom,1,0,1,7.09,0
1,Internet,RoundTrip,227,18,8,W,AUHBOM,USA,0,0,1,2.58,0
2,Mobile,RoundTrip,333,6,2,T,AUHBOM,USA,1,0,0,10.03,0
3,Mobile,RoundTrip,243,1,22,T,LHRBOM,France,1,1,0,3.51,1
4,Mobile,RoundTrip,128,2,11,M,JFKDXB,United Kingdom,1,0,1,5.15,1
2,Internet,RoundTrip,308,19,20,S,LHRBOM,United Kingdom,0,0,1,8.75,1
1,Internet,OneWay,276,19,7,S,LTNPRG,UAE,1,0,0,12.36,1
1,Internet,RoundTrip,137,4,21,F,CDGSYD,United Kingdom,0,0,0,4.92,1
1,Internet,OneWay,215,6,21,F,AUHBOM,UAE,1,0,1,4.5,1
1,Internet,RoundTrip,211,4,15,S,AUHBOM,UAE,0,0,1,7.52,1
2,Internet,OneWay,37,10,9,T,JFKDXB,France,0,1,1,3.78,0
2,Internet,OneWay,101,17,22,S,LHRBOM,France,1,1,0,5.25,0
2,Internet,RoundTrip,83,16,13,W,AUHBOM,UAE,0,1,1,5.91,1
4,Mobile,RoundTrip,104,8,4,F,CDGSYD,USA,0,0,1,12.15,1
2,Mobile,RoundTrip,192,14,1,T,LTNPRG,United Kingdom,0,1,0,10.62,0
3,Internet,RoundTrip,187,6,12,T,LTNPRG,UAE,1,1,0,6.71,1
3,Mobile,RoundTrip,313,19,5,T,AUHBOM,France,0,0,0,14.3,0
1,Internet,RoundTrip,3,12,17,S,AUHBOM,France,1,1,0,5.59,1
4,Internet,OneWay,301,19,12,W,CDGSYD,UAE,1,1,0,8.6,1
2,Mobile,RoundTrip,91,6,11,S,LHRBOM,USA,1,1,0,10.05,0
4,Internet,OneWay,128,20,6,W,AUHBOM,United Kingdom,1,0,0,14.42,1
1,Internet,OneWay,56,6,4,T,LHRBOM,France,1,1,0,13.12,0
4,Internet,RoundTrip,5,14,4,T,CDGSYD,UAE,0,1,0,6.86,0
3,Internet,OneWay,44,1,15,F,JFKDXB,United Kingdom,1,1,0,8.52,0
1,Internet,OneWay,82,5,18,T,JFKDXB,India,0,1,1,7.94,0
4,Internet,RoundTrip,141,11,22,T,LTNPRG,France,0,0,0,5.97,0
3,Internet,OneWay,114,11,15,M,LHRBOM,USA,0,0,1,8.25,0
4,Internet,RoundTrip,38,3,12,M,JFKDXB,India,1,0,1,3.16,0
1,Internet,RoundTrip,124,1,15,M,CDGSYD,UAE,0,0,0,2.71,0
4,Internet,RoundTrip,57,17,5,S,AUHBOM,United Kingdom,0,1,1,2.9,1
4,Mobile,RoundTrip,249,5,20,W,AUHBOM,United Kingdom,0,0,1,3.76,0
2,Mobile,OneWay,244,16,0,T,LHRBOM,United Kingdom,1,1,0,5.69,1
2,Internet,RoundTrip,23,4,20,T,CDGSYD,UAE,0,0,1,10.31,0
2,Mobile,RoundTrip,238,6,2,W,LHRBOM,India,0,1,0,12.94,0
2,Internet,RoundTrip,331,1,21,M,CDGSYD,United Kingdom,0,1,1,12.15,0
4,Internet,OneWay,344,11,17,T,LTNPRG,India,1,0,0,6.24,1
4,Internet,RoundTrip,21,11,9,W,LTNPRG,USA,0,0,0,2.56,1
1,Internet,RoundTrip,335,12,11,F,LTNPRG,United Kingdom,1,0,1,2.71,1
1,Mobile,RoundTrip,149,15,6,F,JFKDXB,India,0,0,1,12.37,0
1,Mobile,RoundTrip,319,14,4,S,CDGSYD,UAE,1,0,0,13.33,0
3,Internet,OneWay,75,5,7,T,LHRBOM,USA,1,0,0,14.11,0
2,Internet,OneWay,252,9,19,S,AUHBOM,UAE,0,1,1,14.56,0
4,Internet,RoundTrip,293,2,5,S,LTNPRG,USA,1,1,0,13.03,0
4,Internet,RoundTrip,98,14,10,F,LHRBOM,United Kingdom,0,0,1,6.61,0
1,Internet,OneWay,269,8,15,S,JFKDXB,France,1,0,0,8.17,0
3,Mobile,RoundTrip,65,4,18,S,JFKDXB,France,1,1,0,12.82,0
4,Mobile,RoundTrip,259,18,6,S,LHRBOM,USA,0,1,0,13.68,1
4,Mobile,RoundTrip,346,10,18,T,JFKDXB,France,0,1,1,6.69,0
3,Internet,RoundTrip,109,2,4,F,JFKDXB,USA,0,0,1,10.17,0
2,Internet,RoundTrip,350,2,16,T,LHRBOM,UAE,1,1,0,4.33,1
4,Internet,RoundTrip,243,6,2,W,JFKDXB,United Kingdom,1,0,0,2.02,1
2,Mobile,RoundTrip,184,19,22,S,CDGSYD,France,1,0,1,6.62,1
4,Internet,RoundTrip,120,2,2,T,JFKDXB,United Kingdom,1,0,0,13.98,0
2,Internet,RoundTrip,200,9,20,F,LHRBOM,USA,0,0,0,10.52,1
4,Internet,RoundTrip,359,8,17,W,LTNPRG,United Kingdom,1,0,0,13.63,0
4,Mobile,RoundTrip,2,13,2,S,AUHBOM,United Kingdom,0,1,1,6.66,1
3,Mobile,OneWay,316,12,17,W,LTNPRG,UAE,0,1,1,2.62,1
1,Internet,OneWay,55,10,7,F,CDGSYD,USA,0,0,1,6.67,1
1,Internet,RoundTrip,319,17,22,S,CDGSYD,United Kingdom,1,0,1,7.57,0
4,Mobile,RoundTrip,199,1,21,M,LTNPRG,United Kingdom,1,0,0,10.73,1
4,Internet,RoundTrip,328,8,21,S,LTNPRG,UAE,1,1,0,14.57,1
3,Internet,RoundTrip,67,2,15,F,LTNPRG,India,1,0,1,6.04,0
4,Internet,OneWay,18,7,20,T,AUHBOM,UAE,0,0,0,11.84,1
4,Internet,RoundTrip,175,6,10,T,LHRBOM,USA,1,0,1,13.53,1
2,Internet,OneWay,284,18,1,M,LTNPRG,India,1,1,0,5.22,0
4,Mobile,RoundTrip,290,14,19,T,AUHBOM,France,1,0,1,12.15,0
4,Internet,RoundTrip,279,5,1,M,AUHBOM,France,1,1,1,14.41,1
2,Internet,RoundTrip,292,13,14,F,LHRBOM,UAE,0,0,0,12.11,0
1,Internet,OneWay,283,17,12,M,LHRBOM,USA,0,1,1,7.17,0
3,Internet,RoundTrip,314,4,8,F,AUHBOM,USA,0,1,0,9.58,1
2,Internet,OneWay,63,12,17,S,LHRBOM,USA,1,1,0,11.69,1
2,Internet,OneWay,86,10,6,W,LTNPRG,France,0,1,1,12.5,1
3,Internet,RoundTrip,2,19,21,W,CDGSYD,United Kingdom,1,1,0,11.21,0
4,Internet,RoundTrip,158,8,19,F,JFKDXB,France,0,1,0,14.71,1
1,Mobile,RoundTrip,96,14,21,S,CDGSYD,India,1,0,1,13.2,0
4,Internet,RoundTrip,229,12,19,S,LTNPRG,United Kingdom,0,1,1,4.8,1
2,Internet,RoundTrip,202,7,19,F,JFKDXB,UAE,0,0,1,14.99,0
3,Internet,RoundTrip,212,7,21,T,JFKDXB,United Kingdom,0,1,1,11.16,1
4,Internet,RoundTrip,240,18,21,W,JFKDXB,UAE,0,1,1,13.87,0
1,Internet,RoundTrip,364,18,18,M,LHRBOM,United Kingdom,1,0,0,8.47,0
1,Mobile,RoundTrip,39,6,18,M,LHRBOM,USA,1,0,1,13.62,0
4,Internet,RoundTrip,101,10,4,M,AUHBOM,United Kingdom,0,1,0,14.8,1
2,Mobile,OneWay,152,3,4,S,CDGSYD,United Kingdom,1,0,0,12.69,0
4,Internet,OneWay,26,9,8,T,LHRBOM,France,1,0,0,12.37,0
2,Mobile,OneWay,298,18,8,T,JFKDXB,India,0,1,1,4.81,1
3,Internet,RoundTrip,142,15,7,W,JFKDXB,United Kingdom,0,1,0,3.76,1
3,Internet,RoundTrip,61,10,6,M,JFKDXB,USA,1,0,0,12.0,1
4,Internet,RoundTrip,189,16,5,T,CDGSYD,France,1,1,1,11.18,0
3,Internet,OneWay,70,12,13,T,AUHBOM,UAE,0,1,1,10.12,0
3,Mobile,RoundTrip,141,9,18,M,CDGSYD,UAE,1,0,1,7.8,0
2,Mobile,RoundTrip,235,1,18,F,AUHBOM,India,0,1,0,2.84,1
2,Internet,RoundTrip,117,3,2,T,LTNPRG,United Kingdom,0,1,0,9.42,0
2,Internet,RoundTrip,304,11,12,T,LTNPRG,France,0,1,1,8.92,0
2,Internet,RoundTrip,94,2,11,W,CDGSYD,UAE,1,1,1,11.33,0
4,Internet,RoundTrip,42,1,18,M,AUHBOM,UAE,0,1,0,3.16,0
1,Mobile,RoundTrip,156,7,19,S,LHRBOM,USA,1,0,1,7.23,1
3,Internet,OneWay,70,12,7,F,LHRBOM,UAE,0,0,0,7.47,0
3,Mobile,RoundTrip,251,15,18,W,LHRBOM,United Kingdom,0,0,0,8.04,0
4,Internet,RoundTrip,191,20,13,T,LTNPRG,India,0,0,0,2.44,1
3,Mobile,OneWay,55,14,6,M,AUHBOM,France,0,0,0,9.61,1
2,Internet,OneWay,123,20,12,S,LTNPRG,India,0,0,1,4.51,1
1,Internet,RoundTrip,316,6,0,W,CDGSYD,United Kingdom,0,1,1,13.86,1
2,Mobile,RoundTrip,299,14,1,T,LHRBOM,UAE,0,1,1,10.21,1
2,Internet,RoundTrip,234,1,9,S,AUHBOM,France,1,1,0,12.8,0
1,Internet,RoundTrip,329,3,22,S,CDGSYD,USA,1,1,0,8.39,1
3,Internet,OneWay,40,13,13,W,AUHBOM,United Kingdom,0,1,0,6.82,0
2,Internet,RoundTrip,267,7,15,F,CDGSYD,UAE,0,1,0,5.36,0
4,Mobile,OneWay,9,12,19,S,CDGSYD,USA,1,1,0,7.15,1
1,Mobile,RoundTrip,219,19,10,F,LHRBOM,UAE,1,1,0,13.97,0
4,Internet,RoundTrip,19,16,12,T,LTNPRG,India,1,1,1,14.03,1
2,Mobile,RoundTrip,125,8,6,S,AUHBOM,France,0,1,1,14.21,0
2,Internet,OneWay,33,14,6,M,JFKDXB,USA,0,1,1,11.96,1
2,Mobile,RoundTrip,93,19,21,T,JFKDXB,USA,0,1,0,4.32,0
4,Internet,RoundTrip,235,5,15,T,CDGSYD,USA,0,0,1,11.33,0
3,Internet,RoundTrip,285,12,3,F,LTNPRG,UAE,0,0,1,6.36,1
1,Internet,RoundTrip,343,15,9,F,LTNPRG,United Kingdom,0,0,1,7.53,1
4,Internet,RoundTrip,360,14,17,M,AUHBOM,France,0,1,0,8.0,0
1,Mobile,RoundTrip,49,10,18,S,AUHBOM,United Kingdom,0,1,0,5.33,0
2,Internet,RoundTrip,335,9,15,W,AUHBOM,USA,0,1,1,4.71,0
3,Internet,RoundTrip,104,12,0,T,LTNPRG,India,0,1,0,3.35,1
3,Internet,RoundTrip,322,10,8,T,JFKDXB,United Kingdom,0,0,0,7.74,0
2,Internet,RoundTrip,316,8,9,S,LHRBOM,India,1,0,1,9.69,0
4,Internet,RoundTrip,335,18,4,S,JFKDXB,United Kingdom,0,1,1,13.47,1
4,Internet,RoundTrip,185,16,9,T,LTNPRG,France,1,0,0,2.23,1
4,Mobile,RoundTrip,274,13,8,F,LTNPRG,UAE,1,0,1,2.59,0
2,Internet,RoundTrip,156,4,13,T,CDGSYD,UAE,0,1,0,11.66,1
4,Mobile,RoundTrip,29,11,7,F,AUHBOM,USA,0,1,1,12.28,1
1,Mobile,RoundTrip,173,5,8,S,CDGSYD,UAE,0,1,0,2.45,0
4,Internet,OneWay,74,4,19,M,LTNPRG,UAE,1,0,0,11.9,1
3,Internet,OneWay,37,5,9,W,LHRBOM,UAE,1,1,0,9.27,1
3,Mobile,OneWay,49,4,4,T,LHRBOM,India,1,1,0,6.15,1
1,Mobile,RoundTrip,80,16,16,S,LTNPRG,USA,0,0,1,10.49,1
4,Internet,RoundTrip,290,11,6,M,LTNPRG,USA,1,1,1,5.99,1
2,Mobile,OneWay,351,15,3,T,LHRBOM,United Kingdom,1,1,0,7.72,1
3,Mobile,OneWay,310,20,17,S,JFKDXB,India,1,1,0,8.34,1
1,Internet,OneWay,235,6,5,M,JFKDXB,India,0,0,0,5.82,1
4,Mobile,OneWay,322,4,0,T,JFKDXB,France,0,1,1,6.27,1
2,Internet,OneWay,105,3,2,M,LTNPRG,India,1,0,1,13.58,0
4,Mobile,RoundTrip,331,1,17,S,AUHBOM,France,0,0,1,7.3,0
4,Mobile,RoundTrip,345,1,5,S,LTNPRG,India,1,0,0,5.6,1
3,Internet,RoundTrip,55,12,9,T,LHRBOM,India,1,0,1,8.58,1
1,Internet,RoundTrip,145,14,11,S,AUHBOM,India,1,1,0,3.74,1
2,Internet,OneWay,103,6,6,F,JFKDXB,United Kingdom,1,0,0,9.34,1
3,Mobile,RoundTrip,52,11,4,S,JFKDXB,India,0,0,0,12.93,1
3,Internet,RoundTrip,63,5,1,M,LHRBOM,France,1,0,0,8.25,0
3,Mobile,OneWay,352,15,1,F,LTNPRG,France,0,1,1,2.2,0
1,Internet,RoundTrip,67,15,21,S,CDGSYD,United Kingdom,1,1,1,13.74,0
3,Internet,RoundTrip,243,15,22,F,LTNPRG,India,1,1,1,11.76,1
1,Mobile,RoundTrip,318,11,14,T,CDGSYD,France,1,0,1,14.59,1
2,Internet,RoundTrip,275,17,10,T,CDGSYD,France,0,0,1,12.47,1
1,Internet,RoundTrip,166,2,18,T,JFKDXB,USA,1,1,0,13.19,1
3,Internet,RoundTrip,9,9,19,F,JFKDXB,India,0,1,0,13.9,1
3,Internet,OneWay,153,2,10,F,LTNPRG,France,1,1,0,5.3,0
4,Internet,RoundTrip,104,17,16,T,LTNPRG,USA,1,1,0,14.81,1
2,Internet,RoundTrip,315,2,2,M,AUHBOM,USA,0,1,1,5.3,1
1,Internet,RoundTrip,345,9,3,W,LTNPRG,France,0,1,1,14.69,0
1,Internet,RoundTrip,85,4,19,S,LTNPRG,UAE,0,1,1,12.34,1
4,Internet,RoundTrip,57,15,11,F,LTNPRG,France,1,0,1,11.53,1
4,Internet,RoundTrip,299,9,18,S,LHRBOM,UAE,0,0,1,4.99,1
1,Internet,RoundTrip,318,12,13,M,CDGSYD,United Kingdom,0,1,0,5.99,0
3,Mobile,OneWay,358,20,2,T,JFKDXB,UAE,1,0,0,4.01,1
2,Internet,RoundTrip,281,19,3,T,AUHBOM,India,1,1,1,5.84,0
2,Internet,RoundTrip,169,9,12,S,CDGSYD,France,0,1,0,13.96,1
3,Internet,OneWay,138,8,2,S,AUHBOM,United Kingdom,0,1,1,7.97,0
4,Mobile,RoundTrip,22,6,19,M,JFKDXB,USA,1,1,0,14.44,1
1,Mobile,OneWay,323,14,6,S,LHRBOM,United Kingdom,0,0,0,9.69,1
4,Mobile,RoundTrip,362,20,15,M,JFKDXB,India,1,1,0,2.21,1
1,Mobile,RoundTrip,336,12,6,T,JFKDXB,France,0,1,1,6.39,0
3,Internet,RoundTrip,209,12,17,T,AUHBOM,USA,1,0,0,6.44,0
1,Mobile,RoundTrip,316,20,6,W,JFKDXB,France,0,0,1,7.54,0
1,Internet,OneWay,1,4,11,W,LHRBOM,France,1,0,1,10.71,1
1,Mobile,RoundTrip,149,2,5,F,CDGSYD,USA,1,1,0,5.49,1
4,Mobile,OneWay,40,2,20,M,JFKDXB,United Kingdom,0,0,1,7.29,1
3,Mobile,OneWay,214,12,12,M,AUHBOM,India,0,0,1,14.97,0
3,Internet,RoundTrip,1,18,12,F,JFKDXB,United Kingdom,1,1,0,6.71,1
1,Mobile,OneWay,112,5,6,M,AUHBOM,USA,0,0,0,8.56,1
4,Internet,OneWay,153,15,4,T,CDGSYD,United Kingdom,1,1,1,8.67,1
4,Internet,RoundTrip,48,18,17,S,AUHBOM,France,0,0,1,4.54,1
2,Internet,OneWay,32,19,1,T,LHRBOM,USA,1,1,0,8.44,0
4,Internet,OneWay,329,16,1,M,CDGSYD,France,0,0,0,4.88,1
1,Internet,RoundTrip,100,8,15,T,CDGSYD,France,0,1,0,3.4,0
2,Internet,RoundTrip,358,14,14,W,LTNPRG,France,0,0,1,12.5,1
1,Internet,RoundTrip,135,12,7,M,LTNPRG,United Kingdom,0,0,1,11.29,0
1,Internet,OneWay,22,10,17,W,AUHBOM,India,1,0,0,5.51,0
4,Internet,RoundTrip,38,15,1,S,LHRBOM,France,1,0,0,3.75,1
2,Internet,OneWay,251,14,10,S,LTNPRG,UAE,1,1,0,14.78,0
3,Mobile,OneWay,5,17,20,M,CDGSYD,UAE,1,0,0,13.92,1
4,Internet,RoundTrip,346,12,7,F,JFKDXB,United Kingdom,0,1,0,6.7,0
4,Mobile,OneWay,94,14,18,F,JFKDXB,India,0,0,0,10.38,0
2,Internet,RoundTrip,222,6,6,S,AUHBOM,United Kingdom,1,0,0,5.74,1
2,Internet,RoundTrip,162,10,5,S,LHRBOM,United Kingdom,1,0,0,6.89,0
1,Internet,RoundTrip,18,17,7,F,LHRBOM,UAE,0,0,1,9.01,1
4,Internet,RoundTrip,256,16,6,S,LHRBOM,USA,1,1,0,5.5,0
4,Internet,RoundTrip,6,11,2,T,JFKDXB,United Kingdom,0,0,1,3.13,0
3,Internet,RoundTrip,291,12,20,M,CDGSYD,France,1,1,1,11.36,0
2,Internet,RoundTrip,184,6,13,W,LHRBOM,USA,0,1,1,4.48,1
4,Internet,RoundTrip,111,8,22,T,JFKDXB,France,1,1,0,5.91,0
2,Internet,RoundTrip,343,14,14,T,CDGSYD,France,1,0,1,14.42,1
2,Internet,OneWay,74,3,20,M,LHRBOM,USA,1,0,0,9.84,0
4,Mobile,RoundTrip,102,1,8,T,JFKDXB,USA,0,0,0,4.96,0
2,Internet,RoundTrip,236,12,4,S,CDGSYD,USA,0,0,0,5.71,0
4,Internet,RoundTrip,128,15,21,M,LHRBOM,United Kingdom,0,1,1,4.91,1
1,Internet,RoundTrip,178,20,18,F,LTNPRG,USA,1,1,1,13.31,1
2,Internet,RoundTrip,290,10,20,S,JFKDXB,UAE,1,0,0,12.41,0
2,Internet,OneWay,333,3,21,T,CDGSYD,United Kingdom,1,1,0,9.13,1
2,Internet,RoundTrip,292,13,6,T,JFKDXB,France,0,1,1,3.68,1
4,Internet,RoundTrip,30,7,12,F,CDGSYD,France,0,1,1,11.6,0
2,Internet,OneWay,344,4,16,T,JFKDXB,France,1,0,1,13.04,1
4,Internet,RoundTrip,154,13,20,M,AUHBOM,United Kingdom,1,0,0,8.86,1
1,Internet,RoundTrip,306,15,2,T,CDGSYD,France,0,1,1,4.74,1
2,Internet,OneWay,105,2,21,M,JFKDXB,United Kingdom,0,0,1,11.03,1
2,Mobile,RoundTrip,217,15,17,W,JFKDXB,France,0,0,1,6.25,0
3,Internet,RoundTrip,352,12,10,S,JFKDXB,United Kingdom,0,0,0,13.92,1
1,Internet,RoundTrip,342,15,16,T,LHRBOM,United Kingdom,1,1,0,12.79,0
2,Internet,OneWay,239,13,6,T,JFKDXB,United Kingdom,0,0,0,7.28,0
3,Mobile,OneWay,224,10,8,S,AUHBOM,USA,0,0,1,2.52,1
2,Mobile,RoundTrip,11,7,4,T,LTNPRG,France,0,1,0,14.32,1
4,Mobile,RoundTrip,219,13,8,T,LTNPRG,UAE,1,1,1,14.41,0
2,Internet,RoundTrip,154,4,7,F,LTNPRG,France,1,1,0,8.31,0
4,Internet,RoundTrip,6,11,13,S,CDGSYD,UAE,0,0,0,2.08,0
1,Mobile,OneWay,345,16,9,T,AUHBOM,France,1,0,1,11.4,0
4,Internet,RoundTrip,166,5,6,S,JFKDXB,India,1,0,1,5.65,0
2,Mobile,OneWay,281,2,8,F,AUHBOM,India,1,0,0,11.74,0
1,Internet,OneWay,16,1,13,T,LHRBOM,France,1,1,0,2.38,1
3,Internet,RoundTrip,90,12,18,S,JFKDXB,India,1,1,1,10.02,0
1,Internet,RoundTrip,328,9,20,T,CDGSYD,India,0,1,0,14.21,1
1,Internet,RoundTrip,342,14,6,F,LTNPRG,India,0,0,0,8.75,0
3,Mobile,RoundTrip,4,17,10,T,AUHBOM,UAE,1,0,1,14.3,1
4,Internet,RoundTrip,325,20,16,T,AUHBOM,India,1,0,1,11.38,0
2,Internet,OneWay,112,7,4,S,AUHBOM,France,0,0,0,9.75,1
3,Internet,RoundTrip,79,3,16,S,AUHBOM,USA,0,0,0,13.0,0
1,Mobile,RoundTrip,363,15,12,S,AUHBOM,UAE,1,0,1,13.97,1
1,Internet,RoundTrip,195,1,3,F,LHRBOM,France,0,0,1,13.16,1
4,Mobile,RoundTrip,290,13,15,W,LTNPRG,USA,0,0,1,13.94,0
1,Mobile,RoundTrip,51,6,3,S,LHRBOM,France,1,1,0,2.83,0
2,Internet,RoundTrip,276,8,12,M,LHRBOM,USA,0,1,1,4.76,0
3,Mobile,RoundTrip,134,3,7,M,CDGSYD,United Kingdom,1,0,1,5.47,1
1,Mobile,RoundTrip,260,1,0,F,AUHBOM,United Kingdom,1,1,1,14.48,0
4,Internet,RoundTrip,239,4,15,T,AUHBOM,United Kingdom,1,0,1,13.85,1
3,Internet,RoundTrip,19,9,15,T,AUHBOM,India,1,1,1,12.54,0
2,Internet,OneWay,319,6,6,S,AUHBOM,India,0,1,1,12.36,0
4,Internet,RoundTrip,105,8,0,W,LHRBOM,United Kingdom,1,0,0,7.8,0
3,Internet,OneWay,133,3,20,W,CDGSYD,United Kingdom,1,1,0,3.29,0
3,Mobile,RoundTrip,291,3,9,F,JFKDXB,USA,0,0,1,10.66,1
1,Internet,RoundTrip,320,15,19,S,CDGSYD,USA,1,1,0,8.79,0
1,Internet,RoundTrip,326,17,9,S,LHRBOM,USA,0,1,1,7.25,0
1,Internet,RoundTrip,166,15,17,W,LTNPRG,USA,1,1,1,6.72,1
3,Internet,OneWay,128,20,19,S,CDGSYD,UAE,1,0,0,4.1,0
4,Internet,RoundTrip,299,15,15,T,CDGSYD,India,1,1,0,7.27,0
4,Internet,RoundTrip,95,3,19,F,CDGSYD,USA,1,0,1,14.01,1
3,Internet,RoundTrip,235,15,1,M,JFKDXB,USA,1,0,1,4.56,1
1,Internet,RoundTrip,86,5,17,S,JFKDXB,India,1,0,0,9.79,1
3,Internet,OneWay,77,16,16,S,LTNPRG,United Kingdom,0,1,1,10.11,1
3,Mobile,RoundTrip,200,13,18,W,LTNPRG,India,1,1,0,6.97,0
3,Internet,OneWay,315,17,14,S,CDGSYD,France,1,0,0,5.51,1
3,Internet,RoundTrip,107,20,5,M,AUHBOM,USA,1,1,1,4.03,1
3,Internet,OneWay,265,14,13,W,JFKDXB,USA,0,0,1,7.41,1
3,Mobile,RoundTrip,8,19,16,T,LHRBOM,France,1,0,0,8.54,1
2,Internet,OneWay,255,11,22,F,JFKDXB,USA,0,1,0,2.47,0
1,Internet,RoundTrip,143,19,17,F,AUHBOM,India,0,0,0,14.01,0
1,Internet,OneWay,28,2,19,M,AUHBOM,USA,1,0,0,2.02,1
4,Internet,RoundTrip,202,9,17,S,AUHBOM,USA,0,0,1,2.63,1
2,Internet,RoundTrip,88,16,2,T,LTNPRG,India,0,1,1,10.69,0
2,Internet,OneWay,231,20,18,S,AUHBOM,UAE,1,0,1,12.25,0
2,Internet,RoundTrip,16,18,16,W,LTNPRG,UAE,0,1,1,7.95,1
1,Mobile,RoundTrip,125,8,3,T,JFKDXB,India,1,0,0,6.19,0
4,Internet,RoundTrip,86,13,4,W,JFKDXB,USA,1,0,0,11.29,1
1,Mobile,OneWay,115,2,5,W,CDGSYD,United Kingdom,0,1,1,13.32,0
1,Internet,RoundTrip,3,3,13,T,JFKDXB,USA,1,1,1,6.09,1
2,Internet,RoundTrip,104,15,18,T,LHRBOM,India,1,1,1,9.99,1
2,Internet,OneWay,33,7,20,S,AUHBOM,United Kingdom,1,0,1,13.68,1
1,Internet,RoundTrip,227,12,3,F,LTNPRG,UAE,0,1,0,10.62,1
2,Internet,RoundTrip,168,5,22,T,AUHBOM,USA,0,1,1,3.06,1
4,Mobile,RoundTrip,104,16,2,F,LHRBOM,France,0,0,1,4.08,1
2,Internet,RoundTrip,225,2,13,M,LHRBOM,France,1,1,0,12.45,1
4,Internet,RoundTrip,334,13,22,F,LHRBOM,UAE,0,0,0,8.2,1
2,Internet,RoundTrip,198,14,9,T,LTNPRG,India,1,0,0,5.02,0
1,Internet,RoundTrip,103,17,22,T,LTNPRG,France,0,1,1,3.09,0
1,Internet,RoundTrip,147,6,14,F,LTNPRG,India,1,1,1,3.0,0
4,Internet,OneWay,288,7,7,T,JFKDXB,UAE,0,1,1,8.69,0
2,Internet,RoundTrip,37,12,20,T,LTNPRG,India,1,0,0,11.56,1
4,Internet,RoundTrip,117,6,0,M,LHRBOM,India,0,0,1,7.4,1
4,Internet,RoundTrip,171,15,17,F,LHRBOM,UAE,1,0,1,7.18,0
1,Internet,RoundTrip,232,16,9,T,CDGSYD,UAE,1,1,0,2.04,1
2,Internet,OneWay,210,16,16,T,CDGSYD,France,1,1,1,6.75,0
3,Internet,RoundTrip,255,10,0,T,AUHBOM,France,0,1,0,4.43,1
1,Mobile,RoundTrip,343,13,20,S,LTNPRG,France,1,1,1,7.17,1
4,Mobile,RoundTrip,64,4,3,S,CDGSYD,India,1,1,1,2.57,0
1,Internet,RoundTrip,175,4,13,S,JFKDXB,France,0,0,1,9.23,1
4,Internet,RoundTrip,139,8,5,S,AUHBOM,UAE,0,0,0,9.52,1
4,Mobile,RoundTrip,33,5,21,T,AUHBOM,UAE,1,0,1,12.97,0
3,Internet,RoundTrip,47,17,19,S,LTNPRG,United Kingdom,0,0,0,4.16,1
4,Internet,RoundTrip,229,6,19,W,LHRBOM,USA,0,0,0,9.9,1
4,Internet,RoundTrip,186,19,8,M,LHRBOM,USA,0,1,0,12.98,1
3,Internet,RoundTrip,107,9,4,T,JFKDXB,USA,0,0,1,13.91,1
3,Mobile,OneWay,332,16,0,T,JFKDXB,France,1,0,1,4.28,1
2,Mobile,RoundTrip,114,2,4,T,LTNPRG,UAE,1,1,1,10.17,1
2,Mobile,OneWay,218,15,14,T,LHRBOM,USA,0,0,0,3.98,0
4,Mobile,RoundTrip,360,10,7,S,CDGSYD,France,0,0,1,4.53,1
1,Internet,RoundTrip,256,17,1,M,CDGSYD,India,1,1,0,11.31,1
2,Mobile,RoundTrip,266,4,22,S,CDGSYD,India,0,1,1,12.91,1
3,Internet,RoundTrip,104,5,20,W,AUHBOM,France,0,1,1,6.72,1
2,Internet,RoundTrip,333,18,10,W,CDGSYD,United Kingdom,1,0,1,12.35,0
2,Internet,RoundTrip,171,12,5,W,JFKDXB,India,0,1,1,10.89,1
3,Internet,RoundTrip,110,12,10,F,JFKDXB,India,1,0,0,6.68,1
2,Internet,RoundTrip,270,12,5,S,LHRBOM,UAE,0,1,1,5.64,0
4,Internet,RoundTrip,194,8,1,T,LHRBOM,United Kingdom,1,0,0,11.47,1
1,Internet,OneWay,48,19,9,S,LTNPRG,UAE,0,0,1,12.94,0
2,Internet,RoundTrip,8,12,3,S,JFKDXB,USA,1,0,0,3.17,1
4,Internet,RoundTrip,45,1,2,S,CDGSYD,USA,0,1,0,8.12,0
2,Internet,OneWay,59,6,22,F,LTNPRG,USA,1,0,0,5.56,0
3,Internet,RoundTrip,82,20,0,M,JFKDXB,France,1,1,1,3.48,0
3,Internet,RoundTrip,126,10,19,W,JFKDXB,France,1,1,0,4.36,1
2,Mobile,OneWay,87,15,21,T,LHRBOM,USA,0,1,1,12.56,1
3,Internet,RoundTrip,329,1,9,S,AUHBOM,United Kingdom,0,0,1,10.87,1
1,Internet,RoundTrip,351,1,19,M,JFKDXB,United Kingdom,0,1,0,14.58,0
3,Internet,OneWay,354,5,11,F,LTNPRG,United Kingdom,0,0,0,6.31,0
1,Mobile,RoundTrip,58,11,21,F,LTNPRG,India,0,1,1,13.86,1
3,Internet,RoundTrip,195,13,19,M,CDGSYD,United Kingdom,1,0,1,3.14,0
1,Internet,RoundTrip,39,2,15,T,CDGSYD,United Kingdom,1,1,0,13.35,0
4,Internet,OneWay,259,19,13,W,LTNPRG,USA,0,0,0,2.65,0
3,Mobile,RoundTrip,51,13,0,T,CDGSYD,France,1,1,0,4.31,0
1,Mobile,RoundTrip,106,8,6,S,AUHBOM,UAE,1,0,0,12.44,0
1,Internet,RoundTrip,74,10,22,M,AUHBOM,United Kingdom,0,0,0,14.16,1
1,Internet,RoundTrip,176,11,21,S,AUHBOM,United Kingdom,0,0,1,9.69,0
4,Internet,RoundTrip,135,16,16,M,AUHBOM,France,0,0,1,13.19,1
3,Internet,OneWay,197,2,11,F,CDGSYD,France,1,1,0,3.6,0
2,Mobile,RoundTrip,72,12,9,W,LHRBOM,UAE,1,1,0,13.23,1
2,Mobile,RoundTrip,186,11,9,T,CDGSYD,India,1,0,1,5.7,1
1,Mobile,RoundTrip,32,16,16,T,CDGSYD,India,1,0,1,14.22,0
1,Mobile,OneWay,15,8,6,S,CDGSYD,India,1,0,1,7.55,1
4,Internet,RoundTrip,50,8,13,T,JFKDXB,USA,1,0,1,12.14,1
3,Mobile,RoundTrip,98,17,14,W,LHRBOM,India,0,1,1,11.06,0
2,Internet,RoundTrip,288,18,15,S,LHRBOM,France,1,1,0,2.22,1
1,Internet,RoundTrip,121,17,3,W,AUHBOM,India,1,0,1,4.8,0
2,Internet,RoundTrip,190,18,18,M,AUHBOM,USA,1,1,1,9.38,1
2,Internet,RoundTrip,247,3,9,T,AUHBOM,UAE,1,0,0,4.9,1
1,Mobile,RoundTrip,272,14,21,T,AUHBOM,India,0,0,0,12.27,0
3,Mobile,RoundTrip,213,14,10,M,LTNPRG,USA,0,1,1,12.66,0
3,Mobile,RoundTrip,65,6,18,S,JFKDXB,UAE,0,1,1,2.28,0
4,Mobile,RoundTrip,242,10,2,S,LHRBOM,India,0,1,1,9.84,1
2,Internet,RoundTrip,112,20,20,S,AUHBOM,UAE,1,1,0,14.89,1
2,Internet,RoundTrip,216,3,0,T,LTNPRG,France,1,1,1,8.92,1
4,Mobile,RoundTrip,358,17,13,W,CDGSYD,USA,0,1,1,13.0,1
2,Internet,OneWay,27,7,17,S,AUHBOM,India,1,1,0,3.44,0
3,Mobile,RoundTrip,32,18,7,S,LTNPRG,UAE,1,0,1,11.48,0
3,Internet,RoundTrip,91,11,22,S,JFKDXB,USA,0,1,0,4.68,0
4,Internet,RoundTrip,160,1,15,T,CDGSYD,USA,1,1,1,5.67,0
2,Internet,RoundTrip,175,3,20,S,LHRBOM,France,1,0,1,8.44,0
3,Internet,RoundTrip,108,17,12,F,LHRBOM,USA,1,0,1,14.21,0
1,Mobile,RoundTrip,328,16,16,F,JFKDXB,UAE,1,0,1,10.85,0
4,Mobile,RoundTrip,3,5,1,S,LTNPRG,UAE,1,1,0,14.0,1
1,Internet,RoundTrip,199,13,1,T,JFKDXB,USA,0,0,1,11.6,1
3,Internet,RoundTrip,202,11,13,T,LHRBOM,United Kingdom,1,1,0,11.79,0
1,Internet,RoundTrip,281,2,8,W,JFKDXB,United Kingdom,0,1,1,13.14,1
2,Internet,RoundTrip,201,15,9,T,AUHBOM,India,0,0,1,6.26,1
1,Internet,RoundTrip,50,4,14,T,LTNPRG,France,1,0,0,12.28,1
3,Internet,RoundTrip,117,9,8,F,CDGSYD,UAE,0,0,0,12.96,0
2,Internet,RoundTrip,63,1,22,T,JFKDXB,USA,1,0,1,11.63,1
3,Internet,RoundTrip,172,5,16,S,JFKDXB,United Kingdom,0,0,1,10.87,0
2,Internet,RoundTrip,333,19,13,W,JFKDXB,USA,0,1,1,4.45,1
1,Mobile,RoundTrip,143,11,20,S,JFKDXB,India,0,0,1,14.46,1
3,Internet,RoundTrip,133,15,0,S,AUHBOM,United Kingdom,1,1,1,5.7,1
3,Internet,OneWay,169,6,4,W,JFKDXB,UAE,0,1,0,7.41,0
3,Mobile,RoundTrip,61,1,19,S,JFKDXB,France,0,0,0,2.91,0
2,Mobile,OneWay,309,13,18,T,LTNPRG,UAE,0,1,0,2.28,1
3,Mobile,RoundTrip,243,5,13,F,JFKDXB,France,1,1,1,4.2,0
3,Internet,RoundTrip,260,3,3,F,LTNPRG,UAE,1,1,1,10.08,0
1,Internet,RoundTrip,128,10,6,T,LTNPRG,UAE,1,0,1,5.83,1
1,Mobile,RoundTrip,103,9,13,T,CDGSYD,United Kingdom,1,1,0,13.43,1
2,Internet,RoundTrip,173,3,1,M,CDGSYD,United Kingdom,0,1,0,2.26,0
1,Internet,OneWay,88,12,19,T,LHRBOM,France,0,0,1,4.55,1
3,Mobile,OneWay,8,9,7,F,JFKDXB,India,0,1,0,3.06,1
1,Internet,RoundTrip,264,20,20,T,CDGSYD,USA,0,1,1,3.33,1
1,Mobile,RoundTrip,314,2,12,S,LTNPRG,United Kingdom,1,0,1,5.1,1
1,Mobile,RoundTrip,82,10,7,W,CDGSYD,United Kingdom,1,0,1,13.24,1
2,Internet,RoundTrip,229,16,0,W,CDGSYD,India,0,1,1,13.12,0
1,Mobile,RoundTrip,331,9,18,T,LTNPRG,India,1,0,1,6.25,1
3,Internet,RoundTrip,270,5,15,F,CDGSYD,USA,0,1,1,2.98,0
1,Mobile,RoundTrip,304,20,20,S,AUHBOM,USA,0,1,0,10.88,0
4,Mobile,OneWay,325,7,5,F,CDGSYD,India,0,0,1,11.05,0
3,Mobile,RoundTrip,92,19,3,M,AUHBOM,India,0,0,0,14.01,0
1,Internet,RoundTrip,27,17,5,S,AUHBOM,France,1,1,1,13.95,0
2,Mobile,RoundTrip,292,14,8,W,LTNPRG,USA,0,1,1,5.36,1
1,Mobile,RoundTrip,288,16,8,S,AUHBOM,France,1,0,1,13.5,1
4,Internet,RoundTrip,70,11,17,F,LTNPRG,France,1,1,0,8.91,0
3,Internet,RoundTrip,329,14,21,M,JFKDXB,France,1,0,1,13.89,1
4,Internet,RoundTrip,10,6,0,T,AUHBOM,France,0,1,1,10.78,0
2,Mobile,RoundTrip,138,2,12,S,LHRBOM,India,0,1,1,8.04,0
1,Internet,RoundTrip,350,13,14,S,CDGSYD,United Kingdom,1,0,0,9.52,0
1,Internet,RoundTrip,129,17,5,S,JFKDXB,India,0,0,1,5.06,0
2,Mobile,RoundTrip,278,17,9,S,AUHBOM,India,1,0,0,9.4,1
4,Mobile,RoundTrip,14,16,16,T,LTNPRG,France,1,1,1,5.52,0
2,Mobile,RoundTrip,179,20,11,T,JFKDXB,India,1,0,1,7.74,1
4,Internet,RoundTrip,285,12,1,M,AUHBOM,USA,1,1,1,5.86,1
2,Internet,RoundTrip,307,4,9,S,CDGSYD,United Kingdom,1,1,0,7.76,0
1,Internet,RoundTrip,159,5,7,F,JFKDXB,United Kingdom,1,0,0,13.17,1
2,Internet,RoundTrip,28,6,4,S,LHRBOM,France,0,1,1,9.37,1
1,Mobile,RoundTrip,194,20,2,S,LTNPRG,United Kingdom,0,0,1,2.64,0
3,Internet,RoundTrip,270,18,8,W,LHRBOM,France,1,1,0,11.07,1
1,Internet,OneWay,165,15,19,T,AUHBOM,India,0,1,0,10.6,1
3,Internet,RoundTrip,349,18,19,S,JFKDXB,USA,1,0,0,3.16,0
2,Internet,RoundTrip,115,7,3,S,AUHBOM,France,0,1,1,6.06,0
2,Mobile,RoundTrip,298,15,14,T,CDGSYD,UAE,0,0,0,5.3,1
3,Mobile,RoundTrip,275,4,16,T,LTNPRG,India,0,0,0,7.98,0
3,Internet,RoundTrip,158,3,10,S,LHRBOM,United Kingdom,1,0,1,6.97,1
4,Internet,RoundTrip,36,13,0,S,LTNPRG,India,1,1,1,12.76,1
2,Internet,RoundTrip,127,15,16,S,JFKDXB,UAE,1,1,1,7.08,1
4,Internet,RoundTrip,280,12,3,T,LTNPRG,USA,1,0,0,3.54,1
4,Mobile,RoundTrip,325,10,4,S,AUHBOM,USA,1,1,0,5.69,1
4,Internet,RoundTrip,167,13,6,S,CDGSYD,UAE,1,1,1,3.82,1
4,Internet,OneWay,107,8,1,T,JFKDXB,UAE,0,0,1,6.23,0
4,Mobile,RoundTrip,279,6,21,W,LTNPRG,UAE,1,1,0,13.07,0
2,Internet,RoundTrip,342,6,12,S,JFKDXB,USA,0,0,1,8.93,0
3,Internet,RoundTrip,52,8,18,T,JFKDXB,United Kingdom,1,0,1,6.66,1
4,Internet,RoundTrip,117,7,0,M,LTNPRG,France,0,1,0,13.65,1
2,Internet,RoundTrip,290,4,4,T,LTNPRG,India,1,1,1,7.96,1
4,Internet,RoundTrip,46,11,3,S,CDGSYD,UAE,0,1,0,11.52,1
3,Mobile,RoundTrip,355,9,1,S,CDGSYD,UAE,1,0,1,4.63,1
2,Mobile,RoundTrip,86,4,16,T,JFKDXB,France,1,0,1,6.79,1
4,Internet,RoundTrip,178,19,3,T,JFKDXB,India,1,1,0,8.59,0
1,Internet,RoundTrip,190,11,20,W,AUHBOM,India,0,1,1,8.66,1
3,Internet,RoundTrip,137,3,17,S,JFKDXB,India,1,1,0,12.42,1
4,Internet,RoundTrip,48,1,6,S,CDGSYD,India,1,0,1,9.53,1
1,Internet,OneWay,11,2,6,S,AUHBOM,UAE,1,1,0,13.67,0
2,Internet,OneWay,139,9,8,T,AUHBOM,United Kingdom,1,0,1,13.92,1
3,Internet,OneWay,99,5,12,M,AUHBOM,United Kingdom,0,0,0,7.63,0
1,Mobile,RoundTrip,330,20,15,F,LTNPRG,United Kingdom,1,1,0,10.88,1
4,Mobile,RoundTrip,242,10,10,S,AUHBOM,USA,1,1,0,12.2,1
3,Internet,OneWay,35,15,18,W,CDGSYD,USA,1,1,1,6.74,0
2,Mobile,RoundTrip,275,5,17,T,JFKDXB,India,0,0,1,5.68,0
2,Internet,RoundTrip,224,2,5,T,AUHBOM,USA,0,0,0,13.42,1
1,Mobile,OneWay,46,7,9,T,JFKDXB,UAE,1,0,0,9.72,0
1,Internet,RoundTrip,147,14,19,S,AUHBOM,USA,1,1,1,4.46,1
3,Internet,RoundTrip,269,16,16,W,LHRBOM,France,1,0,0,9.52,1
4,Internet,OneWay,236,4,22,S,CDGSYD,UAE,0,0,1,4.89,0
2,Internet,OneWay,209,6,2,F,LHRBOM,USA,1,1,1,8.03,0
1,Internet,RoundTrip,179,10,2,T,AUHBOM,USA,0,0,0,10.84,0
3,Internet,RoundTrip,252,7,11,T,LHRBOM,USA,1,1,0,12.79,0
3,Internet,RoundTrip,320,6,5,S,LTNPRG,USA,1,1,0,7.24,0
1,Internet,RoundTrip,63,20,17,T,AUHBOM,United Kingdom,0,1,0,3.29,0
3,Internet,RoundTrip,147,19,16,T,LTNPRG,UAE,0,1,0,12.08,0
1,Internet,RoundTrip,309,8,10,S,CDGSYD,United Kingdom,1,0,1,10.64,1
1,Internet,RoundTrip,186,2,0,S,LHRBOM,United Kingdom,1,0,0,10.08,0
2,Internet,RoundTrip,65,8,8,M,CDGSYD,India,1,1,1,6.01,0
3,Internet,OneWay,48,18,6,S,JFKDXB,USA,0,1,0,2.58,0
3,Internet,OneWay,265,18,9,S,JFKDXB,UAE,1,0,0,9.75,1
3,Mobile,RoundTrip,179,15,19,T,AUHBOM,France,0,0,0,12.1,0
1,Internet,RoundTrip,288,14,17,T,LTNPRG,India,0,0,0,5.95,0
2,Internet,RoundTrip,42,8,15,T,LTNPRG,France,0,1,0,10.89,0
3,Internet,RoundTrip,221,9,0,S,LHRBOM,India,1,0,1,3.68,1
3,Internet,RoundTrip,213,18,14,T,JFKDXB,France,0,1,1,11.49,1
1,Internet,RoundTrip,168,5,11,W,LHRBOM,France,0,1,1,13.1,0
4,Internet,RoundTrip,156,9,14,S,JFKDXB,United Kingdom,1,0,0,7.06,0
1,Mobile,RoundTrip,99,18,9,F,JFKDXB,France,0,0,0,3.76,1
4,Internet,OneWay,286,14,11,T,CDGSYD,USA,0,0,0,8.31,1
3,Internet,OneWay,121,3,7,F,CDGSYD,USA,1,0,1,9.6,0
1,Internet,OneWay,153,16,17,T,LTNPRG,UAE,1,1,0,3.51,0
2,Internet,OneWay,313,2,9,S,LTNPRG,United Kingdom,1,1,1,4.53,1
2,Mobile,RoundTrip,230,6,19,T,AUHBOM,UAE,0,0,1,2.84,0
4,Internet,OneWay,15,19,21,S,AUHBOM,UAE,0,0,0,13.0,0
3,Internet,OneWay,22,2,18,S,AUHBOM,UAE,0,0,1,6.94,1
2,Mobile,RoundTrip,196,4,12,M,JFKDXB,India,1,1,1,9.24,1
4,Internet,RoundTrip,259,18,11,F,LHRBOM,USA,1,0,0,10.99,1
1,Internet,RoundTrip,172,14,11,F,LTNPRG,UAE,1,0,0,5.29,1
4,Mobile,RoundTrip,349,5,17,T,LTNPRG,USA,0,0,1,11.95,0
4,Internet,RoundTrip,310,7,19,T,LHRBOM,United Kingdom,1,0,0,4.14,1
2,Internet,RoundTrip,163,19,17,T,LTNPRG,India,0,1,1,14.86,0
1,Mobile,OneWay,86,13,16,S,LTNPRG,France,1,1,1,8.09,0
4,Internet,OneWay,4,7,10,T,JFKDXB,USA,0,0,0,8.43,1
4,Internet,RoundTrip,13,3,5,W,LTNPRG,India,0,0,0,9.23,1
2,Internet,RoundTrip,220,9,7,F,LTNPRG,UAE,0,0,0,5.78,0
1,Internet,RoundTrip,122,7,22,M,LTNPRG,USA,1,1,1,7.92,0
2,Internet,RoundTrip,53,9,9,S,LHRBOM,India,1,1,1,2.52,1
1,Internet,OneWay,27,1,11,M,LHRBOM,France,1,0,1,12.85,1
3,Internet,OneWay,171,10,11,S,LHRBOM,United Kingdom,1,0,1,14.24,1
3,Mobile,RoundTrip,213,5,8,F,JFKDXB,USA,1,0,1,6.86,0
2,Internet,RoundTrip,12,20,3,T,LTNPRG,United Kingdom,0,0,1,12.98,0
3,Mobile,OneWay,153,6,5,T,AUHBOM,France,1,1,0,10.4,0
3,Mobile,OneWay,162,5,5,W,AUHBOM,India,0,1,0,5.92,0
1,Mobile,RoundTrip,21,7,4,S,LHRBOM,United Kingdom,0,1,0,4.87,0
2,Mobile,OneWay,319,13,2,W,CDGSYD,France,1,1,0,9.39,1
4,Mobile,RoundTrip,84,15,21,T,AUHBOM,UAE,1,1,1,5.44,0
4,Internet,RoundTrip,50,6,1,S,CDGSYD,France,0,1,0,10.89,0
4,Internet,RoundTrip,49,14,2,F,LHRBOM,USA,1,0,1,5.4,1
4,Mobile,OneWay,182,3,13,F,CDGSYD,France,1,1,0,13.13,1
1,Internet,OneWay,258,4,21,T,AUHBOM,USA,1,0,1,13.31,0
2,Internet,RoundTrip,93,6,16,M,AUHBOM,UAE,1,0,1,8.39,0
2,Mobile,RoundTrip,279,14,3,M,LTNPRG,India,1,0,0,9.58,0
3,Internet,RoundTrip,96,12,14,M,CDGSYD,USA,1,1,0,6.67,0
4,Internet,OneWay,69,10,13,T,AUHBOM,India,1,1,0,13.4,1
3,Internet,RoundTrip,235,13,16,T,LTNPRG,France,0,0,1,13.55,0
3,Internet,RoundTrip,282,4,6,T,AUHBOM,India,0,1,1,10.09,1
1,Internet,OneWay,273,6,9,T,JFKDXB,United Kingdom,0,1,1,3.56,0
3,Internet,RoundTrip,203,15,22,S,AUHBOM,United Kingdom,0,1,1,8.7,0
4,Mobile,OneWay,318,20,18,S,LHRBOM,India,0,1,1,10.95,0
4,Internet,OneWay,310,1,5,F,LHRBOM,United Kingdom,0,1,1,14.14,1
3,Internet,RoundTrip,102,8,17,M,LTNPRG,UAE,0,1,1,14.14,0
1,Mobile,OneWay,229,18,19,S,CDGSYD,UAE,0,1,1,12.14,1
1,Mobile,RoundTrip,26,17,16,S,AUHBOM,France,1,1,1,2.16,1
3,Internet,OneWay,30,6,14,S,AUHBOM,France,1,0,1,7.32,0
4,Internet,RoundTrip,161,1,17,S,JFKDXB,India,0,1,0,14.13,0
4,Internet,OneWay,257,12,12,M,CDGSYD,France,1,0,0,6.89,1
2,Mobile,RoundTrip,213,14,5,W,CDGSYD,France,1,0,1,9.87,1
3,Internet,RoundTrip,60,6,11,F,AUHBOM,France,1,0,1,12.82,1
1,Internet,OneWay,270,7,13,T,AUHBOM,United Kingdom,1,0,1,4.63,0
3,Mobile,RoundTrip,221,14,17,W,CDGSYD,India,1,0,1,4.56,0
1,Internet,RoundTrip,276,11,17,T,JFKDXB,UAE,0,1,1,14.03,0
4,Internet,OneWay,223,6,3,T,LTNPRG,UAE,1,1,1,12.88,1
4,Mobile,RoundTrip,315,17,2,F,LHRBOM,India,0,1,0,7.67,0
1,Mobile,RoundTrip,132,19,3,F,CDGSYD,United Kingdom,1,0,1,13.93,1
4,Internet,OneWay,12,15,5,M,JFKDXB,UAE,0,0,0,9.32,1
4,Internet,RoundTrip,218,19,6,F,CDGSYD,UAE,1,0,1,4.84,0
2,Internet,RoundTrip,358,8,11,S,AUHBOM,France,1,0,0,6.59,1
2,Internet,RoundTrip,36,3,16,M,LHRBOM,France,0,0,0,12.58,1
1,Internet,RoundTrip,352,15,9,S,CDGSYD,USA,0,1,0,9.12,1
4,Mobile,RoundTrip,281,12,10,F,JFKDXB,India,0,1,1,2.34,0
1,Internet,RoundTrip,13,9,21,S,AUHBOM,USA,0,1,0,8.63,1
4,Internet,RoundTrip,198,6,17,S,AUHBOM,USA,1,1,0,2.17,1
3,Internet,RoundTrip,115,2,17,S,LTNPRG,United Kingdom,1,0,1,4.15,0
4,Mobile,RoundTrip,239,4,17,W,JFKDXB,UAE,0,0,1,10.49,1
2,Internet,OneWay,279,14,0,M,CDGSYD,USA,0,1,0,10.1,1
4,Internet,RoundTrip,137,5,16,S,CDGSYD,France,1,0,0,9.04,1
2,Internet,RoundTrip,175,19,10,S,LHRBOM,France,1,0,0,10.06,0
2,Internet,OneWay,15,10,14,T,LHRBOM,UAE,1,0,0,7.36,0
2,Mobile,RoundTrip,2,2,17,F,LHRBOM,France,0,0,0,2.08,0
4,Mobile,OneWay,277,14,1,T,LHRBOM,USA,1,1,1,10.56,0
2,Internet,OneWay,130,14,15,M,AUHBOM,India,0,1,1,11.38,1
2,Internet,RoundTrip,320,4,20,T,LTNPRG,United Kingdom,0,0,1,9.3,0
3,Mobile,RoundTrip,211,17,12,T,AUHBOM,USA,1,0,0,9.89,1
3,Internet,RoundTrip,145,15,15,F,LTNPRG,United Kingdom,1,0,1,4.42,1
3,Mobile,RoundTrip,321,12,1,W,CDGSYD,India,1,1,1,5.29,1
2,Internet,RoundTrip,21,3,17,W,JFKDXB,UAE,0,0,0,9.03,0
1,Internet,RoundTrip,302,10,21,T,LTNPRG,United Kingdom,1,0,0,5.75,0
4,Internet,RoundTrip,27,20,8,S,LTNPRG,UAE,0,1,0,4.92,0
2,Internet,OneWay,345,5,9,T,JFKDXB,France,1,1,1,12.15,1
4,Internet,RoundTrip,206,19,11,M,LTNPRG,USA,0,1,0,10.01,0
2,Mobile,RoundTrip,171,4,3,T,LTNPRG,UAE,1,1,0,3.33,0
3,Internet,RoundTrip,239,13,2,S,JFKDXB,USA,0,0,0,12.9,0
3,Internet,RoundTrip,291,8,1,S,JFKDXB,UAE,0,1,1,8.93,0
4,Internet,OneWay,104,2,3,W,LHRBOM,India,1,0,1,11.77,0
1,Mobile,RoundTrip,37,13,18,W,CDGSYD,France,0,0,0,9.12,0
3,Internet,RoundTrip,353,10,14,S,LTNPRG,India,1,0,1,8.17,0
1,Internet,RoundTrip,189,7,14,T,JFKDXB,USA,1,1,0,11.24,1
4,Internet,RoundTrip,105,5,1,W,JFKDXB,France,1,0,0,8.15,0
3,Internet,OneWay,334,10,5,T,JFKDXB,India,1,1,0,10.34,0
4,Mobile,RoundTrip,15,3,21,W,LHRBOM,India,0,1,1,9.38,0
2,Internet,RoundTrip,306,12,12,T,JFKDXB,UAE,1,1,1,11.31,1
1,Internet,RoundTrip,7,2,1,S,JFKDXB,USA,1,0,1,12.19,1
3,Mobile,RoundTrip,239,5,21,S,LTNPRG,France,1,0,0,11.2,0
1,Internet,RoundTrip,14,11,13,W,CDGSYD,France,0,0,1,13.99,0
2,Internet,RoundTrip,55,15,11,T,JFKDXB,India,1,1,0,14.21,0
2,Internet,RoundTrip,119,8,13,S,AUHBOM,UAE,0,0,1,3.41,0
1,Mobile,RoundTrip,67,13,8,T,LTNPRG,India,1,1,1,9.93,0
1,Mobile,RoundTrip,17,19,15,T,JFKDXB,France,1,0,1,9.57,1
3,Internet,OneWay,248,12,7,T,LHRBOM,United Kingdom,1,0,1,2.61,0
4,Mobile,RoundTrip,278,16,8,F,AUHBOM,USA,1,0,0,7.0,0
2,Internet,OneWay,119,10,4,M,LTNPRG,India,1,1,1,5.45,0
2,Internet,RoundTrip,255,6,4,T,JFKDXB,USA,1,0,0,7.46,1
1,Internet,RoundTrip,120,8,20,S,JFKDXB,UAE,0,0,0,12.03,1
3,Internet,RoundTrip,79,8,4,F,LTNPRG,India,1,1,1,5.77,1
4,Internet,RoundTrip,309,11,3,T,LHRBOM,UAE,0,1,1,14.02,1
3,Mobile,OneWay,192,4,10,T,CDGSYD,France,1,0,1,13.44,0
2,Internet,RoundTrip,8,16,1,S,JFKDXB,India,0,0,1,10.23,0
3,Mobile,RoundTrip,255,4,9,S,CDGSYD,France,1,1,0,14.82,0
4,Internet,RoundTrip,143,15,3,T,JFKDXB,France,0,0,1,2.19,0
4,Internet,OneWay,27,10,5,S,LHRBOM,India,0,0,1,6.56,0
1,Internet,OneWay,87,15,4,F,AUHBOM,UAE,0,1,0,5.23,1
2,Internet,RoundTrip,117,4,19,S,LTNPRG,India,0,0,1,3.85,1
4,Internet,OneWay,10,5,9,T,LTNPRG,UAE,0,1,0,11.98,1
3,Internet,RoundTrip,266,6,0,T,LTNPRG,India,1,0,0,8.64,0
4,Mobile,RoundTrip,79,16,20,T,AUHBOM,France,0,1,0,14.0,1
4,Mobile,RoundTrip,57,6,22,W,LHRBOM,USA,1,0,0,7.15,1
1,Internet,RoundTrip,68,7,3,W,AUHBOM,USA,0,0,1,14.47,0
3,Internet,RoundTrip,261,3,2,S,JFKDXB,India,1,0,1,10.3,0
3,Internet,RoundTrip,184,5,3,W,AUHBOM,India,1,0,1,6.78,0
2,Mobile,OneWay,297,18,6,M,JFKDXB,India,1,0,0,10.44,1
3,Internet,RoundTrip,159,3,10,T,AUHBOM,USA,0,0,1,13.55,1
1,Internet,RoundTrip,249,19,18,W,LHRBOM,UAE,1,1,1,2.73,1
2,Internet,RoundTrip,172,17,20,S,AUHBOM,United Kingdom,1,0,1,7.67,0
2,Internet,RoundTrip,216,19,19,M,CDGSYD,UAE,0,1,1,2.68,0
2,Internet,RoundTrip,320,13,21,S,JFKDXB,USA,1,0,1,10.12,0
3,Internet,RoundTrip,224,14,1,S,CDGSYD,France,1,1,0,2.17,1
4,Internet,RoundTrip,180,17,21,F,LTNPRG,France,0,1,1,8.68,0
4,Internet,RoundTrip,316,15,15,S,LHRBOM,France,1,0,0,4.55,1
3,Internet,RoundTrip,233,12,2,T,CDGSYD,India,0,1,0,4.56,1
2,Internet,RoundTrip,340,9,22,W,LTNPRG,UAE,1,1,0,11.64,1
4,Mobile,RoundTrip,236,18,16,W,LHRBOM,France,1,0,0,4.22,1
4,Internet,RoundTrip,251,7,17,T,JFKDXB,India,0,0,1,2.75,0
4,Mobile,RoundTrip,189,12,14,S,CDGSYD,India,1,1,1,7.04,1
4,Internet,RoundTrip,310,2,18,S,LHRBOM,France,1,0,1,7.83,1
4,Mobile,RoundTrip,111,13,0,T,LTNPRG,United Kingdom,0,1,1,6.56,1
4,Mobile,OneWay,199,3,12,T,AUHBOM,USA,1,1,0,8.72,1
3,Internet,RoundTrip,329,2,15,M,JFKDXB,United Kingdom,0,1,0,6.74,1
3,Mobile,RoundTrip,78,6,19,T,LHRBOM,India,1,0,0,5.84,1
3,Internet,RoundTrip,160,14,16,S,CDGSYD,United Kingdom,1,1,0,8.57,1
2,Mobile,RoundTrip,10,17,5,T,AUHBOM,USA,1,1,1,2.41,0
4,Internet,OneWay,208,12,15,M,CDGSYD,France,1,1,0,2.28,1
3,Internet,RoundTrip,127,14,5,S,CDGSYD,India,0,1,0,13.35,1
3,Internet,RoundTrip,204,5,4,S,JFKDXB,France,1,0,0,10.64,0
3,Mobile,RoundTrip,86,3,14,F,JFKDXB,USA,1,0,0,6.47,1
1,Mobile,OneWay,302,3,7,T,LTNPRG,United Kingdom,1,1,1,6.57,0
4,Internet,OneWay,359,2,7,M,AUHBOM,UAE,0,1,0,6.63,0
3,Mobile,RoundTrip,195,7,12,F,AUHBOM,UAE,0,0,0,13.25,0
4,Mobile,RoundTrip,223,15,4,T,JFKDXB,France,0,1,1,14.64,0
1,Internet,RoundTrip,167,2,3,T,AUHBOM,France,1,1,1,5.9,1
1,Internet,RoundTrip,109,7,10,T,CDGSYD,USA,0,1,1,11.08,0
4,Internet,RoundTrip,168,13,3,S,LTNPRG,India,1,1,1,5.23,0
3,Internet,RoundTrip,180,2,16,S,JFKDXB,United Kingdom,1,0,0,11.58,1
3,Internet,RoundTrip,284,11,16,M,CDGSYD,USA,0,1,1,14.36,1
2,Mobile,RoundTrip,252,8,21,M,AUHBOM,India,1,0,0,2.48,1
3,Internet,RoundTrip,121,19,3,W,LTNPRG,UAE,0,1,0,2.83,1
3,Internet,RoundTrip,225,10,17,S,AUHBOM,France,1,1,1,12.35,1
1,Internet,RoundTrip,341,11,0,S,LHRBOM,United Kingdom,0,0,0,7.88,0
3,Internet,RoundTrip,153,18,14,T,AUHBOM,USA,0,1,0,9.22,0
3,Internet,OneWay,309,15,4,T,LHRBOM,UAE,1,1,0,7.07,0
2,Internet,RoundTrip,173,11,16,T,JFKDXB,France,0,1,1,2.7,0
2,Internet,OneWay,51,14,1,W,LHRBOM,USA,1,1,0,7.23,1
4,Internet,RoundTrip,67,9,0,M,LHRBOM,United Kingdom,1,1,1,3.93,0
3,Internet,OneWay,116,14,6,T,JFKDXB,France,1,0,0,6.22,1
2,Mobile,RoundTrip,212,7,8,S,JFKDXB,United Kingdom,1,0,0,4.24,1
3,Internet,RoundTrip,330,7,17,T,LHRBOM,USA,1,0,1,13.13,1
1,Internet,OneWay,144,17,4,F,JFKDXB,India,1,1,0,5.25,0
2,Internet,RoundTrip,102,9,18,S,CDGSYD,India,0,1,0,9.6,0
3,Internet,OneWay,239,11,11,M,JFKDXB,India,0,1,0,14.81,1
2,Mobile,RoundTrip,116,3,1,F,JFKDXB,UAE,1,1,0,14.87,0
1,Internet,RoundTrip,159,7,21,T,CDGSYD,USA,0,1,1,10.51,1
3,Mobile,RoundTrip,80,14,13,T,LHRBOM,France,1,0,0,6.01,1
4,Mobile,RoundTrip,108,11,19,M,AUHBOM,France,1,1,0,8.56,1
2,Internet,RoundTrip,20,7,2,W,JFKDXB,India,0,0,0,8.59,1
4,Internet,OneWay,207,1,10,T,CDGSYD,France,1,0,1,13.4,0
4,Internet,OneWay,175,11,4,T,AUHBOM,India,0,1,0,11.33,1
3,Mobile,RoundTrip,63,7,11,W,LTNPRG,India,1,0,1,13.48,0
4,Internet,RoundTrip,275,19,18,S,CDGSYD,UAE,1,1,0,2.21,1
2,Internet,RoundTrip,74,1,19,T,AUHBOM,France,1,0,1,14.66,1
4,Internet,RoundTrip,241,14,22,T,AUHBOM,USA,1,0,1,10.88,0
1,Internet,OneWay,41,8,6,F,JFKDXB,India,0,0,0,14.1,0
2,Internet,RoundTrip,11,6,6,W,LHRBOM,United Kingdom,1,0,1,12.29,0
3,Internet,RoundTrip,45,15,17,T,JFKDXB,UAE,1,0,0,11.15,0
1,Internet,OneWay,191,11,17,M,JFKDXB,UAE,0,0,0,2.95,0
4,Mobile,RoundTrip,66,2,7,T,AUHBOM,India,0,0,0,3.88,1
4,Internet,OneWay,121,13,7,F,LTNPRG,USA,0,1,1,4.72,1
1,Internet,RoundTrip,196,4,4,T,LHRBOM,United Kingdom,1,1,1,8.38,0
4,Internet,RoundTrip,234,18,18,S,AUHBOM,USA,1,0,1,12.06,1
1,Mobile,RoundTrip,286,5,2,F,CDGSYD,India,0,1,0,5.06,1
1,Internet,RoundTrip,148,16,13,F,CDGSYD,United Kingdom,0,0,1,14.75,0
4,Mobile,RoundTrip,39,7,8,W,LHRBOM,UAE,0,1,1,10.64,0
3,Internet,RoundTrip,357,7,12,S,AUHBOM,UAE,1,0,1,11.61,0
4,Mobile,RoundTrip,284,1,21,S,JFKDXB,India,1,0,1,13.72,1
2,Internet,RoundTrip,302,19,18,S,CDGSYD,UAE,1,1,1,8.68,1
3,Mobile,RoundTrip,336,12,20,M,LTNPRG,USA,0,0,0,3.89,0
1,Internet,RoundTrip,255,3,16,S,LTNPRG,UAE,0,0,0,7.56,0
3,Mobile,OneWay,362,1,9,T,JFKDXB,India,0,0,1,8.89,1
4,Mobile,RoundTrip,188,6,22,T,LHRBOM,UAE,1,1,1,14.62,1
3,Internet,RoundTrip,204,10,12,T,JFKDXB,UAE,0,0,0,2.93,0
4,Internet,RoundTrip,216,1,8,M,JFKDXB,India,1,0,1,6.27,0
2,Internet,RoundTrip,185,8,19,S,LTNPRG,UAE,0,1,0,11.69,0
4,Internet,OneWay,161,7,21,T,LHRBOM,UAE,1,0,1,11.17,1
3,Internet,RoundTrip,121,18,10,S,LTNPRG,USA,0,1,0,12.86,0
1,Internet,RoundTrip,290,9,19,S,CDGSYD,USA,1,0,1,14.45,0
2,Internet,RoundTrip,120,3,11,S,CDGSYD,USA,1,0,1,9.33,0
2,Internet,RoundTrip,331,5,11,W,LHRBOM,USA,0,0,0,13.11,1
1,Mobile,RoundTrip,273,17,12,W,JFKDXB,France,0,0,1,14.51,0
4,Internet,RoundTrip,364,1,11,T,CDGSYD,France,0,1,0,3.69,1
1,Internet,RoundTrip,235,3,20,M,AUHBOM,India,0,0,0,9.64,1
3,Internet,RoundTrip,218,1,20,S,JFKDXB,India,1,1,1,7.9,0
4,Internet,RoundTrip,122,1,18,S,JFKDXB,United Kingdom,1,0,1,12.03,1
2,Internet,RoundTrip,249,19,13,M,LHRBOM,France,0,0,1,4.59,1
3,Internet,RoundTrip,212,20,2,S,LHRBOM,India,1,0,0,13.16,0
3,Internet,RoundTrip,146,15,7,F,JFKDXB,France,1,1,1,7.81,0
4,Internet,RoundTrip,25,2,3,T,JFKDXB,United Kingdom,1,1,1,6.75,0
1,Internet,RoundTrip,4,14,0,F,LHRBOM,India,1,0,1,11.32,0
2,Internet,RoundTrip,85,16,14,M,AUHBOM,India,0,0,1,6.31,0
3,Internet,RoundTrip,256,16,6,S,JFKDXB,United Kingdom,1,1,0,13.57,0
1,Internet,RoundTrip,335,15,1,S,LTNPRG,UAE,0,1,0,13.38,1
4,Internet,RoundTrip,340,14,4,S,JFKDXB,UAE,1,1,0,2.42,0
3,Internet,RoundTrip,192,9,1,W,LHRBOM,USA,0,1,0,4.39,0
1,Internet,RoundTrip,313,2,2,M,AUHBOM,USA,1,0,0,11.57,0
1,Internet,RoundTrip,2,17,11,W,AUHBOM,USA,1,1,1,9.02,1
1,Mobile,RoundTrip,320,19,15,T,JFKDXB,UAE,0,0,1,3.06,1
3,Internet,RoundTrip,351,11,18,S,JFKDXB,United Kingdom,1,1,1,7.33,1
3,Internet,RoundTrip,147,9,9,W,CDGSYD,United Kingdom,0,0,1,2.46,1
2,Internet,OneWay,17,19,17,S,JFKDXB,USA,0,0,0,5.37,0
3,Internet,RoundTrip,260,10,2,W,CDGSYD,United Kingdom,0,1,0,4.29,0
2,Internet,RoundTrip,5,8,2,M,AUHBOM,France,1,1,0,12.74,0
2,Mobile,RoundTrip,233,18,7,S,LHRBOM,UAE,0,1,0,13.14,1
1,Internet,RoundTrip,117,19,14,W,CDGSYD,USA,0,0,1,12.73,0
1,Internet,OneWay,197,5,3,F,CDGSYD,United Kingdom,1,0,1,2.35,1
3,Internet,RoundTrip,335,6,0,W,LTNPRG,France,0,0,1,11.72,1
3,Internet,RoundTrip,56,7,13,S,CDGSYD,France,1,1,1,9.87,0
1,Internet,RoundTrip,13,4,9,S,JFKDXB,France,0,1,1,10.93,1
1,Internet,RoundTrip,210,18,9,S,AUHBOM,United Kingdom,1,1,0,2.62,0
2,Mobile,OneWay,254,20,9,S,CDGSYD,France,0,1,1,4.68,1
3,Internet,RoundTrip,109,11,21,F,LTNPRG,UAE,0,0,1,4.72,1
3,Internet,RoundTrip,60,15,2,T,JFKDXB,India,1,1,1,4.1,0
3,Mobile,RoundTrip,257,9,14,S,LTNPRG,France,0,0,0,9.45,0
1,Mobile,OneWay,251,20,17,F,JFKDXB,USA,0,0,0,6.35,0
2,Mobile,RoundTrip,344,20,17,T,LHRBOM,France,0,1,0,7.95,0
4,Internet,RoundTrip,315,15,1,W,AUHBOM,UAE,1,0,0,11.35,1
3,Internet,RoundTrip,265,18,7,M,JFKDXB,France,0,1,1,9.08,0
4,Mobile,RoundTrip,8,3,22,S,LHRBOM,USA,0,1,1,7.92,1
3,Internet,RoundTrip,95,18,17,T,JFKDXB,France,1,0,1,13.81,1
4,Mobile,RoundTrip,239,9,21,M,LHRBOM,United Kingdom,1,0,1,10.29,1
3,Internet,RoundTrip,170,5,16,S,JFKDXB,India,1,1,0,10.93,0
3,Mobile,RoundTrip,19,19,1,M,CDGSYD,France,0,1,1,4.34,1
3,Internet,OneWay,206,17,22,S,CDGSYD,United Kingdom,0,1,0,9.84,0
2,Internet,OneWay,277,3,19,T,LTNPRG,UAE,1,0,0,8.7,0
2,Internet,RoundTrip,265,14,15,S,AUHBOM,France,1,1,0,14.26,0
1,Internet,RoundTrip,336,18,0,F,JFKDXB,France,1,0,1,11.63,0
2,Internet,OneWay,54,14,21,M,LTNPRG,UAE,1,1,1,12.9,0
1,Mobile,RoundTrip,348,10,20,S,CDGSYD,United Kingdom,1,1,0,10.55,1
2,Internet,OneWay,192,1,19,S,JFKDXB,United Kingdom,1,0,0,6.25,1
4,Internet,RoundTrip,112,10,6,S,LHRBOM,France,0,0,0,10.6,1
2,Internet,RoundTrip,314,12,21,S,LTNPRG,USA,0,1,0,14.6,1
3,Internet,RoundTrip,38,17,0,T,AUHBOM,USA,1,0,1,6.19,1
2,Internet,RoundTrip,11,5,13,T,AUHBOM,United Kingdom,0,1,1,4.22,1
4,Internet,RoundTrip,266,5,17,W,JFKDXB,UAE,0,0,0,6.06,1
1,Mobile,RoundTrip,265,19,5,T,LTNPRG,UAE,0,0,1,12.14,0
4,Internet,RoundTrip,33,17,22,S,CDGSYD,India,1,1,1,3.12,0
3,Internet,RoundTrip,321,12,13,S,LTNPRG,USA,1,1,0,14.09,0
4,Mobile,RoundTrip,306,9,3,T,LHRBOM,France,0,1,1,11.29,0
1,Internet,RoundTrip,290,13,21,T,JFKDXB,UAE,0,1,1,9.9,0
4,Mobile,RoundTrip,143,4,2,S,LTNPRG,India,0,1,0,4.29,1
4,Internet,RoundTrip,340,5,22,S,LTNPRG,United Kingdom,0,1,1,9.07,0
2,Internet,RoundTrip,48,11,22,T,AUHBOM,United Kingdom,1,1,1,2.21,1
3,Internet,RoundTrip,285,9,21,T,CDGSYD,USA,1,1,1,9.38,1
3,Internet,OneWay,307,4,7,T,JFKDXB,India,1,0,1,5.89,0
1,Internet,RoundTrip,189,11,10,W,LTNPRG,UAE,0,1,1,8.97,0
3,Internet,RoundTrip,126,14,17,S,LTNPRG,India,1,0,1,6.71,0
3,Internet,RoundTrip,174,17,18,T,LHRBOM,France,0,0,0,7.74,1
1,Internet,RoundTrip,18,13,4,W,CDGSYD,UAE,1,0,0,9.26,1
2,Mobile,RoundTrip,12,13,11,M,LTNPRG,United Kingdom,0,1,0,14.4,0
3,Internet,RoundTrip,123,12,8,T,CDGSYD,United Kingdom,0,1,1,14.78,0
4,Mobile,RoundTrip,7,3,15,F,CDGSYD,UAE,1,1,0,9.97,1
1,Mobile,RoundTrip,232,8,17,S,LTNPRG,India,0,1,0,3.83,1
4,Mobile,RoundTrip,233,10,9,W,LTNPRG,France,1,0,0,2.59,0
4,Mobile,RoundTrip,312,11,20,S,LTNPRG,India,0,0,0,14.91,1
4,Mobile,OneWay,101,6,6,W,LTNPRG,United Kingdom,0,1,1,10.21,1
1,Internet,RoundTrip,297,15,17,T,LTNPRG,United Kingdom,0,0,0,9.77,0
3,Internet,OneWay,112,11,10,S,AUHBOM,France,0,1,0,2.54,0
2,Mobile,RoundTrip,198,7,2,T,AUHBOM,United Kingdom,1,0,0,14.23,1
4,Internet,RoundTrip,294,10,7,T,AUHBOM,France,0,1,1,4.06,0
3,Mobile,RoundTrip,130,15,19,T,AUHBOM,USA,1,0,0,9.02,1
3,Mobile,RoundTrip,41,1,9,W,JFKDXB,United Kingdom,1,0,1,5.93,0
1,Internet,RoundTrip,297,7,18,M,JFKDXB,India,1,1,0,6.98,1
4,Internet,OneWay,104,5,15,S,LHRBOM,India,1,1,0,6.29,0
2,Internet,RoundTrip,79,7,9,F,AUHBOM,United Kingdom,1,1,0,5.4,0
1,Internet,OneWay,250,14,4,S,CDGSYD,United Kingdom,0,0,0,5.38,1
4,Internet,RoundTrip,195,5,16,T,CDGSYD,United Kingdom,0,1,0,3.07,1
4,Mobile,RoundTrip,12,11,15,S,CDGSYD,France,1,0,1,2.28,1
2,Internet,RoundTrip,333,8,7,F,AUHBOM,United Kingdom,0,0,1,7.26,1
3,Internet,OneWay,190,2,1,W,LHRBOM,France,0,1,0,3.07,1
3,Mobile,RoundTrip,99,18,8,W,CDGSYD,USA,0,1,1,6.49,1
2,Internet,OneWay,32,12,0,M,LHRBOM,UAE,1,1,0,5.13,1
3,Mobile,RoundTrip,250,6,17,S,CDGSYD,UAE,0,0,0,8.47,0
4,Internet,OneWay,278,11,5,S,CDGSYD,France,0,0,0,10.2,1
4,Mobile,OneWay,273,20,9,T,CDGSYD,India,1,1,1,7.06,0
3,Internet,RoundTrip,231,4,4,S,LHRBOM,UAE,1,0,1,7.96,1
2,Internet,RoundTrip,319,18,21,F,AUHBOM,France,1,1,0,14.86,0
4,Internet,RoundTrip,222,1,19,S,LHRBOM,USA,1,0,1,7.7,1
4,Internet,OneWay,89,18,21,S,JFKDXB,USA,0,0,0,7.4,1
1,Internet,RoundTrip,81,7,17,W,JFKDXB,UAE,1,1,0,9.39,1
2,Mobile,RoundTrip,140,6,2,F,JFKDXB,France,1,0,1,2.39,0
3,Mobile,OneWay,264,16,15,F,AUHBOM,United Kingdom,0,1,1,8.39,1
3,Internet,RoundTrip,9,4,10,S,AUHBOM,France,0,0,0,2.54,1
3,Internet,RoundTrip,110,3,16,F,LHRBOM,UAE,0,0,0,5.6,0
3,Mobile,RoundTrip,158,10,15,T,JFKDXB,United Kingdom,0,0,1,12.13,0
1,Mobile,RoundTrip,208,19,15,S,LHRBOM,India,1,1,0,4.69,1
1,Internet,RoundTrip,54,7,14,S,JFKDXB,India,1,0,0,8.39,1
4,Internet,RoundTrip,34,11,19,M,CDGSYD,United Kingdom,0,1,1,11.02,1
3,Mobile,OneWay,332,8,20,S,LTNPRG,France,1,1,1,14.71,0
3,Internet,RoundTrip,35,16,12,T,LHRBOM,India,1,0,1,10.34,1
2,Internet,OneWay,29,18,0,T,JFKDXB,United Kingdom,0,0,1,13.48,1
2,Mobile,RoundTrip,71,20,0,W,LHRBOM,France,0,1,1,4.66,1
2,Internet,OneWay,125,6,0,W,CDGSYD,India,1,1,0,2.99,1
3,Mobile,RoundTrip,79,6,19,S,LHRBOM,France,1,1,1,8.4,0
3,Internet,RoundTrip,297,19,10,T,AUHBOM,United Kingdom,0,0,1,9.42,1
1,Mobile,OneWay,47,12,10,S,LTNPRG,India,1,0,1,6.18,1
2,Mobile,RoundTrip,51,7,6,M,JFKDXB,USA,1,0,0,11.35,1
4,Mobile,OneWay,44,7,21,T,AUHBOM,India,0,0,1,9.16,0
3,Mobile,RoundTrip,238,4,5,T,JFKDXB,United Kingdom,0,1,0,9.66,1
4,Mobile,RoundTrip,320,2,20,T,LTNPRG,France,0,1,0,13.66,1
3,Internet,RoundTrip,60,7,15,S,CDGSYD,USA,0,1,0,4.16,1
2,Mobile,OneWay,202,16,9,F,AUHBOM,India,0,1,1,6.24,0
4,Mobile,RoundTrip,136,14,15,T,AUHBOM,United Kingdom,0,1,0,11.88,0
3,Internet,RoundTrip,227,1,21,T,AUHBOM,India,0,0,1,8.45,1
1,Internet,RoundTrip,237,1,1,M,LHRBOM,France,1,1,0,13.53,0
2,Internet,RoundTrip,105,18,1,S,AUHBOM,UAE,0,0,1,4.05,1
3,Internet,OneWay,221,16,3,F,LTNPRG,United Kingdom,1,0,0,7.93,1
2,Mobile,OneWay,21,16,15,T,LTNPRG,France,0,1,0,12.0,0
2,Internet,RoundTrip,177,18,12,T,CDGSYD,UAE,1,0,1,10.15,1
4,Internet,RoundTrip,353,13,15,S,LTNPRG,India,1,1,1,3.9,1
2,Internet,RoundTrip,328,7,9,T,LHRBOM,United Kingdom,0,0,0,11.09,1
2,Internet,RoundTrip,20,12,19,T,CDGSYD,UAE,1,0,0,9.09,0
1,Mobile,OneWay,21,13,10,T,LTNPRG,France,1,1,1,14.64,1
2,Internet,RoundTrip,300,17,10,S,LTNPRG,France,1,1,0,10.25,1
4,Internet,RoundTrip,77,11,11,T,LTNPRG,France,1,1,0,6.16,1
2,Internet,OneWay,243,2,5,M,AUHBOM,USA,0,0,1,9.03,1
2,Mobile,OneWay,198,13,22,S,JFKDXB,USA,1,1,0,3.74,0
3,Mobile,RoundTrip,149,15,1,T,CDGSYD,France,0,0,0,11.72,1
4,Internet,OneWay,113,19,0,F,AUHBOM,United Kingdom,0,1,0,13.16,0
4,Internet,RoundTrip,272,4,10,W,AUHBOM,UAE,1,0,0,9.62,1
2,Internet,RoundTrip,94,18,15,W,JFKDXB,United Kingdom,1,1,1,9.37,1
1,Internet,OneWay,279,1,10,T,AUHBOM,France,1,1,0,3.42,0
3,Mobile,RoundTrip,85,15,18,F,JFKDXB,India,0,1,0,4.34,1
2,Internet,OneWay,320,7,8,T,AUHBOM,France,1,0,0,14.47,0
2,Internet,RoundTrip,256,3,5,F,JFKDXB,USA,1,1,0,7.17,0
1,Internet,OneWay,199,7,14,S,LTNPRG,USA,1,0,0,12.08,1
4,Internet,RoundTrip,37,12,5,W,LHRBOM,USA,0,0,1,13.6,1
1,Internet,RoundTrip,78,4,12,T,AUHBOM,France,1,1,0,3.19,0
2,Internet,OneWay,231,12,14,F,CDGSYD,France,1,0,1,13.57,0
2,Internet,OneWay,209,15,2,S,LTNPRG,India,1,0,0,4.23,1
1,Internet,OneWay,38,18,5,M,AUHBOM,USA,0,0,1,12.03,0
4,Internet,RoundTrip,37,12,1,W,CDGSYD,India,1,1,1,5.5,1
3,Mobile,RoundTrip,221,13,4,T,AUHBOM,United Kingdom,1,0,0,13.02,0
3,Internet,RoundTrip,137,19,20,W,CDGSYD,India,0,0,0,7.95,0
1,Internet,RoundTrip,173,1,0,S,LHRBOM,UAE,1,1,1,8.04,1
1,Internet,RoundTrip,223,16,17,T,JFKDXB,USA,0,0,1,9.56,0
1,Mobile,RoundTrip,310,20,4,S,AUHBOM,France,1,1,0,13.07,1
3,Mobile,RoundTrip,92,17,10,S,JFKDXB,USA,0,0,1,5.89,1
3,Mobile,RoundTrip,253,19,0,S,LHRBOM,United Kingdom,1,0,1,14.72,1
4,Internet,OneWay,315,19,11,T,CDGSYD,France,1,1,0,12.85,1
4,Mobile,OneWay,333,12,21,M,AUHBOM,UAE,1,0,1,7.02,0
2,Internet,RoundTrip,356,17,2,T,LHRBOM,India,0,0,1,2.35,0
1,Mobile,OneWay,2,8,7,S,AUHBOM,USA,1,0,1,4.28,1
1,Mobile,OneWay,28,3,6,M,CDGSYD,India,0,0,1,9.23,1
4,Internet,RoundTrip,317,2,16,S,LTNPRG,USA,0,1,1,12.79,1
4,Internet,RoundTrip,75,4,18,W,LTNPRG,India,0,1,1,14.27,0
3,Internet,OneWay,106,15,6,S,CDGSYD,USA,0,0,0,6.95,0
1,Internet,RoundTrip,173,9,2,T,LHRBOM,USA,1,1,0,2.54,1
4,Mobile,RoundTrip,239,17,20,T,LTNPRG,India,0,1,1,11.17,0
4,Internet,RoundTrip,14,7,2,T,CDGSYD,USA,1,0,1,6.05,0
1,Mobile,OneWay,237,16,19,S,AUHBOM,France,1,0,0,9.72,1
4,Mobile,RoundTrip,34,18,12,S,LTNPRG,France,0,0,0,7.22,1
3,Internet,RoundTrip,135,7,17,S,AUHBOM,India,0,1,1,10.21,0
4,Internet,RoundTrip,328,11,19,W,CDGSYD,France,0,0,1,5.24,1
3,Internet,OneWay,46,11,15,S,AUHBOM,India,0,0,0,4.04,1
1,Mobile,RoundTrip,17,18,8,M,LHRBOM,India,1,0,0,4.22,0
3,Internet,OneWay,174,8,7,F,JFKDXB,United Kingdom,1,1,1,13.93,0
1,Internet,RoundTrip,91,8,14,F,AUHBOM,United Kingdom,1,0,0,13.27,0
2,Internet,OneWay,90,16,11,M,LHRBOM,India,0,0,1,13.08,0
4,Mobile,RoundTrip,155,19,20,T,AUHBOM,India,0,0,1,9.97,1
4,Internet,OneWay,63,1,17,S,JFKDXB,India,1,0,0,7.32,0
2,Internet,OneWay,8,2,20,M,CDGSYD,USA,0,1,0,4.92,1
2,Mobile,RoundTrip,337,19,9,T,LHRBOM,UAE,1,0,0,10.48,0
2,Internet,RoundTrip,296,9,10,S,LHRBOM,United Kingdom,1,0,0,6.16,1
1,Internet,OneWay,150,12,20,S,AUHBOM,USA,1,1,0,9.75,1
3,Internet,OneWay,303,19,6,T,LHRBOM,United Kingdom,1,1,0,6.65,0
2,Internet,RoundTrip,363,8,18,F,AUHBOM,UAE,1,1,1,2.18,0
1,Internet,RoundTrip,144,9,13,S,LHRBOM,France,0,1,0,10.07,0
3,Internet,OneWay,57,17,9,S,LTNPRG,United Kingdom,1,1,1,14.85,1
3,Internet,RoundTrip,74,15,21,F,CDGSYD,India,0,0,0,8.16,1
3,Internet,RoundTrip,350,14,6,T,CDGSYD,USA,0,0,1,3.98,0
4,Internet,RoundTrip,325,8,15,S,JFKDXB,France,1,1,0,11.71,1
3,Internet,RoundTrip,255,15,8,S,LTNPRG,UAE,1,1,0,8.56,0
3,Internet,OneWay,247,17,21,W,JFKDXB,UAE,1,1,0,11.25,1
1,Mobile,OneWay,112,19,12,T,LHRBOM,UAE,0,1,1,13.46,1
2,Mobile,RoundTrip,191,13,13,F,LHRBOM,France,0,0,1,5.61,1
2,Internet,RoundTrip,135,18,7,S,CDGSYD,UAE,0,1,1,5.35,0
4,Mobile,RoundTrip,143,17,0,T,JFKDXB,USA,1,1,0,8.09,0
2,Mobile,RoundTrip,265,15,22,S,LTNPRG,France,1,0,1,3.13,0
3,Internet,OneWay,197,11,10,S,AUHBOM,USA,1,1,1,3.32,1
3,Mobile,OneWay,156,9,15,T,JFKDXB,India,0,0,0,8.61,0
1,Mobile,RoundTrip,91,13,20,W,JFKDXB,India,1,1,1,7.14,1
4,Internet,RoundTrip,239,18,8,S,CDGSYD,UAE,1,1,1,7.2,1
3,Internet,RoundTrip,164,11,0,F,LHRBOM,India,1,1,1,10.37,0
1,Internet,RoundTrip,19,14,17,T,LHRBOM,USA,0,1,1,14.09,1
1,Internet,RoundTrip,250,12,14,T,JFKDXB,USA,0,1,1,14.17,1
4,Mobile,RoundTrip,122,13,14,T,AUHBOM,United Kingdom,1,0,0,7.23,0
2,Internet,OneWay,150,14,8,M,LHRBOM,UAE,1,0,1,10.44,0
1,Internet,RoundTrip,360,2,20,T,JFKDXB,USA,0,1,1,7.19,1
3,Internet,OneWay,250,3,9,M,JFKDXB,India,0,1,1,11.68,1
1,Mobile,RoundTrip,25,1,0,S,LHRBOM,India,1,1,1,8.56,0
1,Internet,RoundTrip,269,16,13,S,CDGSYD,France,0,1,0,3.63,1
4,Mobile,OneWay,107,18,17,T,JFKDXB,United Kingdom,1,0,1,9.11,0
1,Internet,OneWay,275,8,9,F,AUHBOM,France,0,0,0,14.9,0
4,Internet,RoundTrip,128,2,10,W,JFKDXB,India,1,0,0,5.53,1
3,Internet,RoundTrip,208,1,21,F,CDGSYD,France,1,1,0,11.98,0
2,Internet,RoundTrip,253,9,13,T,AUHBOM,India,0,0,1,5.72,1
2,Internet,RoundTrip,68,13,6,S,JFKDXB,France,1,0,0,11.44,0
2,Internet,RoundTrip,50,7,8,S,LHRBOM,UAE,1,0,0,8.17,0
3,Internet,RoundTrip,256,13,17,M,LHRBOM,USA,0,1,0,11.29,1
4,Internet,RoundTrip,27,4,17,S,CDGSYD,UAE,0,0,1,12.84,0
2,Mobile,RoundTrip,299,15,2,T,JFKDXB,France,1,1,0,2.25,1
3,Mobile,RoundTrip,158,7,17,F,CDGSYD,India,0,0,0,10.35,0
3,Internet,RoundTrip,35,20,7,F,CDGSYD,USA,1,0,1,2.87,0
1,Mobile,RoundTrip,279,16,3,F,JFKDXB,France,0,0,1,14.33,1
4,Internet,OneWay,327,10,3,S,AUHBOM,United Kingdom,0,0,0,8.71,1
4,Internet,OneWay,25,19,20,M,LTNPRG,UAE,0,1,0,5.79,1
1,Internet,RoundTrip,343,20,5,F,AUHBOM,India,0,0,1,10.77,1
2,Internet,RoundTrip,151,4,11,W,JFKDXB,United Kingdom,1,0,1,10.87,0
4,Mobile,OneWay,244,12,12,W,AUHBOM,United Kingdom,1,1,1,7.96,1
4,Internet,RoundTrip,97,14,11,T,JFKDXB,USA,1,1,0,13.7,0
1,Internet,RoundTrip,41,8,7,F,LHRBOM,United Kingdom,1,0,0,14.53,1
4,Internet,RoundTrip,360,20,0,W,LTNPRG,India,1,0,1,7.96,0
2,Internet,RoundTrip,238,14,1,F,AUHBOM,USA,1,1,0,11.28,0
2,Internet,RoundTrip,93,16,11,T,CDGSYD,USA,1,1,1,2.09,1
2,Internet,RoundTrip,130,4,19,W,JFKDXB,France,1,0,0,5.98,1
3,Internet,RoundTrip,276,19,19,T,CDGSYD,United Kingdom,1,0,0,12.86,1
1,Internet,RoundTrip,111,20,15,T,LTNPRG,United Kingdom,1,0,0,3.61,0
3,Internet,RoundTrip,251,19,6,F,CDGSYD,United Kingdom,1,1,0,2.45,1
1,Mobile,RoundTrip,14,9,21,M,LHRBOM,USA,0,1,1,10.9,1
1,Internet,OneWay,360,19,8,S,AUHBOM,United Kingdom,1,1,1,6.87,1
4,Internet,RoundTrip,264,1,18,T,LHRBOM,India,0,1,1,13.54,0
2,Internet,RoundTrip,123,5,3,T,JFKDXB,United Kingdom,1,1,1,14.54,0
4,Internet,RoundTrip,207,14,12,S,CDGSYD,France,1,0,0,6.49,0
3,Internet,RoundTrip,64,16,5,M,CDGSYD,France,0,0,0,14.64,0
4,Internet,OneWay,165,3,10,W,AUHBOM,USA,1,1,1,11.03,1
1,Internet,OneWay,129,6,17,F,CDGSYD,France,1,0,0,7.79,1
4,Internet,RoundTrip,142,2,21,S,AUHBOM,India,1,1,1,9.12,1
4,Internet,RoundTrip,297,3,1,S,CDGSYD,USA,1,0,1,13.73,1
2,Internet,RoundTrip,150,1,9,F,CDGSYD,India,0,1,0,3.28,1
1,Internet,RoundTrip,3,20,1,T,AUHBOM,France,0,0,1,6.57,1
1,Internet,RoundTrip,165,18,12,W,CDGSYD,UAE,1,0,0,6.97,0
3,Internet,RoundTrip,19,13,22,M,LHRBOM,UAE,1,0,1,7.32,0
1,Mobile,RoundTrip,174,1,7,S,LTNPRG,India,0,0,0,9.91,0
1,Internet,RoundTrip,248,15,8,M,JFKDXB,United Kingdom,0,1,1,4.52,1
3,Mobile,RoundTrip,36,11,6,M,LTNPRG,USA,0,1,0,9.55,1
3,Internet,RoundTrip,24,16,19,S,JFKDXB,India,0,1,0,14.2,1
4,Internet,RoundTrip,139,10,19,T,LTNPRG,UAE,0,1,0,8.21,1
4,Internet,RoundTrip,176,1,18,T,CDGSYD,United Kingdom,0,0,0,7.42,1
2,Mobile,RoundTrip,24,19,5,W,JFKDXB,India,0,0,0,3.53,0
2,Internet,RoundTrip,119,18,4,M,JFKDXB,India,0,0,0,11.56,1
1,Internet,RoundTrip,283,19,3,F,AUHBOM,India,1,0,0,11.04,0
1,Internet,RoundTrip,208,14,4,W,LHRBOM,United Kingdom,0,1,1,10.46,1
2,Internet,RoundTrip,191,19,16,W,CDGSYD,United Kingdom,0,0,1,14.45,1
4,Mobile,RoundTrip,39,2,12,F,LTNPRG,USA,1,0,1,7.09,1
4,Internet,RoundTrip,292,9,19,W,CDGSYD,UAE,0,1,0,9.37,1
4,Internet,RoundTrip,216,7,15,T,AUHBOM,France,0,0,0,13.77,0
2,Internet,RoundTrip,157,10,21,S,LTNPRG,United Kingdom,1,0,0,11.49,1
3,Internet,RoundTrip,224,1,1,F,LTNPRG,UAE,1,0,1,10.37,1
3,Mobile,RoundTrip,56,17,15,S,CDGSYD,France,0,0,1,10.56,0
1,Mobile,RoundTrip,247,6,2,W,CDGSYD,United Kingdom,1,0,0,5.56,1
2,Mobile,OneWay,110,3,8,S,CDGSYD,France,1,0,1,3.28,0
3,Internet,OneWay,15,4,10,S,JFKDXB,United Kingdom,0,0,1,2.53,0
2,Internet,OneWay,86,3,11,M,JFKDXB,United Kingdom,0,1,0,10.63,1
2,Internet,OneWay,133,14,4,M,LTNPRG,UAE,1,1,0,8.3,0
2,Internet,RoundTrip,161,19,4,S,JFKDXB,USA,0,1,1,13.52,1
1,Mobile,RoundTrip,84,2,3,W,CDGSYD,India,0,0,0,2.35,0
4,Internet,RoundTrip,288,1,4,S,CDGSYD,India,0,0,0,10.24,0
4,Internet,RoundTrip,97,18,15,T,LHRBOM,India,0,0,0,4.27,1
4,Internet,OneWay,43,8,20,T,LTNPRG,India,1,1,0,7.82,1
4,Mobile,OneWay,81,3,7,T,AUHBOM,USA,1,1,0,13.01,1
2,Internet,RoundTrip,146,4,19,T,LHRBOM,India,1,1,1,7.14,0
1,Mobile,OneWay,17,14,18,F,LTNPRG,France,1,1,1,8.65,1
2,Mobile,RoundTrip,34,2,6,M,AUHBOM,India,1,1,1,12.06,0
4,Mobile,RoundTrip,58,9,4,T,LHRBOM,France,0,0,1,2.24,0
1,Internet,RoundTrip,143,20,8,S,LTNPRG,USA,1,0,0,2.09,0
3,Internet,OneWay,347,9,2,W,LHRBOM,India,1,0,1,12.03,1
1,Internet,RoundTrip,213,4,22,F,LTNPRG,UAE,0,1,0,7.24,0
2,Mobile,RoundTrip,30,16,18,W,LTNPRG,India,0,1,1,13.01,0
1,Mobile,RoundTrip,26,9,9,M,LHRBOM,United Kingdom,0,1,0,12.55,0
1,Internet,OneWay,38,8,11,T,LTNPRG,UAE,1,1,1,11.79,0
1,Internet,OneWay,25,6,7,T,LTNPRG,India,0,1,1,14.61,1
3,Internet,RoundTrip,184,16,0,S,LHRBOM,UAE,0,1,1,8.79,0
3,Internet,OneWay,266,10,4,S,CDGSYD,United Kingdom,0,1,1,4.07,1
2,Internet,RoundTrip,159,10,1,S,JFKDXB,India,1,1,0,6.84,0
4,Internet,OneWay,149,16,9,F,LTNPRG,France,0,0,1,13.51,1
2,Mobile,RoundTrip,217,8,9,M,CDGSYD,India,1,0,0,10.59,0
3,Internet,RoundTrip,128,14,8,S,LTNPRG,UAE,1,0,1,9.8,0
3,Internet,OneWay,295,4,15,S,JFKDXB,USA,1,1,0,2.75,1
3,Internet,OneWay,250,12,16,T,LHRBOM,United Kingdom,1,0,0,11.14,0
4,Internet,RoundTrip,358,9,12,W,LTNPRG,France,0,0,1,10.75,1
4,Internet,OneWay,31,11,7,S,AUHBOM,India,0,0,1,12.23,0
3,Internet,RoundTrip,158,8,8,S,CDGSYD,USA,0,0,0,11.86,0
4,Internet,RoundTrip,313,3,10,T,JFKDXB,UAE,0,1,1,7.43,1
3,Internet,RoundTrip,245,19,16,F,CDGSYD,UAE,1,0,1,3.53,0
2,Internet,RoundTrip,283,9,7,W,LTNPRG,USA,1,1,1,5.3,0
4,Internet,RoundTrip,171,15,16,S,AUHBOM,UAE,0,1,1,5.68,0
1,Internet,RoundTrip,142,19,7,S,JFKDXB,USA,0,0,0,14.42,0
2,Internet,RoundTrip,275,9,12,S,AUHBOM,USA,1,0,1,6.47,0
1,Internet,RoundTrip,171,17,5,W,LTNPRG,USA,1,0,1,3.59,1
4,Internet,OneWay,149,9,2,W,JFKDXB,USA,0,0,1,14.52,0
4,Internet,RoundTrip,145,2,11,F,LTNPRG,UAE,1,0,0,11.64,0
4,Internet,RoundTrip,45,18,16,S,CDGSYD,France,0,1,1,6.58,1
1,Mobile,RoundTrip,286,17,9,W,LHRBOM,France,1,0,0,2.09,0
2,Internet,RoundTrip,310,12,17,T,LTNPRG,India,1,1,0,2.05,0
2,Internet,RoundTrip,11,17,1,S,AUHBOM,United Kingdom,0,1,0,7.95,0
1,Internet,RoundTrip,147,14,1,W,JFKDXB,United Kingdom,0,0,1,13.23,1
3,Mobile,OneWay,245,17,21,W,AUHBOM,India,1,1,0,10.47,0
1,Internet,OneWay,55,2,13,W,JFKDXB,United Kingdom,0,1,0,2.56,0
3,Mobile,RoundTrip,111,17,8,T,CDGSYD,France,0,0,1,4.06,1
3,Internet,RoundTrip,351,5,14,M,AUHBOM,India,0,1,1,11.44,1
3,Mobile,RoundTrip,284,20,17,M,AUHBOM,India,1,1,0,7.77,1
4,Internet,RoundTrip,320,20,20,F,CDGSYD,India,1,0,1,11.27,1
4,Internet,RoundTrip,359,2,20,S,LHRBOM,France,1,0,1,13.73,0
2,Internet,RoundTrip,249,14,8,S,AUHBOM,India,1,0,1,11.53,0
3,Internet,RoundTrip,102,8,0,S,AUHBOM,USA,1,1,0,10.53,0
4,Mobile,RoundTrip,347,6,9,S,LHRBOM,India,1,1,0,12.98,0
4,Mobile,OneWay,163,20,2,S,AUHBOM,India,1,0,0,7.74,1
3,Internet,RoundTrip,197,9,11,M,LTNPRG,United Kingdom,1,1,1,10.41,0
1,Internet,RoundTrip,200,12,4,S,CDGSYD,USA,1,0,0,12.59,1
2,Internet,OneWay,200,7,15,T,AUHBOM,India,1,0,1,13.22,0
4,Internet,RoundTrip,201,14,20,F,JFKDXB,France,1,1,0,6.84,0
1,Internet,RoundTrip,283,6,4,S,AUHBOM,United Kingdom,1,1,1,6.37,0
3,Internet,RoundTrip,57,8,12,M,CDGSYD,France,1,0,1,4.79,1
3,Internet,RoundTrip,161,15,22,T,LTNPRG,USA,0,0,0,13.27,0
1,Mobile,RoundTrip,213,5,7,M,AUHBOM,United Kingdom,1,0,0,9.51,0
2,Mobile,RoundTrip,203,16,18,W,CDGSYD,India,1,0,1,9.42,1
4,Mobile,RoundTrip,264,20,1,S,LHRBOM,France,1,0,0,5.14,0
3,Internet,RoundTrip,122,15,14,T,JFKDXB,USA,1,1,0,6.6,0
4,Mobile,RoundTrip,344,8,0,T,JFKDXB,UAE,1,0,1,3.02,0
2,Internet,RoundTrip,6,4,1,T,LHRBOM,USA,0,1,0,6.12,0
4,Internet,RoundTrip,265,12,13,T,JFKDXB,United Kingdom,1,0,1,14.65,1
3,Internet,RoundTrip,62,9,20,T,LHRBOM,United Kingdom,1,1,0,9.93,0
4,Mobile,RoundTrip,220,5,16,M,CDGSYD,India,0,0,1,10.83,0
2,Internet,RoundTrip,9,8,9,T,JFKDXB,United Kingdom,0,0,0,9.98,1
2,Mobile,RoundTrip,85,20,8,S,AUHBOM,India,1,0,1,10.52,0
1,Internet,RoundTrip,143,4,10,T,JFKDXB,United Kingdom,0,1,1,13.82,0
1,Mobile,RoundTrip,36,6,6,M,LHRBOM,UAE,1,0,0,14.04,1
1,Internet,RoundTrip,120,7,0,W,LHRBOM,India,1,0,0,2.55,0
1,Mobile,RoundTrip,231,19,18,W,LTNPRG,France,1,0,1,5.49,1
2,Internet,RoundTrip,59,8,12,F,LHRBOM,United Kingdom,1,0,0,4.26,0
4,Internet,RoundTrip,228,6,19,F,LTNPRG,UAE,1,0,0,13.81,1
2,Mobile,RoundTrip,171,6,13,S,AUHBOM,India,1,0,0,12.34,0
4,Internet,OneWay,306,19,8,F,AUHBOM,United Kingdom,0,1,0,14.08,0
4,Internet,RoundTrip,233,8,1,T,JFKDXB,United Kingdom,1,1,0,2.5,1
4,Mobile,RoundTrip,163,8,17,M,JFKDXB,India,0,0,0,9.87,1
3,Internet,OneWay,301,8,13,T,JFKDXB,UAE,1,0,0,2.63,0
4,Mobile,RoundTrip,63,18,19,F,AUHBOM,USA,0,0,0,4.24,1
2,Internet,RoundTrip,207,15,5,F,AUHBOM,France,0,0,1,12.65,0
3,Mobile,RoundTrip,82,12,8,W,LTNPRG,UAE,1,0,1,10.14,0
4,Internet,RoundTrip,165,5,5,S,LTNPRG,United Kingdom,1,0,1,8.94,0
1,Internet,RoundTrip,174,3,3,T,LTNPRG,France,1,0,1,2.36,0
1,Mobile,OneWay,218,2,20,S,LHRBOM,UAE,1,1,1,5.67,0
1,Internet,RoundTrip,114,6,8,F,JFKDXB,United Kingdom,0,0,1,6.63,1
3,Internet,RoundTrip,241,16,0,T,JFKDXB,France,1,0,0,7.54,0
2,Internet,OneWay,66,16,1,S,JFKDXB,India,1,1,1,3.63,0
2,Internet,OneWay,61,16,7,S,LHRBOM,France,0,1,1,5.18,1
4,Internet,RoundTrip,40,14,0,S,AUHBOM,France,1,0,1,10.73,0
1,Internet,RoundTrip,176,11,20,F,AUHBOM,USA,0,0,0,10.17,0
1,Mobile,RoundTrip,151,8,18,T,JFKDXB,France,1,1,0,6.59,1
2,Internet,RoundTrip,301,15,20,S,AUHBOM,United Kingdom,1,0,0,6.59,1
4,Internet,OneWay,123,4,19,T,CDGSYD,USA,0,0,1,12.66,1
3,Internet,OneWay,212,2,1,S,AUHBOM,United Kingdom,1,1,0,5.64,1
3,Internet,OneWay,352,17,14,T,AUHBOM,United Kingdom,1,0,0,2.85,0
3,Internet,RoundTrip,225,10,19,F,LTNPRG,France,1,0,0,6.16,1
2,Mobile,RoundTrip,312,13,19,M,CDGSYD,United Kingdom,1,0,1,3.99,0
2,Internet,RoundTrip,186,20,10,W,CDGSYD,United Kingdom,1,0,1,5.65,0
4,Internet,RoundTrip,67,14,21,M,AUHBOM,India,0,0,1,6.11,1
3,Mobile,RoundTrip,164,16,3,S,CDGSYD,UAE,1,0,0,4.59,0
3,Internet,RoundTrip,275,10,15,T,LTNPRG,France,1,1,1,5.85,0
1,Internet,RoundTrip,43,7,6,W,JFKDXB,USA,0,0,1,10.19,1
3,Internet,RoundTrip,175,8,20,M,CDGSYD,United Kingdom,0,1,0,9.39,0
2,Internet,RoundTrip,189,19,20,M,JFKDXB,United Kingdom,1,0,1,2.83,0
2,Internet,RoundTrip,338,8,21,T,LHRBOM,France,1,0,1,5.81,1
3,Mobile,OneWay,356,19,1,W,CDGSYD,USA,0,0,1,7.89,0
2,Internet,RoundTrip,222,1,6,M,AUHBOM,France,1,0,0,2.35,1
3,Internet,RoundTrip,78,6,8,S,LTNPRG,UAE,0,0,0,14.54,0
1,Internet,RoundTrip,75,19,21,T,CDGSYD,France,1,0,1,5.07,1
1,Mobile,RoundTrip,218,12,15,M,AUHBOM,India,1,1,0,10.35,1
3,Mobile,RoundTrip,72,8,22,M,CDGSYD,United Kingdom,0,0,0,3.48,1
4,Mobile,OneWay,246,4,19,W,LTNPRG,France,0,0,1,6.95,1
4,Internet,RoundTrip,353,10,6,T,JFKDXB,United Kingdom,1,1,0,2.28,1
2,Mobile,RoundTrip,69,20,4,M,LHRBOM,United Kingdom,1,1,0,3.75,1
4,Internet,RoundTrip,335,8,14,W,CDGSYD,UAE,1,1,0,3.64,1
2,Internet,RoundTrip,15,10,18,W,CDGSYD,France,1,1,1,10.15,1
4,Internet,OneWay,176,8,5,M,AUHBOM,India,1,1,0,2.3,0
2,Mobile,RoundTrip,141,18,15,F,AUHBOM,United Kingdom,1,1,1,6.26,0
1,Internet,RoundTrip,206,14,9,W,LTNPRG,France,1,0,0,4.41,1
1,Internet,RoundTrip,176,13,17,F,CDGSYD,India,0,1,0,10.72,0
4,Internet,RoundTrip,200,14,14,M,LTNPRG,France,0,0,0,2.52,1
3,Internet,RoundTrip,44,9,16,M,LTNPRG,USA,0,1,1,10.1,1
1,Mobile,RoundTrip,278,17,0,S,JFKDXB,UAE,1,0,0,9.66,1
4,Mobile,OneWay,344,13,19,W,CDGSYD,United Kingdom,0,0,1,3.46,1
1,Internet,RoundTrip,173,2,14,W,AUHBOM,France,1,1,0,11.07,1
2,Internet,RoundTrip,312,8,4,W,CDGSYD,United Kingdom,1,1,0,4.75,1
3,Internet,OneWay,45,18,11,F,LHRBOM,France,0,0,0,3.21,0
1,Mobile,RoundTrip,267,6,6,F,LTNPRG,USA,0,0,0,2.87,1
4,Internet,RoundTrip,119,20,2,F,JFKDXB,India,1,0,0,14.62,1
3,Internet,RoundTrip,244,17,10,S,CDGSYD,India,1,0,0,5.65,1
4,Internet,RoundTrip,207,20,15,T,AUHBOM,India,0,1,1,13.08,1
4,Internet,RoundTrip,17,16,18,T,LTNPRG,United Kingdom,0,0,0,8.83,0
4,Internet,OneWay,128,3,21,F,LTNPRG,France,1,1,1,13.13,0
1,Internet,RoundTrip,159,4,14,W,LHRBOM,USA,0,1,0,12.41,0
1,Mobile,RoundTrip,297,10,0,T,AUHBOM,France,1,1,0,5.4,0
1,Internet,RoundTrip,41,8,9,M,JFKDXB,India,0,1,0,8.31,0
1,Internet,RoundTrip,346,19,10,W,CDGSYD,France,1,1,0,4.91,0
3,Internet,RoundTrip,18,17,22,F,AUHBOM,United Kingdom,1,0,0,6.69,1
1,Internet,RoundTrip,89,16,2,W,LHRBOM,USA,1,0,1,14.61,1
2,Internet,RoundTrip,52,19,20,M,CDGSYD,France,0,1,0,7.11,0
3,Internet,RoundTrip,324,2,4,M,JFKDXB,India,0,1,1,3.59,1
3,Mobile,RoundTrip,207,15,15,M,CDGSYD,India,0,1,0,8.88,1
2,Internet,RoundTrip,261,18,11,W,LHRBOM,France,0,0,1,11.28,0
1,Mobile,OneWay,251,20,22,S,AUHBOM,UAE,0,1,0,6.3,1
1,Internet,RoundTrip,214,17,6,T,JFKDXB,United Kingdom,0,1,0,8.01,1
4,Internet,RoundTrip,110,17,10,S,LHRBOM,UAE,1,0,1,12.6,0
2,Internet,RoundTrip,48,16,14,M,LTNPRG,France,0,0,0,6.02,1
3,Mobile,RoundTrip,159,3,4,S,CDGSYD,UAE,0,1,0,13.29,0
3,Mobile,RoundTrip,150,9,6,S,LHRBOM,UAE,0,1,1,12.01,1
2,Internet,RoundTrip,159,18,17,M,JFKDXB,India,0,0,1,11.86,0
3,Internet,OneWay,363,13,17,M,LTNPRG,India,0,0,1,13.41,1
2,Internet,RoundTrip,47,6,15,F,AUHBOM,France,1,1,0,9.99,1
2,Internet,RoundTrip,236,15,4,T,AUHBOM,USA,0,1,1,7.72,0
4,Mobile,RoundTrip,57,1,4,F,LHRBOM,USA,1,0,0,13.23,0
2,Internet,OneWay,216,8,20,F,LHRBOM,United Kingdom,1,1,0,9.72,0
3,Internet,RoundTrip,247,16,20,M,CDGSYD,France,0,0,1,6.0,0
3,Mobile,OneWay,13,16,9,S,LTNPRG,UAE,0,0,0,4.91,1
1,Mobile,RoundTrip,168,11,12,S,JFKDXB,United Kingdom,0,1,1,6.68,0
3,Mobile,RoundTrip,117,6,1,T,CDGSYD,UAE,1,0,0,11.8,1
4,Internet,OneWay,178,10,15,S,CDGSYD,USA,0,1,1,4.78,1
2,Internet,RoundTrip,178,4,2,F,JFKDXB,United Kingdom,1,1,0,10.71,1
4,Internet,RoundTrip,172,19,1,S,LHRBOM,USA,0,1,0,7.53,1
1,Internet,OneWay,234,18,12,T,LTNPRG,United Kingdom,1,1,0,4.1,0
1,Internet,RoundTrip,74,15,19,F,CDGSYD,France,1,0,1,10.36,0
4,Internet,OneWay,312,7,20,S,JFKDXB,United Kingdom,1,0,1,14.7,1
4,Internet,OneWay,307,3,9,S,AUHBOM,France,0,1,1,2.41,1
4,Internet,RoundTrip,167,2,11,F,JFKDXB,USA,1,0,1,10.27,1
3,Internet,RoundTrip,331,8,12,W,LTNPRG,United Kingdom,1,1,0,4.0,1
1,Internet,RoundTrip,100,17,10,M,LHRBOM,India,1,0,0,2.39,0
2,Internet,RoundTrip,75,8,16,W,LTNPRG,United Kingdom,0,1,1,4.54,1
3,Internet,RoundTrip,103,16,17,S,JFKDXB,United Kingdom,0,0,1,3.87,0
1,Mobile,RoundTrip,285,4,10,T,LHRBOM,UAE,0,0,1,5.55,0
3,Mobile,OneWay,51,17,5,M,LTNPRG,UAE,0,1,0,10.08,1
1,Internet,RoundTrip,111,2,19,T,JFKDXB,USA,0,1,1,13.57,1
1,Internet,RoundTrip,53,7,15,W,AUHBOM,USA,1,0,0,2.98,1
1,Internet,OneWay,162,4,9,M,JFKDXB,UAE,0,1,1,5.11,1
1,Internet,OneWay,112,13,5,T,JFKDXB,UAE,1,0,0,2.28,0
1,Internet,RoundTrip,298,4,9,S,LHRBOM,France,1,1,1,8.46,1
4,Mobile,RoundTrip,280,1,19,S,JFKDXB,India,1,0,1,6.71,1
4,Internet,RoundTrip,323,7,7,S,AUHBOM,USA,0,1,1,13.84,1
3,Internet,RoundTrip,151,1,20,S,LHRBOM,USA,1,1,1,3.64,0
2,Mobile,RoundTrip,194,8,5,M,JFKDXB,USA,1,0,1,8.41,1
1,Internet,RoundTrip,313,6,4,W,CDGSYD,France,1,0,0,12.84,0
4,Internet,RoundTrip,260,19,1,T,LTNPRG,USA,0,0,0,11.41,0
4,Internet,RoundTrip,346,11,3,F,CDGSYD,United Kingdom,1,1,0,9.97,0
4,Mobile,OneWay,358,9,5,M,LHRBOM,India,0,1,0,10.9,1
2,Internet,OneWay,28,13,16,F,LTNPRG,UAE,1,1,0,12.88,0
1,Internet,RoundTrip,86,3,12,W,JFKDXB,UAE,1,0,1,8.04,1
3,Mobile,RoundTrip,259,3,15,T,LHRBOM,UAE,1,1,0,8.24,1
2,Internet,RoundTrip,36,4,2,T,LTNPRG,France,0,1,0,3.54,0
2,Mobile,RoundTrip,32,18,14,F,CDGSYD,France,1,0,1,14.6,1
2,Internet,OneWay,51,15,14,T,AUHBOM,UAE,1,0,1,13.9,1
1,Internet,RoundTrip,27,20,11,S,LTNPRG,India,0,1,1,10.7,0
4,Internet,RoundTrip,243,17,14,S,JFKDXB,India,1,0,0,8.75,0
1,Mobile,RoundTrip,101,3,2,T,LTNPRG,USA,0,1,1,9.48,1
4,Internet,RoundTrip,344,4,11,F,LTNPRG,France,0,1,1,4.27,1
4,Internet,RoundTrip,37,17,16,T,CDGSYD,India,1,0,0,10.99,0
1,Mobile,RoundTrip,167,11,3,W,JFKDXB,India,0,1,0,11.48,0
3,Internet,RoundTrip,242,13,3,F,LHRBOM,India,0,1,0,9.98,0
1,Mobile,RoundTrip,132,5,17,M,JFKDXB,India,1,0,1,2.09,1
4,Internet,OneWay,261,11,12,S,LTNPRG,France,0,1,0,2.98,1
3,Internet,RoundTrip,306,19,5,F,AUHBOM,United Kingdom,1,0,0,3.88,1
1,Mobile,RoundTrip,233,10,7,T,CDGSYD,United Kingdom,1,1,0,11.26,1
4,Mobile,RoundTrip,221,14,20,M,AUHBOM,UAE,0,1,0,7.54,0
4,Internet,OneWay,210,15,7,T,LTNPRG,UAE,0,1,1,12.55,1
4,Mobile,RoundTrip,362,19,8,F,JFKDXB,India,0,1,0,14.53,1
2,Mobile,RoundTrip,285,5,19,F,LHRBOM,France,1,0,0,8.72,1
4,Mobile,RoundTrip,22,19,4,F,AUHBOM,India,1,1,0,6.1,0
3,Internet,RoundTrip,282,13,10,M,AUHBOM,UAE,1,0,1,9.53,1
3,Internet,OneWay,61,17,7,M,LHRBOM,UAE,0,1,0,6.23,0
2,Internet,RoundTrip,317,6,11,S,LTNPRG,United Kingdom,1,1,0,7.11,1
2,Internet,RoundTrip,119,3,6,T,AUHBOM,United Kingdom,0,0,1,2.89,1
3,Internet,OneWay,253,2,20,W,LHRBOM,UAE,0,1,1,6.35,0
3,Internet,RoundTrip,269,8,3,M,CDGSYD,USA,0,1,0,14.66,0
1,Internet,RoundTrip,130,12,12,M,JFKDXB,France,0,0,1,11.72,1
2,Internet,RoundTrip,351,6,14,S,CDGSYD,USA,0,0,1,14.16,1
1,Internet,RoundTrip,191,6,18,S,AUHBOM,France,1,1,0,6.08,0
2,Internet,OneWay,154,17,2,T,LHRBOM,UAE,0,1,0,4.88,1
4,Internet,RoundTrip,179,15,19,T,CDGSYD,USA,0,1,0,2.93,1
3,Mobile,RoundTrip,113,13,5,W,CDGSYD,USA,0,1,0,9.26,0
1,Mobile,OneWay,40,14,15,W,JFKDXB,France,0,0,0,12.54,1
3,Internet,RoundTrip,358,17,1,S,CDGSYD,UAE,1,0,0,14.69,0
1,Internet,RoundTrip,296,5,3,W,LHRBOM,United Kingdom,0,1,0,4.7,0
1,Internet,RoundTrip,297,19,12,S,LHRBOM,France,1,0,0,2.92,1
4,Internet,RoundTrip,333,18,2,S,LHRBOM,USA,0,0,0,7.79,0
1,Mobile,RoundTrip,223,7,10,F,JFKDXB,USA,0,0,0,7.16,1
2,Internet,RoundTrip,359,7,9,T,AUHBOM,India,1,0,1,9.98,1
1,Internet,RoundTrip,359,4,10,S,JFKDXB,United Kingdom,0,1,1,9.53,1
3,Internet,RoundTrip,91,15,1,F,CDGSYD,United Kingdom,0,0,0,9.53,0
3,Mobile,RoundTrip,161,7,16,F,CDGSYD,UAE,0,0,1,14.5,1
4,Mobile,RoundTrip,35,6,6,S,CDGSYD,USA,0,0,0,12.52,1
4,Mobile,RoundTrip,256,14,16,F,JFKDXB,France,1,1,1,8.44,1
3,Internet,RoundTrip,41,4,4,F,AUHBOM,India,1,0,1,4.52,1
2,Mobile,RoundTrip,278,3,4,S,CDGSYD,India,0,0,0,12.9,1
1,Internet,RoundTrip,293,18,0,M,LTNPRG,USA,0,0,0,2.71,1
4,Internet,OneWay,150,1,19,S,CDGSYD,USA,0,1,1,6.77,0
3,Mobile,OneWay,230,19,9,T,LHRBOM,France,0,1,1,6.28,0
1,Internet,RoundTrip,346,14,3,S,CDGSYD,UAE,1,0,0,2.45,1
3,Mobile,OneWay,276,8,5,T,AUHBOM,UAE,0,1,0,6.47,1
2,Internet,RoundTrip,161,12,3,S,JFKDXB,USA,0,0,0,4.69,0
2,Internet,OneWay,330,7,2,W,AUHBOM,United Kingdom,1,1,0,10.27,0
2,Internet,OneWay,15,9,1,S,AUHBOM,USA,1,0,0,5.8,0
4,Mobile,RoundTrip,83,15,16,T,JFKDXB,France,0,1,1,14.03,0
1,Internet,RoundTrip,120,19,13,F,JFKDXB,USA,0,1,1,11.53,0
4,Mobile,RoundTrip,133,5,20,T,LHRBOM,USA,1,1,1,3.67,0
1,Internet,RoundTrip,245,11,22,S,JFKDXB,India,1,1,1,12.13,1
1,Mobile,RoundTrip,289,18,14,S,LTNPRG,UAE,1,1,0,14.08,1
3,Internet,RoundTrip,20,1,12,T,CDGSYD,UAE,1,1,0,2.63,0
1,Internet,RoundTrip,95,1,21,F,CDGSYD,India,0,1,1,7.27,1
4,Mobile,OneWay,298,13,21,W,CDGSYD,France,0,0,1,13.62,0
3,Mobile,OneWay,185,3,3,F,CDGSYD,France,1,0,1,4.07,0
2,Internet,RoundTrip,113,20,13,T,LTNPRG,UAE,0,0,0,12.58,1
2,Internet,RoundTrip,162,3,17,T,LHRBOM,United Kingdom,0,0,0,3.63,1
4,Internet,OneWay,221,15,20,T,LHRBOM,France,1,1,0,5.26,1
4,Mobile,RoundTrip,217,7,9,W,AUHBOM,United Kingdom,0,0,0,10.57,0
3,Internet,OneWay,302,19,14,T,AUHBOM,United Kingdom,1,0,1,2.35,0
1,Mobile,RoundTrip,360,18,11,S,LTNPRG,India,1,1,1,12.19,0
3,Internet,RoundTrip,295,16,14,F,LHRBOM,France,0,0,1,10.76,1
1,Mobile,RoundTrip,38,13,15,S,AUHBOM,United Kingdom,0,1,1,14.32,0
2,Internet,RoundTrip,154,5,13,T,CDGSYD,UAE,0,0,1,2.08,1
3,Internet,RoundTrip,177,3,18,T,LHRBOM,France,1,0,1,4.53,0
2,Internet,OneWay,230,6,1,M,CDGSYD,United Kingdom,0,1,0,7.43,0
4,Internet,RoundTrip,350,2,1,M,LTNPRG,UAE,1,0,0,11.32,1
4,Internet,RoundTrip,163,16,19,T,LHRBOM,United Kingdom,1,0,1,8.34,1
1,Internet,RoundTrip,127,6,8,F,AUHBOM,USA,0,1,1,3.42,1
4,Mobile,RoundTrip,328,9,8,T,LHRBOM,UAE,1,0,0,2.65,0
4,Internet,RoundTrip,270,13,17,T,AUHBOM,USA,0,1,0,6.51,0
1,Internet,RoundTrip,167,15,12,S,CDGSYD,United Kingdom,1,0,1,4.07,0
2,Mobile,RoundTrip,339,12,12,W,AUHBOM,United Kingdom,1,0,1,4.29,0
4,Internet,OneWay,111,15,21,M,LTNPRG,United Kingdom,1,0,0,5.84,1
1,Internet,OneWay,88,3,7,M,AUHBOM,United Kingdom,1,0,0,9.57,1
1,Mobile,RoundTrip,8,6,6,T,JFKDXB,United Kingdom,0,1,1,12.2,1
3,Mobile,RoundTrip,30,16,0,W,JFKDXB,UAE,0,0,1,4.71,0
4,Mobile,OneWay,315,15,21,S,LTNPRG,France,0,0,1,7.6,0
2,Mobile,RoundTrip,28,13,0,T,JFKDXB,India,0,1,0,11.4,1
4,Internet,RoundTrip,279,19,9,S,CDGSYD,USA,1,1,0,13.18,1
3,Internet,RoundTrip,27,20,9,M,JFKDXB,United Kingdom,1,1,1,4.72,0
1,Internet,RoundTrip,84,2,21,M,LTNPRG,France,1,1,1,12.93,1
2,Mobile,RoundTrip,128,12,11,W,JFKDXB,France,1,0,1,7.65,0
3,Mobile,RoundTrip,79,19,0,F,LTNPRG,India,1,1,1,10.41,0
2,Internet,RoundTrip,46,7,5,S,AUHBOM,USA,1,0,0,8.04,1
1,Internet,RoundTrip,360,2,11,S,CDGSYD,India,0,0,1,11.69,1
1,Internet,RoundTrip,148,3,18,S,LHRBOM,UAE,1,1,0,11.37,0
3,Internet,RoundTrip,155,15,1,T,AUHBOM,France,1,1,0,8.73,1
4,Mobile,RoundTrip,275,19,16,T,JFKDXB,United Kingdom,0,1,1,14.4,1
2,Internet,RoundTrip,333,15,3,W,AUHBOM,UAE,1,0,0,13.75,0
4,Internet,RoundTrip,109,1,4,T,CDGSYD,United Kingdom,0,0,0,6.39,1
3,Mobile,RoundTrip,165,9,3,W,JFKDXB,UAE,1,0,0,3.56,0
2,Internet,RoundTrip,175,7,4,M,CDGSYD,France,1,1,1,3.91,0
3,Internet,RoundTrip,95,19,14,S,AUHBOM,USA,1,1,0,5.37,0
2,Internet,RoundTrip,47,11,19,S,JFKDXB,France,0,0,0,10.5,0
4,Internet,OneWay,336,5,1,M,JFKDXB,France,1,1,0,4.43,0
4,Internet,RoundTrip,255,12,21,M,AUHBOM,India,0,1,0,9.31,1
4,Internet,RoundTrip,248,15,5,S,JFKDXB,France,1,1,1,11.74,0
1,Internet,RoundTrip,116,12,22,S,LHRBOM,India,0,1,0,4.69,1
1,Internet,RoundTrip,241,9,18,M,LTNPRG,USA,0,1,0,6.0,1
4,Internet,OneWay,50,15,15,F,CDGSYD,India,0,0,0,2.59,0
4,Internet,OneWay,43,7,11,W,AUHBOM,UAE,0,1,1,3.49,0
3,Mobile,RoundTrip,348,3,21,S,LTNPRG,USA,0,0,1,6.87,1
1,Internet,RoundTrip,84,18,10,T,JFKDXB,France,1,0,1,5.57,0
4,Internet,RoundTrip,281,15,3,T,CDGSYD,France,1,0,1,4.78,0
2,Mobile,RoundTrip,102,15,7,W,LHRBOM,USA,1,1,1,6.25,0
2,Internet,RoundTrip,238,18,3,F,LHRBOM,UAE,1,0,0,3.41,1
2,Internet,OneWay,223,15,6,T,JFKDXB,France,1,0,1,11.46,1
2,Mobile,RoundTrip,264,1,0,M,CDGSYD,France,1,1,0,9.72,1
2,Internet,OneWay,348,17,10,T,LHRBOM,India,0,0,0,5.41,0
2,Internet,OneWay,155,1,12,F,LTNPRG,UAE,0,1,0,3.76,0
3,Mobile,RoundTrip,316,14,11,S,LTNPRG,USA,1,1,0,2.54,1
1,Internet,RoundTrip,109,20,5,F,JFKDXB,UAE,1,0,1,10.84,0
2,Internet,RoundTrip,351,9,6,W,CDGSYD,France,1,0,0,4.77,0
1,Internet,OneWay,182,7,13,S,LTNPRG,France,0,1,0,7.6,1
3,Internet,RoundTrip,308,19,7,T,AUHBOM,USA,0,1,0,9.67,0
4,Mobile,RoundTrip,301,10,0,F,AUHBOM,India,0,1,1,6.63,1
4,Internet,RoundTrip,231,19,16,S,LTNPRG,United Kingdom,0,1,1,2.48,1
1,Internet,RoundTrip,351,7,12,S,LHRBOM,United Kingdom,0,1,1,8.81,1
3,Internet,RoundTrip,246,4,4,T,JFKDXB,United Kingdom,1,0,0,14.21,0
1,Mobile,OneWay,221,12,20,T,LTNPRG,United Kingdom,1,0,1,3.67,0
2,Internet,RoundTrip,93,8,5,S,LHRBOM,India,0,1,0,6.89,0
2,Internet,RoundTrip,137,15,16,T,CDGSYD,UAE,0,1,0,6.09,1
3,Internet,RoundTrip,3,6,1,S,LHRBOM,UAE,1,0,1,5.13,1
2,Internet,RoundTrip,262,16,8,M,AUHBOM,United Kingdom,0,0,1,10.21,1
3,Internet,RoundTrip,221,8,5,S,CDGSYD,USA,0,1,0,6.81,0
3,Mobile,RoundTrip,254,8,1,M,CDGSYD,France,1,1,1,6.08,0
4,Internet,OneWay,229,15,9,W,AUHBOM,United Kingdom,0,1,0,4.22,0
1,Internet,RoundTrip,91,6,5,T,AUHBOM,USA,1,0,0,6.72,1
4,Internet,RoundTrip,364,6,5,S,LHRBOM,France,0,1,1,14.89,0
4,Internet,OneWay,159,11,11,M,AUHBOM,India,1,0,1,13.28,0
3,Internet,RoundTrip,255,7,20,T,JFKDXB,India,1,1,0,3.25,0
4,Mobile,OneWay,49,8,5,M,AUHBOM,France,1,0,0,10.22,1
1,Internet,RoundTrip,218,7,3,M,CDGSYD,USA,0,0,0,8.27,0
1,Mobile,RoundTrip,147,13,17,T,JFKDXB,UAE,0,0,0,10.82,1
1,Internet,RoundTrip,338,7,9,M,LTNPRG,UAE,1,1,1,14.23,0
4,Internet,RoundTrip,278,13,21,T,JFKDXB,United Kingdom,0,1,0,3.18,0
2,Internet,OneWay,341,5,16,T,LHRBOM,France,1,0,1,9.2,1
2,Internet,OneWay,115,18,4,F,LTNPRG,UAE,0,0,0,2.9,1
3,Internet,RoundTrip,241,20,17,T,LHRBOM,France,1,0,0,6.84,1
2,Mobile,RoundTrip,231,1,0,T,AUHBOM,UAE,0,1,1,7.86,1
3,Mobile,RoundTrip,92,3,10,M,JFKDXB,India,0,0,0,3.1,1
4,Mobile,RoundTrip,120,3,1,S,AUHBOM,United Kingdom,0,0,1,5.16,1
2,Mobile,RoundTrip,246,4,17,T,LHRBOM,United Kingdom,0,1,0,9.44,1
4,Internet,RoundTrip,54,16,18,W,JFKDXB,USA,1,1,0,4.93,1
3,Internet,RoundTrip,146,5,21,W,AUHBOM,USA,0,0,0,11.36,1
2,Internet,RoundTrip,270,12,1,M,CDGSYD,UAE,0,1,0,10.67,0
4,Mobile,RoundTrip,307,6,19,T,CDGSYD,USA,1,0,0,8.47,0
2,Internet,RoundTrip,215,2,17,S,JFKDXB,UAE,0,1,0,9.27,0
1,Internet,RoundTrip,244,2,19,W,LHRBOM,USA,0,1,1,6.2,1
2,Internet,RoundTrip,301,19,9,S,AUHBOM,USA,0,1,1,9.14,1
4,Internet,RoundTrip,85,12,15,T,LTNPRG,France,0,1,1,6.18,0
3,Mobile,RoundTrip,248,14,9,W,LTNPRG,USA,0,0,0,13.79,1
3,Internet,RoundTrip,268,4,15,F,CDGSYD,France,0,1,0,3.08,1
3,Internet,OneWay,298,10,16,M,CDGSYD,France,0,0,0,4.64,1
1,Mobile,RoundTrip,222,14,6,W,JFKDXB,UAE,0,1,1,5.28,1
1,Internet,RoundTrip,57,16,7,S,LHRBOM,France,1,0,1,12.24,1
2,Internet,RoundTrip,19,14,22,T,LTNPRG,India,0,0,0,7.88,0
4,Internet,OneWay,224,12,18,S,JFKDXB,United Kingdom,1,0,1,9.22,1
1,Internet,RoundTrip,101,13,1,M,LTNPRG,France,0,0,0,5.84,1
3,Internet,RoundTrip,134,8,2,S,AUHBOM,United Kingdom,0,0,1,5.5,0
4,Internet,RoundTrip,169,14,18,S,JFKDXB,United Kingdom,1,0,0,10.43,0
1,Internet,RoundTrip,272,6,16,W,LHRBOM,India,1,1,1,10.92,1
1,Internet,OneWay,129,15,4,T,JFKDXB,USA,0,0,1,8.74,1
4,Internet,OneWay,212,10,20,M,LHRBOM,India,0,1,1,11.15,1
1,Mobile,OneWay,182,12,0,T,LHRBOM,USA,1,1,1,12.05,0
3,Internet,RoundTrip,20,10,3,W,LTNPRG,France,0,1,0,3.32,1
4,Internet,RoundTrip,252,12,12,W,CDGSYD,India,0,0,0,5.05,1
2,Internet,RoundTrip,195,15,12,F,LHRBOM,France,1,0,1,10.08,0
2,Internet,OneWay,81,6,4,S,LHRBOM,USA,1,0,1,13.36,0
3,Mobile,RoundTrip,271,10,14,M,LTNPRG,India,1,1,1,12.55,0
3,Internet,RoundTrip,37,9,19,S,LTNPRG,India,1,1,0,9.58,0
4,Internet,OneWay,96,1,3,T,LHRBOM,France,0,1,0,7.77,0
3,Internet,OneWay,88,18,18,F,LTNPRG,UAE,1,1,0,2.42,0
4,Mobile,RoundTrip,239,14,12,S,LHRBOM,UAE,1,0,1,13.98,1
1,Internet,RoundTrip,361,1,20,S,CDGSYD,USA,1,1,0,11.68,0
2,Mobile,RoundTrip,307,2,5,M,JFKDXB,USA,1,0,0,5.69,1
1,Internet,RoundTrip,51,19,15,F,JFKDXB,United Kingdom,0,1,0,8.58,1
3,Internet,RoundTrip,24,17,17,T,AUHBOM,USA,1,1,0,5.11,1
1,Mobile,RoundTrip,288,15,8,T,LHRBOM,United Kingdom,0,0,0,13.9,1
4,Internet,RoundTrip,211,15,13,F,JFKDXB,India,0,0,0,7.83,1
4,Internet,OneWay,131,17,16,F,AUHBOM,UAE,1,1,0,13.1,0
4,Internet,OneWay,324,12,9,S,CDGSYD,UAE,0,0,0,10.06,1
4,Internet,OneWay,65,1,15,T,LHRBOM,USA,0,1,1,8.83,0
1,Internet,OneWay,47,10,17,S,AUHBOM,United Kingdom,1,1,0,13.79,1
3,Internet,RoundTrip,182,7,5,T,CDGSYD,UAE,0,0,0,3.8,0
3,Internet,RoundTrip,99,4,16,T,AUHBOM,United Kingdom,0,0,1,2.84,0
3,Internet,RoundTrip,85,18,13,F,CDGSYD,United Kingdom,0,0,0,10.62,0
4,Internet,RoundTrip,228,14,4,F,CDGSYD,UAE,1,0,0,13.9,0
3,Mobile,RoundTrip,111,19,19,S,CDGSYD,USA,0,0,1,3.74,0
1,Internet,RoundTrip,214,3,0,S,LTNPRG,USA,0,0,0,5.16,1
4,Internet,OneWay,207,20,13,F,LTNPRG,France,1,1,0,7.2,0
2,Internet,RoundTrip,289,13,5,F,LHRBOM,UAE,1,1,1,14.12,0
2,Internet,RoundTrip,356,12,16,W,CDGSYD,UAE,1,0,1,13.09,0
3,Internet,OneWay,229,4,20,T,CDGSYD,France,0,1,0,14.63,0
4,Mobile,RoundTrip,105,13,15,F,AUHBOM,United Kingdom,0,0,1,12.06,0
3,Mobile,RoundTrip,210,12,9,F,CDGSYD,India,1,1,1,6.53,0
1,Internet,RoundTrip,176,15,14,W,LTNPRG,USA,0,0,1,2.69,1
3,Mobile,RoundTrip,165,4,4,T,LHRBOM,India,0,1,1,10.0,0
3,Mobile,RoundTrip,126,13,1,F,CDGSYD,France,1,0,1,13.63,1
1,Mobile,RoundTrip,29,2,8,T,AUHBOM,UAE,0,1,0,7.81,1
3,Mobile,OneWay,90,2,14,M,CDGSYD,United Kingdom,1,0,0,7.1,0
4,Internet,RoundTrip,216,10,8,T,LHRBOM,United Kingdom,0,1,1,12.31,1
4,Internet,RoundTrip,26,3,2,T,LTNPRG,India,0,0,1,7.19,1
2,Internet,RoundTrip,58,15,10,M,AUHBOM,India,1,0,0,11.54,1
3,Internet,RoundTrip,208,10,20,T,LHRBOM,India,0,1,1,4.7,0
4,Mobile,OneWay,363,5,10,S,AUHBOM,UAE,0,1,1,10.24,0
3,Internet,RoundTrip,61,6,10,S,LTNPRG,India,1,0,1,9.41,1
2,Internet,OneWay,29,10,6,W,CDGSYD,France,0,0,0,7.7,1
1,Mobile,OneWay,128,12,10,T,JFKDXB,India,0,0,1,6.28,0
1,Internet,RoundTrip,28,16,6,T,LTNPRG,USA,1,1,0,10.0,0
3,Mobile,OneWay,327,12,22,T,AUHBOM,France,0,1,1,14.32,0
4,Internet,OneWay,287,11,18,T,CDGSYD,United Kingdom,0,0,0,6.0,0
3,Internet,OneWay,43,13,16,W,AUHBOM,UAE,1,0,0,2.73,0
4,Internet,RoundTrip,37,12,15,F,CDGSYD,India,0,0,0,13.42,0
3,Internet,RoundTrip,197,7,7,S,LHRBOM,USA,0,0,1,2.24,0
2,Internet,RoundTrip,148,5,15,T,CDGSYD,France,1,0,1,2.83,1
3,Internet,RoundTrip,253,11,22,M,LTNPRG,USA,0,1,0,3.86,0
2,Internet,RoundTrip,338,3,4,S,JFKDXB,France,0,1,0,11.71,0
1,Internet,RoundTrip,122,5,19,T,JFKDXB,France,1,0,1,2.89,1
3,Mobile,RoundTrip,287,3,22,S,JFKDXB,France,1,1,0,8.45,1
3,Internet,OneWay,122,10,1,T,JFKDXB,USA,0,1,1,3.8,0
4,Internet,RoundTrip,85,20,1,F,CDGSYD,France,0,1,0,9.23,0
1,Internet,OneWay,354,18,11,T,CDGSYD,France,0,1,0,8.32,0
2,Mobile,RoundTrip,92,2,15,T,CDGSYD,UAE,1,0,1,6.04,0
1,Mobile,RoundTrip,53,17,11,S,LHRBOM,India,1,1,0,9.43,1
4,Mobile,OneWay,216,4,17,T,AUHBOM,USA,0,1,1,5.98,1
4,Mobile,RoundTrip,217,19,18,S,LHRBOM,UAE,0,1,1,12.93,1
2,Internet,RoundTrip,178,5,6,W,JFKDXB,USA,0,0,1,14.05,0
4,Internet,OneWay,32,3,11,M,AUHBOM,USA,1,1,1,8.74,0
3,Internet,OneWay,43,16,1,T,JFKDXB,France,1,0,1,3.6,1
2,Mobile,OneWay,276,17,2,S,AUHBOM,UAE,0,0,0,6.19,1
2,Internet,RoundTrip,58,8,16,T,CDGSYD,France,1,0,0,12.67,0
3,Internet,RoundTrip,101,11,20,F,AUHBOM,France,0,0,1,4.7,1
1,Mobile,RoundTrip,293,16,13,S,AUHBOM,India,0,0,1,3.66,0
1,Mobile,RoundTrip,124,18,16,T,LTNPRG,India,1,0,1,14.52,0
4,Mobile,OneWay,126,9,22,S,JFKDXB,UAE,0,0,1,9.16,1
1,Internet,RoundTrip,334,16,1,S,LHRBOM,USA,0,0,0,8.01,0
1,Internet,RoundTrip,291,16,16,T,JFKDXB,India,1,0,1,14.0,0
4,Internet,RoundTrip,258,16,14,T,LTNPRG,USA,0,0,0,8.97,0
4,Internet,RoundTrip,70,18,21,S,AUHBOM,France,1,0,1,8.43,1
4,Internet,RoundTrip,104,17,6,S,LTNPRG,USA,1,1,0,5.9,0
1,Internet,RoundTrip,219,9,14,S,JFKDXB,India,0,0,1,10.78,1
4,Mobile,RoundTrip,306,7,19,S,AUHBOM,United Kingdom,1,0,1,11.28,0
2,Internet,OneWay,184,20,11,T,LHRBOM,United Kingdom,1,0,1,3.76,0
1,Internet,RoundTrip,271,9,6,T,JFKDXB,USA,0,0,1,12.15,1
4,Mobile,RoundTrip,119,19,21,S,AUHBOM,India,0,1,1,7.75,1
2,Internet,RoundTrip,134,20,3,F,CDGSYD,United Kingdom,0,0,1,7.45,1
3,Internet,RoundTrip,222,1,18,T,AUHBOM,USA,1,0,0,13.76,0
1,Internet,RoundTrip,207,3,19,F,JFKDXB,USA,1,1,1,4.03,1
1,Internet,RoundTrip,46,12,0,T,JFKDXB,France,1,1,1,8.37,0
4,Mobile,RoundTrip,142,2,8,W,LHRBOM,UAE,0,1,1,7.86,0
3,Internet,OneWay,312,14,13,S,AUHBOM,India,1,1,0,9.82,0
4,Internet,OneWay,195,1,2,S,LHRBOM,USA,1,1,0,4.89,1
1,Mobile,OneWay,271,17,3,M,AUHBOM,USA,1,1,0,5.21,0
4,Internet,RoundTrip,301,9,7,W,AUHBOM,UAE,0,1,1,2.67,0
4,Mobile,RoundTrip,105,14,21,F,AUHBOM,UAE,0,1,0,12.53,0
4,Internet,RoundTrip,86,10,9,T,AUHBOM,USA,1,1,0,3.23,1
1,Mobile,RoundTrip,212,14,15,S,LHRBOM,UAE,0,0,0,9.97,1
1,Internet,RoundTrip,175,14,13,F,AUHBOM,France,0,0,0,2.39,0
3,Internet,RoundTrip,329,6,10,W,CDGSYD,UAE,1,1,1,9.68,1
1,Mobile,RoundTrip,67,17,1,S,AUHBOM,United Kingdom,0,0,1,4.97,0
1,Mobile,RoundTrip,154,17,22,W,JFKDXB,USA,1,0,0,10.65,0
4,Internet,RoundTrip,18,7,12,W,LTNPRG,USA,0,1,1,11.97,0
3,Internet,OneWay,133,2,7,T,LHRBOM,France,0,0,0,14.73,1
4,Internet,RoundTrip,214,9,10,S,JFKDXB,UAE,1,0,1,11.69,0
4,Mobile,RoundTrip,291,14,10,W,CDGSYD,France,1,1,0,14.3,1
1,Mobile,RoundTrip,308,16,22,S,CDGSYD,France,1,0,1,14.1,0
4,Internet,RoundTrip,1,5,9,F,LHRBOM,India,0,1,0,5.66,0
1,Internet,RoundTrip,318,10,22,M,CDGSYD,UAE,1,0,0,7.2,0
2,Internet,OneWay,250,16,3,S,LHRBOM,India,1,0,1,7.36,1
2,Mobile,RoundTrip,74,11,4,T,CDGSYD,USA,0,1,0,6.5,1
1,Internet,RoundTrip,79,16,3,S,LHRBOM,France,1,0,0,11.61,0
3,Internet,OneWay,283,14,21,S,JFKDXB,India,1,0,1,6.99,0
1,Mobile,RoundTrip,253,4,13,T,LTNPRG,France,0,0,1,13.97,0
4,Internet,RoundTrip,75,5,11,W,LTNPRG,UAE,1,0,1,9.26,0
4,Internet,RoundTrip,160,16,1,T,AUHBOM,USA,0,0,0,5.97,1
3,Internet,RoundTrip,313,15,3,S,CDGSYD,USA,0,1,1,12.97,1
1,Internet,RoundTrip,8,17,21,W,AUHBOM,USA,0,1,0,10.89,0
3,Mobile,RoundTrip,187,6,22,M,CDGSYD,USA,1,0,0,6.12,1
3,Internet,RoundTrip,319,2,7,F,LHRBOM,USA,1,0,1,13.64,0
2,Internet,OneWay,2,5,16,S,AUHBOM,United Kingdom,1,0,1,7.81,0
2,Internet,RoundTrip,199,9,7,T,CDGSYD,India,1,1,0,3.38,1
2,Mobile,RoundTrip,204,3,22,W,JFKDXB,France,1,0,0,12.59,1
4,Internet,OneWay,115,4,3,T,AUHBOM,India,1,1,1,11.17,0
1,Internet,RoundTrip,197,3,2,F,LTNPRG,United Kingdom,1,0,0,2.5,0
3,Internet,RoundTrip,257,3,8,T,LHRBOM,France,1,0,1,3.78,0
2,Internet,RoundTrip,104,8,4,S,LTNPRG,USA,0,0,0,13.61,1
3,Mobile,OneWay,181,17,15,F,CDGSYD,India,0,0,1,2.53,0
1,Mobile,OneWay,196,8,21,F,JFKDXB,France,1,1,1,9.15,1
4,Mobile,RoundTrip,13,6,22,M,LTNPRG,India,1,0,1,2.77,1
2,Internet,RoundTrip,78,11,22,S,AUHBOM,France,0,0,0,12.82,0
4,Internet,RoundTrip,237,13,4,T,AUHBOM,United Kingdom,0,1,0,4.06,1
1,Mobile,RoundTrip,179,7,1,W,JFKDXB,India,0,1,0,9.8,0
3,Internet,RoundTrip,353,1,4,S,LTNPRG,India,1,0,1,14.82,0
3,Mobile,RoundTrip,310,6,17,W,JFKDXB,India,0,1,0,10.64,1
4,Internet,RoundTrip,81,2,3,S,AUHBOM,UAE,1,0,1,7.23,1
1,Internet,RoundTrip,363,3,15,S,AUHBOM,United Kingdom,0,1,0,6.76,1
3,Internet,OneWay,315,13,13,T,LHRBOM,UAE,1,0,0,14.37,0
1,Internet,RoundTrip,154,4,18,T,LHRBOM,France,0,0,0,9.64,1
2,Internet,RoundTrip,227,8,2,S,CDGSYD,France,1,0,0,14.95,0
1,Internet,OneWay,102,8,10,S,JFKDXB,United Kingdom,0,0,1,2.8,0
1,Internet,OneWay,29,18,2,S,LHRBOM,France,0,0,0,12.54,1
4,Internet,OneWay,87,4,0,F,LTNPRG,France,1,0,0,4.42,0
3,Mobile,RoundTrip,266,2,17,S,LHRBOM,France,1,1,0,6.43,0
4,Internet,RoundTrip,208,11,12,S,CDGSYD,UAE,0,0,1,10.44,1
3,Mobile,RoundTrip,161,13,18,S,AUHBOM,UAE,0,0,1,12.49,0
3,Internet,OneWay,176,11,1,W,AUHBOM,United Kingdom,1,0,1,9.39,0
1,Internet,OneWay,289,15,7,S,JFKDXB,USA,0,1,1,3.36,1
4,Internet,RoundTrip,254,18,3,T,JFKDXB,United Kingdom,1,0,1,2.05,1
1,Mobile,RoundTrip,232,13,13,S,JFKDXB,UAE,1,0,0,13.34,1
1,Internet,RoundTrip,183,11,12,T,JFKDXB,India,0,1,0,5.56,0
3,Mobile,RoundTrip,2,14,17,M,AUHBOM,India,1,1,0,10.72,0
3,Internet,RoundTrip,122,5,2,S,LTNPRG,UAE,0,0,0,12.09,1
1,Mobile,RoundTrip,46,5,1,T,JFKDXB,UAE,1,0,0,11.12,1
3,Mobile,RoundTrip,282,8,19,M,CDGSYD,UAE,0,1,0,3.31,0
3,Mobile,OneWay,129,16,14,S,LTNPRG,India,1,1,0,12.08,1
2,Internet,RoundTrip,90,18,2,M,JFKDXB,United Kingdom,0,0,0,13.61,0
3,Mobile,RoundTrip,176,12,6,M,LTNPRG,UAE,0,0,0,12.32,1
3,Internet,RoundTrip,175,13,9,F,JFKDXB,United Kingdom,0,0,1,8.63,1
2,Mobile,RoundTrip,340,16,9,T,JFKDXB,UAE,0,1,1,4.59,1
1,Internet,RoundTrip,66,5,16,T,CDGSYD,UAE,1,0,1,10.13,1
2,Internet,RoundTrip,300,3,8,W,AUHBOM,India,1,0,0,11.11,0
4,Internet,RoundTrip,79,15,13,S,AUHBOM,UAE,1,1,1,5.52,1
2,Mobile,RoundTrip,292,3,16,T,CDGSYD,United Kingdom,1,1,1,10.34,0
3,Internet,RoundTrip,196,4,2,S,CDGSYD,UAE,1,1,1,13.38,0
2,Internet,RoundTrip,197,8,10,S,LTNPRG,France,0,0,0,6.96,1
3,Internet,RoundTrip,257,16,5,W,CDGSYD,India,0,1,1,8.92,0
3,Mobile,OneWay,34,8,17,T,LHRBOM,UAE,0,1,0,11.32,1
2,Internet,RoundTrip,291,3,3,W,AUHBOM,France,1,0,0,11.64,0
3,Internet,RoundTrip,272,3,7,T,CDGSYD,USA,1,0,0,10.38,0
4,Internet,RoundTrip,73,6,14,T,CDGSYD,USA,1,0,0,8.87,0
4,Internet,RoundTrip,32,2,12,S,AUHBOM,United Kingdom,0,1,0,11.14,0
4,Internet,RoundTrip,264,7,0,S,LTNPRG,UAE,0,1,0,13.01,1
1,Mobile,OneWay,34,2,20,T,LHRBOM,UAE,1,0,1,13.66,0
4,Mobile,RoundTrip,212,17,1,T,AUHBOM,USA,1,0,1,7.58,0
3,Internet,RoundTrip,93,2,10,S,JFKDXB,United Kingdom,0,1,1,11.26,0
2,Internet,RoundTrip,262,4,1,F,CDGSYD,UAE,1,1,1,7.25,0
2,Internet,RoundTrip,336,1,13,T,AUHBOM,France,1,1,0,13.19,0
1,Internet,OneWay,307,6,8,S,AUHBOM,UAE,1,0,0,12.8,1
4,Internet,RoundTrip,273,17,15,M,JFKDXB,France,0,1,1,11.79,1
4,Mobile,RoundTrip,234,12,14,S,JFKDXB,United Kingdom,1,0,1,8.36,0
1,Internet,OneWay,28,19,20,T,AUHBOM,France,0,1,0,8.99,1
3,Internet,RoundTrip,346,13,1,T,JFKDXB,UAE,1,0,0,12.41,1
3,Mobile,RoundTrip,335,9,14,F,JFKDXB,UAE,0,0,1,2.63,1
1,Internet,RoundTrip,23,20,7,T,CDGSYD,USA,1,1,1,9.38,0
3,Internet,RoundTrip,286,4,14,S,LHRBOM,India,1,0,0,5.12,1
4,Internet,RoundTrip,39,3,22,M,LTNPRG,United Kingdom,1,1,0,9.84,1
2,Internet,RoundTrip,220,7,19,F,LTNPRG,France,1,0,1,8.19,1
3,Mobile,RoundTrip,91,19,22,T,CDGSYD,USA,1,1,1,10.29,1
4,Mobile,RoundTrip,47,17,22,S,AUHBOM,UAE,0,1,1,3.22,0
2,Internet,RoundTrip,84,11,17,F,CDGSYD,France,0,0,1,14.04,1
1,Internet,RoundTrip,117,19,20,W,LHRBOM,United Kingdom,1,0,1,9.59,1
2,Internet,RoundTrip,128,13,15,W,AUHBOM,France,0,1,0,5.83,1
1,Internet,RoundTrip,110,5,2,T,AUHBOM,India,0,0,1,12.36,0
2,Internet,RoundTrip,169,1,20,M,JFKDXB,France,1,0,0,10.87,1
3,Internet,OneWay,233,1,15,T,AUHBOM,France,1,0,0,7.82,1
1,Internet,RoundTrip,169,17,19,M,AUHBOM,France,1,1,1,5.62,1
3,Mobile,RoundTrip,214,7,7,F,LTNPRG,United Kingdom,1,0,1,6.16,1
4,Mobile,RoundTrip,141,9,13,S,CDGSYD,India,0,1,0,2.66,1
2,Internet,RoundTrip,101,8,9,M,LTNPRG,United Kingdom,0,1,0,7.0,1
4,Internet,RoundTrip,54,2,0,S,LHRBOM,UAE,1,0,1,8.66,1
2,Internet,RoundTrip,114,1,14,M,AUHBOM,India,1,1,0,12.95,0
3,Internet,RoundTrip,70,15,6,T,AUHBOM,USA,1,1,0,10.42,0
1,Internet,RoundTrip,189,14,3,F,LHRBOM,UAE,0,0,0,4.83,1
2,Internet,OneWay,239,5,4,F,LHRBOM,United Kingdom,1,1,0,14.53,1
4,Mobile,RoundTrip,308,3,15,W,AUHBOM,UAE,1,0,0,4.88,1
3,Internet,RoundTrip,108,11,16,M,LTNPRG,India,1,1,1,10.03,0
3,Internet,RoundTrip,46,2,6,S,CDGSYD,UAE,0,1,1,6.27,1
3,Internet,RoundTrip,297,6,7,T,JFKDXB,France,1,0,0,3.59,0
1,Internet,RoundTrip,265,15,18,T,CDGSYD,USA,1,0,1,12.7,0
4,Internet,RoundTrip,116,4,10,T,LTNPRG,USA,0,1,1,9.66,1
2,Internet,OneWay,363,16,8,T,LHRBOM,United Kingdom,1,1,0,8.82,0
1,Mobile,RoundTrip,234,18,19,F,CDGSYD,France,1,1,0,5.91,1
4,Mobile,RoundTrip,273,4,1,T,CDGSYD,USA,1,1,1,12.13,0
1,Mobile,RoundTrip,128,14,15,F,CDGSYD,France,1,1,0,13.09,1
4,Internet,RoundTrip,161,16,13,S,AUHBOM,India,0,0,0,12.88,0
2,Internet,OneWay,128,11,9,S,JFKDXB,USA,1,0,1,2.94,1
1,Internet,RoundTrip,267,6,17,M,CDGSYD,India,1,1,1,4.58,1
1,Internet,OneWay,297,20,6,F,AUHBOM,France,0,0,1,3.61,0
3,Internet,RoundTrip,314,7,14,T,AUHBOM,USA,0,0,1,5.96,1
3,Mobile,OneWay,121,5,5,M,JFKDXB,UAE,0,1,0,3.47,0
1,Internet,OneWay,280,3,17,M,JFKDXB,USA,0,1,0,4.3,1
2,Internet,OneWay,249,19,9,F,LHRBOM,United Kingdom,0,0,0,11.18,0
1,Internet,OneWay,5,5,18,S,AUHBOM,USA,0,0,1,10.7,0
3,Internet,RoundTrip,290,3,13,S,AUHBOM,India,1,1,0,5.67,1
4,Internet,RoundTrip,48,1,0,M,LHRBOM,UAE,0,1,0,12.71,0
2,Internet,RoundTrip,47,6,14,T,CDGSYD,France,0,1,0,10.68,1
4,Internet,RoundTrip,39,14,0,S,LTNPRG,France,1,0,0,7.61,1
2,Internet,RoundTrip,200,14,16,F,CDGSYD,United Kingdom,0,0,0,2.28,0
1,Mobile,RoundTrip,12,18,5,T,CDGSYD,USA,0,0,1,10.53,0
2,Internet,RoundTrip,184,14,22,T,JFKDXB,United Kingdom,1,1,0,12.18,1
4,Internet,RoundTrip,261,1,5,S,CDGSYD,India,1,1,0,4.91,0
4,Internet,RoundTrip,195,17,10,S,AUHBOM,France,1,0,1,3.55,0
3,Mobile,RoundTrip,98,6,12,W,AUHBOM,India,1,1,1,6.1,0
2,Internet,OneWay,122,20,3,S,CDGSYD,United Kingdom,0,0,0,11.13,1
4,Internet,RoundTrip,263,7,5,T,CDGSYD,UAE,0,0,1,14.51,1
3,Internet,RoundTrip,124,1,22,M,CDGSYD,United Kingdom,1,0,1,7.1,0
4,Internet,RoundTrip,243,8,8,S,LTNPRG,USA,0,1,1,12.79,1
3,Internet,RoundTrip,251,10,17,T,JFKDXB,France,1,1,1,11.89,0
3,Internet,RoundTrip,191,17,10,M,AUHBOM,UAE,0,1,0,13.53,1
4,Internet,RoundTrip,136,12,4,T,LTNPRG,UAE,0,0,0,10.62,0
4,Mobile,OneWay,22,1,13,F,JFKDXB,India,1,1,1,14.3,0
3,Internet,RoundTrip,271,1,3,F,AUHBOM,USA,1,1,1,13.92,1
1,Internet,RoundTrip,112,13,22,S,CDGSYD,France,1,1,0,2.44,1
2,Internet,RoundTrip,166,2,15,T,JFKDXB,France,1,1,0,8.72,0
3,Internet,RoundTrip,10,11,15,M,LHRBOM,India,0,0,1,6.26,0
3,Internet,RoundTrip,271,18,0,T,CDGSYD,USA,1,1,1,13.01,1
2,Internet,OneWay,332,17,6,S,JFKDXB,United Kingdom,1,0,0,7.32,0
1,Internet,RoundTrip,320,13,8,M,AUHBOM,United Kingdom,1,1,0,13.88,1
4,Mobile,RoundTrip,113,7,8,T,LHRBOM,France,0,1,1,13.8,1
4,Internet,OneWay,33,11,2,F,AUHBOM,UAE,0,0,1,6.73,0
1,Mobile,RoundTrip,35,3,1,T,CDGSYD,India,0,1,0,9.47,0
2,Mobile,OneWay,139,15,13,T,LTNPRG,UAE,1,0,0,2.36,0
2,Internet,RoundTrip,1,3,9,T,AUHBOM,United Kingdom,0,0,1,6.64,1
4,Internet,RoundTrip,66,2,5,M,LTNPRG,France,1,0,0,10.56,1
4,Internet,RoundTrip,223,13,13,S,AUHBOM,India,1,1,1,4.75,1
2,Mobile,OneWay,16,12,22,S,LTNPRG,United Kingdom,0,0,0,4.06,0
2,Internet,OneWay,227,11,21,M,AUHBOM,UAE,1,0,0,14.4,0
2,Internet,RoundTrip,316,10,20,T,LHRBOM,India,1,0,1,9.59,1
1,Internet,RoundTrip,363,12,6,W,LTNPRG,India,0,1,0,9.34,0
2,Mobile,RoundTrip,354,9,3,W,JFKDXB,USA,0,0,0,12.67,1
2,Internet,RoundTrip,106,3,5,F,LTNPRG,India,0,1,1,9.24,0
1,Internet,RoundTrip,236,12,7,F,LHRBOM,USA,0,0,1,10.4,0
3,Internet,RoundTrip,17,1,0,M,JFKDXB,France,0,1,0,5.99,1
4,Internet,RoundTrip,87,2,7,S,CDGSYD,France,1,1,0,6.91,0
2,Mobile,RoundTrip,284,12,13,T,AUHBOM,UAE,1,0,0,5.56,0
2,Mobile,RoundTrip,75,15,5,T,JFKDXB,USA,0,1,1,9.78,0
2,Internet,RoundTrip,111,2,22,T,LTNPRG,USA,0,0,1,9.74,0
1,Internet,RoundTrip,150,8,19,F,LTNPRG,USA,1,0,0,4.15,1
3,Mobile,RoundTrip,121,19,8,M,CDGSYD,USA,1,0,0,11.93,0
2,Internet,OneWay,270,16,9,T,CDGSYD,United Kingdom,1,1,0,4.52,0
4,Internet,RoundTrip,331,17,11,T,AUHBOM,France,1,1,1,10.91,1
2,Internet,OneWay,196,14,7,M,LTNPRG,USA,1,1,1,2.82,0
4,Internet,RoundTrip,210,4,1,T,LHRBOM,UAE,1,0,0,13.94,0
2,Mobile,RoundTrip,267,8,8,F,LTNPRG,India,0,0,1,2.78,0
1,Internet,RoundTrip,146,12,13,S,LTNPRG,UAE,0,1,1,2.84,1
2,Internet,RoundTrip,166,14,5,W,LHRBOM,USA,1,0,0,3.12,0
4,Mobile,RoundTrip,347,3,4,S,LTNPRG,France,1,0,0,7.9,0
2,Internet,RoundTrip,141,20,11,T,LTNPRG,India,0,0,0,9.16,0
4,Mobile,RoundTrip,97,19,0,S,CDGSYD,France,0,0,1,3.97,1
3,Internet,RoundTrip,8,1,17,S,JFKDXB,USA,0,0,0,11.76,0
3,Internet,OneWay,8,12,15,S,JFKDXB,USA,0,1,1,3.6,1
4,Internet,RoundTrip,280,3,22,T,AUHBOM,United Kingdom,1,1,1,14.19,1
3,Internet,RoundTrip,85,7,3,S,LHRBOM,UAE,0,1,0,7.65,1
3,Internet,RoundTrip,270,18,18,W,LTNPRG,India,1,0,0,9.06,0
1,Internet,RoundTrip,17,14,2,T,LTNPRG,France,0,0,0,11.96,0
3,Mobile,OneWay,290,8,17,W,LHRBOM,France,1,1,0,12.79,1
3,Mobile,RoundTrip,149,1,5,T,AUHBOM,India,0,1,1,12.36,0
1,Internet,RoundTrip,297,17,18,W,LTNPRG,France,0,1,1,6.37,1
3,Internet,RoundTrip,303,6,3,W,AUHBOM,UAE,1,0,0,11.68,0
3,Internet,OneWay,208,13,18,S,LHRBOM,United Kingdom,1,1,1,3.13,0
2,Internet,RoundTrip,355,5,14,T,CDGSYD,France,1,1,0,10.17,0
1,Internet,OneWay,345,16,1,S,LHRBOM,USA,1,1,1,6.63,1
1,Mobile,RoundTrip,255,7,6,S,LHRBOM,India,1,1,0,2.22,0
1,Mobile,RoundTrip,180,15,10,S,JFKDXB,UAE,1,1,1,12.29,1
1,Internet,OneWay,338,2,15,T,JFKDXB,United Kingdom,1,0,0,13.43,1
1,Mobile,RoundTrip,353,13,16,F,CDGSYD,United Kingdom,0,1,1,3.65,0
3,Internet,RoundTrip,149,20,12,S,LTNPRG,USA,1,1,0,4.14,0
2,Internet,RoundTrip,119,10,15,F,CDGSYD,USA,0,1,1,3.67,1
1,Internet,RoundTrip,111,10,8,W,AUHBOM,France,0,1,1,15.0,0
1,Internet,RoundTrip,341,14,7,F,LHRBOM,United Kingdom,1,0,0,2.73,0
3,Internet,RoundTrip,57,18,4,F,LHRBOM,France,1,1,1,11.04,0
4,Mobile,RoundTrip,2,17,15,F,AUHBOM,India,0,1,0,2.52,1
4,Internet,OneWay,183,2,15,F,LTNPRG,United Kingdom,0,1,0,10.44,1
4,Internet,RoundTrip,347,6,21,T,CDGSYD,France,1,1,0,14.6,1
2,Internet,RoundTrip,120,17,12,T,CDGSYD,UAE,1,0,1,4.24,1
3,Mobile,RoundTrip,184,20,14,W,JFKDXB,UAE,1,1,1,10.97,1
1,Internet,OneWay,40,14,16,S,AUHBOM,USA,0,0,0,11.13,0
1,Mobile,RoundTrip,299,1,20,S,LHRBOM,India,1,1,1,6.25,1
1,Mobile,RoundTrip,340,14,11,F,JFKDXB,USA,1,0,0,13.49,0
1,Internet,RoundTrip,231,19,17,S,JFKDXB,India,1,1,1,11.06,0
2,Internet,OneWay,46,17,18,T,CDGSYD,France,1,0,1,4.78,1
1,Internet,RoundTrip,36,15,13,S,AUHBOM,UAE,0,1,1,3.85,1
4,Mobile,RoundTrip,270,11,12,W,AUHBOM,India,1,0,0,12.96,1
3,Internet,RoundTrip,47,19,15,F,AUHBOM,United Kingdom,1,0,0,2.45,1
3,Internet,OneWay,25,13,18,F,LTNPRG,UAE,0,0,1,13.29,0
1,Internet,RoundTrip,325,11,12,S,CDGSYD,France,0,0,0,3.21,0
4,Internet,RoundTrip,192,18,12,S,AUHBOM,India,1,1,1,13.33,0
1,Mobile,RoundTrip,217,1,5,F,JFKDXB,USA,0,1,0,5.31,1
4,Mobile,RoundTrip,246,3,22,W,LHRBOM,UAE,0,0,1,12.5,1
3,Internet,RoundTrip,126,17,1,S,LTNPRG,United Kingdom,1,1,0,14.99,1
1,Internet,RoundTrip,86,2,19,S,CDGSYD,USA,0,1,0,5.65,1
1,Internet,OneWay,189,18,8,M,LHRBOM,UAE,1,1,1,13.0,0
3,Mobile,RoundTrip,28,20,5,T,LTNPRG,India,0,0,1,12.24,1
4,Internet,RoundTrip,108,6,5,T,LTNPRG,USA,1,1,1,12.24,0
2,Mobile,RoundTrip,216,18,16,W,JFKDXB,India,0,1,1,6.25,1
1,Internet,RoundTrip,344,11,6,F,CDGSYD,United Kingdom,1,0,1,12.75,0
2,Internet,RoundTrip,220,11,3,M,LHRBOM,USA,1,0,1,14.3,1
2,Mobile,RoundTrip,274,19,10,T,LHRBOM,India,1,0,0,2.16,1
2,Internet,RoundTrip,114,16,20,T,JFKDXB,UAE,0,1,1,12.49,0
4,Internet,OneWay,21,18,19,T,CDGSYD,USA,0,0,0,3.11,1
2,Internet,OneWay,137,18,7,T,LHRBOM,France,1,0,0,4.68,0
1,Internet,OneWay,252,15,14,T,JFKDXB,UAE,1,1,1,6.96,1
3,Mobile,RoundTrip,17,10,10,F,LTNPRG,United Kingdom,1,0,1,14.83,1
3,Mobile,OneWay,316,4,9,W,AUHBOM,France,1,1,0,11.43,0
3,Mobile,RoundTrip,108,2,0,S,CDGSYD,UAE,1,1,0,14.88,1
3,Internet,RoundTrip,251,6,3,W,JFKDXB,UAE,1,0,0,7.07,0
2,Internet,RoundTrip,322,10,19,S,JFKDXB,United Kingdom,1,0,1,11.4,1
2,Mobile,RoundTrip,223,3,22,T,AUHBOM,United Kingdom,0,0,0,10.7,0
1,Internet,OneWay,63,8,21,W,CDGSYD,India,0,0,1,2.06,1
1,Mobile,RoundTrip,94,16,21,M,LTNPRG,USA,0,1,1,3.21,0
3,Internet,RoundTrip,171,1,10,S,LTNPRG,France,0,0,0,2.17,1
2,Internet,RoundTrip,357,7,1,T,LHRBOM,India,0,0,1,8.11,1
3,Internet,RoundTrip,247,20,4,S,CDGSYD,France,0,0,1,9.5,1
4,Internet,OneWay,225,7,18,S,LTNPRG,France,1,1,0,2.54,0
3,Internet,RoundTrip,293,15,15,T,LTNPRG,India,0,0,1,5.22,1
1,Internet,RoundTrip,52,13,22,T,CDGSYD,India,1,0,1,12.21,1
1,Mobile,RoundTrip,30,16,6,W,LTNPRG,India,0,0,1,3.59,1
1,Internet,OneWay,213,15,9,M,LHRBOM,USA,0,1,0,10.92,1
2,Internet,RoundTrip,216,12,22,T,JFKDXB,United Kingdom,1,0,1,7.89,1
1,Internet,RoundTrip,94,20,21,W,AUHBOM,France,0,1,1,3.05,0
4,Mobile,OneWay,229,6,7,T,CDGSYD,India,1,0,1,11.56,0
2,Internet,RoundTrip,56,6,22,S,LTNPRG,United Kingdom,0,0,1,13.02,0
3,Mobile,RoundTrip,72,12,13,S,LTNPRG,UAE,1,1,1,8.92,0
1,Mobile,RoundTrip,326,15,22,T,LHRBOM,India,0,0,1,9.08,1
1,Internet,RoundTrip,12,14,1,T,CDGSYD,United Kingdom,1,1,1,2.72,0
1,Internet,OneWay,204,20,13,S,LHRBOM,USA,0,1,0,14.38,0
2,Mobile,OneWay,308,12,22,T,JFKDXB,France,1,1,1,13.42,0
2,Internet,RoundTrip,260,16,22,T,LTNPRG,India,0,1,1,14.91,1
2,Mobile,RoundTrip,161,3,13,S,AUHBOM,USA,1,0,1,11.61,1
4,Internet,OneWay,115,1,0,W,AUHBOM,United Kingdom,0,0,0,10.09,0
3,Internet,RoundTrip,23,17,22,S,JFKDXB,France,0,1,1,13.36,0
3,Internet,RoundTrip,46,9,3,T,LHRBOM,India,1,0,1,14.19,1
1,Internet,OneWay,211,6,6,T,LTNPRG,India,1,1,1,13.96,0
2,Mobile,RoundTrip,193,16,20,T,JFKDXB,UAE,1,1,0,2.47,1
3,Internet,RoundTrip,138,8,12,F,CDGSYD,India,0,1,1,12.05,1
3,Mobile,OneWay,107,1,5,T,CDGSYD,United Kingdom,0,1,0,6.82,0
4,Internet,RoundTrip,30,12,0,T,JFKDXB,India,0,1,0,12.57,1
2,Mobile,RoundTrip,45,3,4,F,JFKDXB,UAE,0,1,1,2.78,1
2,Mobile,RoundTrip,105,20,17,T,LHRBOM,France,1,0,1,8.79,0
4,Internet,RoundTrip,337,7,16,S,LHRBOM,United Kingdom,1,1,0,14.74,1
2,Internet,RoundTrip,119,7,3,T,CDGSYD,UAE,1,1,1,9.83,1
3,Mobile,OneWay,43,17,20,S,LHRBOM,USA,0,1,0,2.72,0
1,Mobile,OneWay,210,1,9,S,CDGSYD,United Kingdom,0,0,1,14.48,0
1,Internet,RoundTrip,47,14,16,F,JFKDXB,USA,0,0,1,5.67,1
1,Internet,RoundTrip,147,20,15,M,JFKDXB,USA,1,0,1,14.08,1
2,Mobile,RoundTrip,265,1,2,S,AUHBOM,India,1,0,0,4.98,0
4,Internet,RoundTrip,39,20,1,M,JFKDXB,India,1,0,1,8.37,1
1,Internet,RoundTrip,336,13,14,S,AUHBOM,USA,1,0,1,3.66,1
4,Internet,RoundTrip,232,4,18,S,JFKDXB,India,0,0,1,13.45,1
4,Internet,OneWay,333,18,21,T,LTNPRG,France,0,0,0,10.63,1
1,Mobile,OneWay,266,17,18,S,JFKDXB,France,1,1,1,3.43,1
1,Internet,RoundTrip,352,20,13,F,LTNPRG,UAE,0,0,0,12.98,1
4,Mobile,OneWay,185,19,12,T,CDGSYD,France,0,1,1,14.9,1
3,Internet,RoundTrip,6,13,9,T,AUHBOM,India,0,1,0,14.38,1
1,Internet,RoundTrip,24,1,13,T,LHRBOM,UAE,1,1,1,2.56,0
4,Internet,RoundTrip,67,15,22,M,AUHBOM,France,1,1,0,12.32,0
3,Internet,OneWay,38,16,2,M,AUHBOM,USA,0,1,1,14.03,0
3,Mobile,RoundTrip,295,16,11,S,AUHBOM,USA,1,0,0,14.93,0
3,Internet,RoundTrip,344,4,10,T,CDGSYD,India,1,0,1,14.26,1
1,Mobile,RoundTrip,227,15,6,F,JFKDXB,United Kingdom,0,1,1,13.39,1
2,Internet,RoundTrip,69,17,19,T,CDGSYD,India,1,1,1,13.76,0
1,Internet,RoundTrip,357,2,12,W,JFKDXB,USA,0,1,1,4.8,1
3,Internet,RoundTrip,112,1,2,F,LHRBOM,France,0,0,1,14.43,1
4,Mobile,OneWay,322,2,16,S,CDGSYD,United Kingdom,0,0,1,12.0,0
3,Internet,RoundTrip,251,14,22,M,LHRBOM,UAE,1,0,1,5.98,1
3,Internet,RoundTrip,160,7,4,T,LHRBOM,USA,0,1,0,7.93,0
1,Internet,RoundTrip,289,17,11,M,JFKDXB,United Kingdom,0,0,0,6.14,0
3,Internet,RoundTrip,242,20,5,T,LTNPRG,France,1,1,0,11.0,0
4,Internet,RoundTrip,332,1,0,F,LTNPRG,USA,0,1,0,3.64,0
1,Internet,RoundTrip,222,15,9,M,LTNPRG,USA,0,0,1,6.01,1
1,Mobile,RoundTrip,144,16,7,T,JFKDXB,UAE,1,0,0,11.4,0
3,Internet,RoundTrip,35,2,20,T,LTNPRG,USA,1,1,0,12.26,0
1,Internet,OneWay,362,3,11,T,AUHBOM,UAE,0,1,1,8.48,1
1,Internet,RoundTrip,285,17,14,W,CDGSYD,United Kingdom,1,0,0,9.96,1
4,Mobile,RoundTrip,38,2,22,F,AUHBOM,United Kingdom,1,0,0,11.72,1
1,Internet,RoundTrip,221,4,12,S,LHRBOM,United Kingdom,0,0,0,8.16,1
2,Internet,RoundTrip,301,19,16,M,LTNPRG,France,1,0,1,10.09,0
2,Mobile,RoundTrip,255,15,12,T,LTNPRG,United Kingdom,1,1,1,3.68,1
2,Internet,RoundTrip,100,19,13,F,JFKDXB,France,1,1,0,14.41,0
2,Internet,RoundTrip,51,6,4,T,CDGSYD,India,0,1,1,4.79,0
2,Internet,RoundTrip,342,15,22,M,AUHBOM,USA,1,1,1,7.86,0
4,Internet,RoundTrip,135,13,7,S,CDGSYD,USA,1,1,1,13.82,1
1,Mobile,RoundTrip,317,18,6,T,LHRBOM,India,1,1,1,6.96,0
1,Mobile,RoundTrip,170,5,7,M,JFKDXB,France,0,1,1,4.75,1
2,Mobile,RoundTrip,278,1,8,T,LTNPRG,United Kingdom,1,0,1,13.02,0
4,Mobile,RoundTrip,89,8,8,T,JFKDXB,India,0,0,0,3.5,0
2,Mobile,RoundTrip,220,11,17,F,AUHBOM,France,0,0,0,12.65,0
1,Internet,RoundTrip,204,12,16,T,CDGSYD,USA,0,1,0,3.76,0
3,Internet,RoundTrip,79,18,13,T,CDGSYD,United Kingdom,0,0,0,2.35,0
3,Internet,RoundTrip,248,14,6,S,AUHBOM,UAE,1,0,1,4.71,1
2,Mobile,RoundTrip,169,18,5,S,JFKDXB,USA,0,0,1,6.25,1
1,Mobile,RoundTrip,238,15,15,W,CDGSYD,USA,1,0,1,7.27,1
4,Mobile,OneWay,13,8,17,S,CDGSYD,India,1,1,1,12.4,1
4,Internet,RoundTrip,45,17,9,W,CDGSYD,United Kingdom,0,0,0,13.34,1
4,Internet,RoundTrip,259,7,6,T,AUHBOM,UAE,1,1,1,6.6,1
4,Mobile,RoundTrip,363,17,10,T,AUHBOM,India,0,1,1,4.18,0
2,Internet,RoundTrip,43,14,12,T,CDGSYD,India,0,0,0,7.1,0
2,Internet,OneWay,10,5,1,F,AUHBOM,India,0,1,1,12.05,0
4,Internet,OneWay,95,2,19,M,CDGSYD,India,0,1,0,14.48,1
2,Internet,RoundTrip,16,18,16,F,JFKDXB,India,1,1,0,5.89,0
4,Internet,RoundTrip,90,16,6,S,LTNPRG,USA,0,0,0,2.43,0
3,Mobile,OneWay,252,2,19,W,AUHBOM,USA,1,0,0,13.42,0
4,Mobile,RoundTrip,287,5,17,M,LHRBOM,USA,1,0,1,6.31,0
1,Internet,OneWay,230,10,11,F,LHRBOM,UAE,0,1,0,10.36,1
3,Internet,RoundTrip,146,11,19,W,CDGSYD,United Kingdom,0,0,1,3.84,1
4,Mobile,RoundTrip,57,8,4,S,LTNPRG,France,1,0,0,7.91,0
1,Internet,RoundTrip,195,4,7,W,LHRBOM,France,1,1,0,7.59,1
3,Internet,RoundTrip,352,14,22,M,CDGSYD,UAE,0,1,1,9.87,1
1,Internet,RoundTrip,76,15,4,T,LHRBOM,USA,0,1,1,10.03,0
4,Internet,RoundTrip,198,13,19,S,CDGSYD,UAE,0,0,0,7.95,0
4,Internet,OneWay,122,20,19,M,LHRBOM,USA,1,1,1,14.7,0
1,Mobile,RoundTrip,131,8,8,S,JFKDXB,United Kingdom,1,0,1,14.61,0
3,Internet,RoundTrip,187,11,10,T,CDGSYD,UAE,1,0,0,4.71,0
2,Internet,RoundTrip,62,7,21,T,LHRBOM,India,1,0,0,7.81,0
4,Internet,RoundTrip,71,20,7,S,AUHBOM,USA,0,1,0,7.86,0
2,Mobile,RoundTrip,15,9,8,S,LTNPRG,UAE,0,0,0,7.37,1
3,Internet,RoundTrip,252,9,0,T,AUHBOM,USA,1,0,1,2.44,0
1,Internet,OneWay,331,15,8,S,CDGSYD,India,0,0,1,9.82,1
1,Internet,OneWay,164,6,4,S,CDGSYD,UAE,1,1,0,5.61,1
4,Mobile,OneWay,226,8,4,M,JFKDXB,France,1,0,1,2.15,0
2,Mobile,RoundTrip,359,17,11,W,AUHBOM,United Kingdom,1,1,0,10.83,1
4,Internet,RoundTrip,277,1,17,T,CDGSYD,USA,0,1,1,13.25,0
4,Internet,RoundTrip,90,1,19,M,LHRBOM,India,1,0,1,2.44,0
4,Internet,RoundTrip,283,18,8,S,JFKDXB,USA,1,0,0,12.75,1
1,Mobile,RoundTrip,145,6,11,S,LHRBOM,USA,1,0,0,9.96,1
1,Mobile,OneWay,350,16,1,S,LHRBOM,France,0,0,1,6.34,1
3,Mobile,OneWay,337,14,6,F,JFKDXB,UAE,1,0,1,9.65,0
4,Internet,RoundTrip,16,4,7,S,JFKDXB,India,1,1,1,8.63,0
4,Internet,RoundTrip,323,4,21,F,LTNPRG,France,1,0,0,10.39,0
3,Internet,RoundTrip,88,20,19,M,CDGSYD,India,0,1,0,8.75,0
1,Mobile,RoundTrip,177,18,8,T,JFKDXB,France,1,0,0,7.62,1
3,Internet,RoundTrip,273,6,3,S,LHRBOM,France,1,1,0,2.31,0
2,Internet,RoundTrip,45,10,3,F,JFKDXB,USA,1,0,1,6.6,0
4,Mobile,OneWay,6,18,11,W,AUHBOM,France,0,0,0,6.19,0
3,Internet,RoundTrip,149,5,21,S,LHRBOM,United Kingdom,0,0,1,4.61,1
1,Mobile,RoundTrip,212,14,13,T,JFKDXB,USA,1,1,0,5.73,1
4,Internet,RoundTrip,214,8,9,S,AUHBOM,India,0,0,0,14.59,1
4,Internet,OneWay,347,18,19,T,AUHBOM,India,1,0,1,4.86,1
3,Internet,RoundTrip,93,6,11,F,CDGSYD,France,1,1,0,3.28,1
4,Internet,OneWay,260,9,5,S,LTNPRG,UAE,1,1,1,13.27,0
1,Mobile,RoundTrip,70,15,19,T,AUHBOM,UAE,0,1,1,8.69,0
2,Internet,OneWay,164,14,20,S,LTNPRG,United Kingdom,0,1,1,13.96,0
1,Internet,OneWay,194,3,6,S,LTNPRG,United Kingdom,1,1,1,2.48,1
2,Internet,OneWay,157,2,22,M,JFKDXB,United Kingdom,1,0,0,9.11,1
2,Mobile,RoundTrip,65,18,12,M,LTNPRG,India,1,1,0,6.0,0
2,Mobile,RoundTrip,70,16,5,M,LTNPRG,UAE,0,0,0,6.65,1
2,Mobile,RoundTrip,319,3,19,W,LTNPRG,UAE,1,0,1,11.65,0
3,Internet,RoundTrip,346,13,3,S,JFKDXB,France,1,0,1,11.66,0
1,Internet,RoundTrip,28,6,5,S,LHRBOM,USA,0,0,0,8.17,1
2,Internet,RoundTrip,85,9,8,S,LTNPRG,United Kingdom,0,0,1,2.45,1
4,Internet,RoundTrip,360,13,20,W,LTNPRG,France,0,0,0,14.15,0
3,Internet,RoundTrip,43,13,21,M,LHRBOM,USA,1,0,0,2.11,0
1,Internet,RoundTrip,196,8,4,M,LTNPRG,India,1,1,0,8.86,1
2,Internet,RoundTrip,106,17,0,M,LHRBOM,UAE,1,1,0,4.62,0
4,Mobile,RoundTrip,359,11,19,M,LTNPRG,USA,1,1,1,8.44,1
1,Internet,RoundTrip,272,17,12,S,CDGSYD,India,1,1,0,3.02,0
4,Mobile,OneWay,274,12,9,T,CDGSYD,USA,1,1,1,2.29,1
2,Mobile,RoundTrip,24,8,0,W,AUHBOM,India,1,0,1,12.99,0
3,Internet,OneWay,56,6,12,S,AUHBOM,USA,1,0,0,4.83,0
2,Internet,OneWay,290,1,3,T,CDGSYD,USA,1,0,0,5.32,1
3,Mobile,RoundTrip,83,11,12,S,LTNPRG,United Kingdom,0,0,1,2.24,0
4,Internet,RoundTrip,159,12,3,T,LHRBOM,United Kingdom,0,1,1,12.53,0
1,Internet,RoundTrip,39,19,4,S,LTNPRG,USA,0,0,1,9.32,1
2,Internet,OneWay,9,6,2,W,CDGSYD,UAE,1,0,1,12.53,1
3,Mobile,RoundTrip,266,1,3,S,JFKDXB,USA,0,0,0,7.75,1
2,Mobile,RoundTrip,65,18,16,S,LHRBOM,UAE,0,1,0,10.33,1
2,Mobile,RoundTrip,62,12,16,W,CDGSYD,United Kingdom,1,0,0,8.86,1
4,Internet,RoundTrip,307,1,10,F,LHRBOM,India,1,1,1,12.09,0
1,Internet,RoundTrip,261,7,18,S,JFKDXB,France,1,1,1,6.44,0
1,Mobile,RoundTrip,78,20,22,S,LHRBOM,France,0,1,0,3.51,1
3,Mobile,OneWay,313,18,3,W,JFKDXB,India,1,1,0,5.04,1
1,Internet,RoundTrip,354,12,5,S,JFKDXB,USA,0,0,1,9.24,0
1,Mobile,RoundTrip,150,2,17,S,LTNPRG,USA,1,0,0,5.61,1
4,Mobile,RoundTrip,166,14,13,T,LTNPRG,India,0,1,0,4.16,1
2,Internet,RoundTrip,241,2,7,F,LHRBOM,USA,1,1,0,13.53,0
1,Internet,RoundTrip,54,8,13,T,CDGSYD,France,0,1,1,6.19,1
3,Internet,RoundTrip,326,9,13,S,LTNPRG,USA,0,0,1,2.46,0
2,Mobile,OneWay,46,16,13,M,LHRBOM,India,0,0,1,9.48,0
2,Internet,RoundTrip,275,14,12,S,CDGSYD,United Kingdom,0,0,0,11.66,1
2,Internet,RoundTrip,211,10,0,S,AUHBOM,USA,1,1,0,4.22,0
1,Internet,OneWay,48,1,17,M,AUHBOM,USA,1,1,1,8.48,1
4,Mobile,RoundTrip,161,1,4,T,LHRBOM,India,0,0,1,3.37,0
1,Mobile,RoundTrip,107,17,12,F,AUHBOM,UAE,0,1,1,4.52,0
2,Mobile,RoundTrip,342,14,12,S,AUHBOM,India,0,1,1,5.36,0
2,Internet,OneWay,195,7,2,M,JFKDXB,UAE,1,1,0,12.34,0
3,Internet,RoundTrip,134,16,6,T,LHRBOM,United Kingdom,1,0,0,4.36,0
3,Internet,RoundTrip,97,19,6,T,AUHBOM,United Kingdom,1,0,0,3.21,1
2,Internet,RoundTrip,52,1,4,F,CDGSYD,UAE,0,1,0,6.82,1
3,Internet,OneWay,185,19,9,T,LHRBOM,India,1,0,1,14.78,0
1,Mobile,OneWay,186,5,6,S,LHRBOM,United Kingdom,0,1,0,9.01,1
1,Internet,RoundTrip,347,16,13,T,JFKDXB,USA,1,1,1,8.85,0
4,Internet,RoundTrip,236,12,1,W,LHRBOM,United Kingdom,0,0,0,12.32,0
3,Internet,RoundTrip,165,15,3,S,LTNPRG,UAE,1,0,1,8.11,1
3,Mobile,RoundTrip,136,3,11,T,AUHBOM,France,1,1,1,11.36,1
4,Internet,RoundTrip,96,13,7,W,LHRBOM,United Kingdom,1,1,0,2.86,1
4,Internet,RoundTrip,236,20,9,T,JFKDXB,UAE,1,1,1,5.6,0
3,Internet,RoundTrip,54,16,1,T,AUHBOM,France,0,0,0,7.53,0
4,Internet,OneWay,3,16,5,S,AUHBOM,United Kingdom,1,0,1,6.32,1
3,Internet,RoundTrip,328,4,7,W,AUHBOM,UAE,0,0,1,2.43,1
1,Internet,RoundTrip,13,6,0,W,AUHBOM,India,0,1,1,8.43,1
3,Mobile,RoundTrip,84,17,11,T,LHRBOM,UAE,1,1,0,5.45,1
4,Internet,RoundTrip,204,9,1,W,CDGSYD,India,0,1,0,7.81,0
4,Internet,RoundTrip,71,12,21,T,CDGSYD,France,1,0,1,13.23,0
3,Internet,RoundTrip,244,4,0,M,CDGSYD,India,0,1,1,3.53,0
4,Internet,RoundTrip,201,16,4,F,JFKDXB,India,0,1,1,8.54,1
1,Internet,RoundTrip,28,9,11,W,JFKDXB,UAE,0,1,0,6.82,1
1,Internet,OneWay,169,10,0,F,CDGSYD,UAE,1,0,1,5.98,0
2,Mobile,RoundTrip,303,20,14,T,LTNPRG,India,0,0,1,7.12,1
1,Mobile,RoundTrip,141,13,8,T,LTNPRG,United Kingdom,1,1,0,3.56,0
4,Mobile,RoundTrip,247,9,0,T,CDGSYD,United Kingdom,1,0,1,9.41,1
1,Internet,RoundTrip,211,7,13,T,LHRBOM,USA,1,1,0,7.76,0
3,Mobile,OneWay,168,13,1,S,AUHBOM,India,0,1,1,13.58,0
4,Mobile,RoundTrip,208,9,13,T,CDGSYD,USA,1,1,1,2.68,1
1,Internet,RoundTrip,178,5,15,M,JFKDXB,France,0,0,0,11.1,1
1,Internet,RoundTrip,25,8,7,S,JFKDXB,UAE,1,1,0,2.49,1
3,Mobile,RoundTrip,159,6,13,S,JFKDXB,UAE,1,1,0,8.06,0
4,Mobile,RoundTrip,152,15,0,W,LTNPRG,USA,0,0,1,6.55,0
1,Internet,OneWay,284,11,20,T,JFKDXB,USA,0,0,1,4.82,1
1,Internet,RoundTrip,263,5,21,W,AUHBOM,United Kingdom,0,1,1,14.81,0
4,Internet,RoundTrip,209,3,3,S,AUHBOM,India,1,1,1,8.8,1
3,Internet,RoundTrip,139,19,11,T,JFKDXB,UAE,0,1,0,13.88,1
3,Mobile,OneWay,230,18,9,T,LHRBOM,India,0,0,0,9.21,0
2,Internet,RoundTrip,364,17,17,T,LTNPRG,France,1,1,0,14.51,0
2,Mobile,RoundTrip,305,15,4,S,LTNPRG,United Kingdom,1,1,0,14.37,0
2,Mobile,RoundTrip,86,18,9,T,LHRBOM,France,0,0,1,2.89,0
1,Internet,RoundTrip,103,13,8,F,LHRBOM,UAE,1,1,0,5.56,1
2,Mobile,RoundTrip,181,19,19,F,CDGSYD,USA,1,1,1,13.82,1
4,Mobile,RoundTrip,241,19,11,T,JFKDXB,United Kingdom,0,1,0,6.2,1
3,Internet,RoundTrip,246,9,18,T,JFKDXB,USA,0,0,0,8.31,1
4,Internet,OneWay,286,5,1,W,CDGSYD,France,0,1,1,4.85,0
2,Mobile,RoundTrip,200,18,2,F,AUHBOM,USA,1,1,0,12.85,1
4,Internet,OneWay,301,17,21,S,CDGSYD,France,1,1,1,6.42,1
2,Internet,RoundTrip,15,9,1,W,JFKDXB,United Kingdom,0,1,0,9.64,1
3,Internet,RoundTrip,80,19,15,T,LHRBOM,France,1,0,1,8.35,0
3,Internet,RoundTrip,187,3,3,W,LHRBOM,India,0,1,1,10.36,1
4,Internet,RoundTrip,191,17,11,S,JFKDXB,UAE,1,0,0,10.49,0
4,Internet,RoundTrip,352,1,18,T,LTNPRG,USA,1,0,0,4.49,1
1,Internet,OneWay,241,3,10,F,AUHBOM,India,0,0,1,5.13,0
4,Internet,RoundTrip,149,2,6,T,LTNPRG,USA,0,0,0,6.15,0
3,Mobile,OneWay,214,2,3,F,LTNPRG,USA,0,0,0,12.32,1
3,Internet,RoundTrip,43,4,9,W,LTNPRG,USA,0,0,1,7.38,0
1,Mobile,RoundTrip,143,8,21,S,LTNPRG,France,1,1,0,10.15,0
2,Mobile,RoundTrip,8,8,13,T,JFKDXB,UAE,1,1,0,6.78,1
4,Internet,RoundTrip,55,9,10,T,LTNPRG,UAE,0,0,1,2.02,1
4,Internet,RoundTrip,151,20,14,F,CDGSYD,India,0,0,0,9.03,1
1,Internet,RoundTrip,2,11,12,M,AUHBOM,UAE,0,1,0,6.68,0
2,Mobile,OneWay,68,5,9,S,AUHBOM,France,1,0,1,12.85,1
4,Internet,RoundTrip,326,3,3,W,LHRBOM,France,1,0,0,12.82,1
4,Internet,RoundTrip,304,19,10,S,AUHBOM,India,1,0,1,10.49,1
2,Internet,RoundTrip,207,6,6,S,LHRBOM,USA,1,1,0,3.3,0
4,Internet,RoundTrip,347,17,7,T,CDGSYD,India,0,1,0,10.45,0
4,Mobile,RoundTrip,12,16,6,M,JFKDXB,France,0,1,1,7.8,1
1,Mobile,RoundTrip,343,18,2,M,LHRBOM,United Kingdom,0,0,1,14.36,0
1,Internet,RoundTrip,181,3,11,W,LTNPRG,France,1,1,0,8.72,1
1,Internet,OneWay,137,16,3,T,JFKDXB,India,0,0,1,5.42,0
1,Internet,OneWay,288,16,9,F,LTNPRG,France,1,0,0,9.82,1
3,Internet,RoundTrip,166,20,20,M,JFKDXB,USA,1,0,0,9.11,1
2,Internet,RoundTrip,219,15,19,F,CDGSYD,USA,1,0,1,6.72,0
3,Internet,RoundTrip,115,3,22,T,LHRBOM,UAE,0,1,1,11.03,1
1,Mobile,RoundTrip,191,10,3,M,AUHBOM,USA,1,1,0,8.5,0
3,Internet,RoundTrip,47,10,18,M,CDGSYD,USA,0,0,0,7.88,0
3,Mobile,RoundTrip,79,10,18,S,AUHBOM,USA,1,0,0,14.58,0
4,Internet,OneWay,204,7,7,S,LHRBOM,France,1,0,0,8.93,0
2,Internet,RoundTrip,344,17,8,S,CDGSYD,United Kingdom,0,1,0,8.44,0
3,Internet,RoundTrip,68,6,4,T,CDGSYD,UAE,1,1,0,12.57,0
2,Internet,RoundTrip,211,9,22,F,LTNPRG,India,0,0,1,11.69,0
2,Internet,RoundTrip,22,9,11,M,LTNPRG,USA,1,0,1,3.77,0
3,Mobile,RoundTrip,185,13,6,M,LHRBOM,India,0,1,0,8.62,1
3,Mobile,RoundTrip,310,10,2,F,LTNPRG,UAE,0,0,1,6.21,0
4,Mobile,RoundTrip,124,20,11,T,AUHBOM,United Kingdom,1,0,0,10.36,0
1,Internet,RoundTrip,291,20,21,S,AUHBOM,UAE,1,1,1,6.84,0
1,Internet,RoundTrip,144,10,8,T,LTNPRG,USA,0,0,1,10.29,0
3,Internet,RoundTrip,338,6,17,M,JFKDXB,India,1,0,1,8.34,1
3,Mobile,OneWay,229,16,7,F,JFKDXB,United Kingdom,1,1,1,8.3,1
4,Mobile,OneWay,120,19,22,M,AUHBOM,UAE,1,0,0,14.44,0
3,Internet,RoundTrip,97,18,14,S,AUHBOM,UAE,0,1,1,13.83,0
1,Mobile,OneWay,317,4,19,T,JFKDXB,USA,1,0,1,14.8,0
2,Internet,RoundTrip,176,2,13,T,CDGSYD,France,1,1,1,10.41,1
4,Internet,RoundTrip,146,14,9,M,LTNPRG,USA,1,1,0,11.26,0
4,Internet,RoundTrip,214,7,1,W,LTNPRG,France,1,1,0,4.5,0
4,Internet,RoundTrip,27,7,7,M,LHRBOM,India,1,0,1,2.89,1
2,Mobile,RoundTrip,67,1,5,M,JFKDXB,France,1,1,1,5.11,0
1,Mobile,OneWay,167,20,19,F,LTNPRG,United Kingdom,0,1,1,6.46,1
1,Internet,RoundTrip,106,1,13,T,LHRBOM,UAE,1,1,0,3.06,0
4,Internet,RoundTrip,202,13,13,T,AUHBOM,France,1,0,0,7.68,0
2,Internet,RoundTrip,127,19,22,S,LHRBOM,United Kingdom,1,0,0,7.39,0
4,Internet,OneWay,158,2,20,S,LHRBOM,France,1,1,0,9.93,1
1,Internet,RoundTrip,284,13,15,S,LTNPRG,India,0,1,0,13.39,1
2,Internet,OneWay,286,19,7,M,LHRBOM,UAE,1,0,0,13.71,1
4,Internet,RoundTrip,107,9,2,M,AUHBOM,United Kingdom,1,1,1,10.38,1
1,Internet,OneWay,129,6,12,S,JFKDXB,France,0,0,0,13.79,1
1,Internet,RoundTrip,233,15,22,S,AUHBOM,United Kingdom,1,0,0,4.88,1
2,Mobile,RoundTrip,336,19,10,M,LTNPRG,France,0,0,1,9.13,0
1,Internet,RoundTrip,199,12,22,M,CDGSYD,France,0,0,1,13.6,1
3,Internet,RoundTrip,27,1,4,W,CDGSYD,UAE,0,1,0,14.17,0
1,Internet,RoundTrip,217,14,1,T,JFKDXB,USA,0,0,1,14.94,1
1,Mobile,RoundTrip,263,5,12,M,LTNPRG,India,1,0,0,12.52,1
3,Internet,RoundTrip,341,20,8,T,CDGSYD,India,0,1,1,2.88,0
2,Internet,RoundTrip,339,6,1,T,CDGSYD,United Kingdom,1,0,0,12.24,1
3,Mobile,RoundTrip,252,13,21,S,JFKDXB,India,0,0,0,3.54,0
4,Mobile,RoundTrip,202,14,8,S,LHRBOM,India,1,1,0,12.54,1
4,Internet,OneWay,61,9,5,T,AUHBOM,India,0,1,0,4.12,0
3,Internet,OneWay,320,16,12,M,AUHBOM,UAE,0,0,0,11.55,1
4,Mobile,RoundTrip,174,18,19,T,JFKDXB,India,1,0,0,13.08,1
3,Internet,RoundTrip,252,13,3,T,LHRBOM,United Kingdom,1,1,1,3.79,1
1,Internet,OneWay,268,16,8,S,LHRBOM,UAE,1,0,0,2.32,1
4,Internet,OneWay,6,2,17,F,AUHBOM,India,0,0,1,11.91,0
3,Internet,OneWay,136,5,15,W,LHRBOM,USA,1,1,0,9.43,1
1,Internet,RoundTrip,245,9,4,M,LTNPRG,United Kingdom,1,0,0,6.53,0
3,Internet,RoundTrip,173,3,0,S,LTNPRG,USA,1,1,1,7.02,1
1,Internet,OneWay,239,10,16,F,CDGSYD,UAE,1,1,1,3.18,0
3,Internet,RoundTrip,205,2,4,T,LTNPRG,UAE,1,1,1,11.83,1
3,Internet,RoundTrip,1,8,0,S,LHRBOM,France,1,0,1,13.69,1
1,Mobile,OneWay,112,2,20,S,LHRBOM,USA,0,0,0,4.22,1
2,Internet,OneWay,149,9,15,M,LTNPRG,USA,0,0,0,9.2,1
1,Internet,RoundTrip,141,9,10,M,CDGSYD,India,1,0,0,11.93,0
1,Internet,RoundTrip,15,10,9,M,LTNPRG,France,1,1,1,6.13,0
1,Internet,OneWay,7,20,20,T,AUHBOM,India,0,1,1,14.27,0
4,Internet,RoundTrip,107,12,18,W,CDGSYD,UAE,1,1,1,5.88,0
2,Internet,RoundTrip,310,3,12,S,LTNPRG,India,0,0,1,14.72,0
1,Mobile,RoundTrip,360,13,12,S,JFKDXB,India,1,0,1,3.39,0
3,Internet,RoundTrip,305,20,12,S,AUHBOM,USA,0,0,0,2.73,1
3,Mobile,RoundTrip,343,5,8,S,LTNPRG,UAE,0,1,0,8.36,1
1,Mobile,OneWay,338,2,11,M,JFKDXB,India,1,1,1,2.3,0
3,Internet,RoundTrip,250,19,15,S,CDGSYD,India,0,0,1,12.31,0
1,Internet,RoundTrip,45,4,14,S,LHRBOM,UAE,1,1,0,11.45,0
3,Mobile,RoundTrip,134,17,8,F,JFKDXB,USA,0,0,0,2.13,1
4,Internet,RoundTrip,268,9,19,S,LTNPRG,UAE,1,1,0,3.16,0
2,Mobile,OneWay,145,16,8,W,JFKDXB,UAE,1,1,1,7.95,0
3,Mobile,RoundTrip,98,15,16,S,LHRBOM,France,1,1,1,14.63,1
1,Internet,OneWay,14,17,9,S,LTNPRG,India,0,1,1,12.74,1
2,Mobile,OneWay,124,16,21,T,CDGSYD,India,0,0,1,6.67,0
4,Internet,RoundTrip,124,11,16,S,LHRBOM,India,1,0,1,6.08,1
1,Internet,RoundTrip,297,5,16,T,JFKDXB,United Kingdom,0,1,1,11.47,1
4,Internet,OneWay,286,20,14,T,AUHBOM,United Kingdom,1,1,1,5.95,1
1,Internet,RoundTrip,42,4,4,M,AUHBOM,India,0,1,1,11.14,0
2,Mobile,OneWay,190,8,21,S,AUHBOM,United Kingdom,0,1,0,2.55,1
1,Mobile,RoundTrip,329,6,16,S,AUHBOM,UAE,1,1,1,12.72,1
1,Internet,RoundTrip,174,9,0,S,JFKDXB,United Kingdom,0,0,1,4.41,0
2,Internet,RoundTrip,349,5,6,S,JFKDXB,USA,0,0,0,6.72,0
3,Internet,RoundTrip,34,17,3,S,JFKDXB,France,0,0,0,11.28,1
3,Internet,RoundTrip,118,9,3,T,JFKDXB,United Kingdom,1,0,1,4.84,1
2,Internet,RoundTrip,335,18,11,S,AUHBOM,France,0,1,1,14.97,1
2,Internet,RoundTrip,261,1,18,T,JFKDXB,India,1,1,1,6.47,0
1,Mobile,RoundTrip,104,9,15,S,CDGSYD,United Kingdom,1,0,0,9.33,1
3,Internet,RoundTrip,325,12,21,T,AUHBOM,UAE,1,0,1,13.18,1
1,Internet,OneWay,140,17,2,S,JFKDXB,UAE,0,0,0,14.66,1
4,Internet,OneWay,289,15,14,M,JFKDXB,UAE,0,1,1,13.76,1
1,Internet,RoundTrip,121,13,6,T,AUHBOM,UAE,1,1,0,13.87,1
3,Internet,OneWay,124,17,0,F,LHRBOM,France,0,0,0,11.46,1
2,Internet,RoundTrip,120,8,22,T,AUHBOM,India,1,0,0,3.31,1
4,Internet,RoundTrip,133,20,2,S,LHRBOM,United Kingdom,0,1,1,5.14,0
2,Mobile,RoundTrip,219,19,7,S,JFKDXB,UAE,0,1,1,10.79,0
4,Internet,OneWay,295,19,11,T,LHRBOM,UAE,0,0,0,10.49,0
4,Internet,RoundTrip,229,11,8,F,AUHBOM,France,0,1,0,10.26,0
2,Mobile,OneWay,10,2,3,S,LTNPRG,France,0,0,0,3.63,0
2,Internet,RoundTrip,218,17,5,S,CDGSYD,United Kingdom,1,0,1,5.38,0
2,Mobile,RoundTrip,158,9,15,W,AUHBOM,USA,1,1,1,10.13,0
2,Internet,RoundTrip,25,17,0,M,AUHBOM,India,1,1,1,8.09,1
2,Internet,RoundTrip,121,2,1,W,LHRBOM,UAE,1,1,0,10.25,1
1,Internet,RoundTrip,353,2,6,T,JFKDXB,UAE,0,1,1,5.24,1
2,Internet,OneWay,127,7,22,M,AUHBOM,USA,1,0,1,8.94,0
4,Mobile,RoundTrip,260,18,3,T,JFKDXB,India,0,0,1,2.35,1
4,Internet,RoundTrip,73,1,15,T,JFKDXB,United Kingdom,1,0,0,2.6,1
1,Mobile,RoundTrip,322,4,8,M,LHRBOM,UAE,0,1,0,5.95,1
3,Mobile,RoundTrip,297,10,11,S,LHRBOM,United Kingdom,0,0,0,2.16,0
1,Mobile,OneWay,59,17,5,F,JFKDXB,United Kingdom,0,0,0,7.24,0
3,Mobile,RoundTrip,252,4,21,T,JFKDXB,United Kingdom,0,0,1,6.1,0
3,Internet,RoundTrip,340,16,9,W,LHRBOM,France,1,1,0,8.48,1
4,Internet,RoundTrip,330,10,1,S,LTNPRG,UAE,0,1,1,3.22,1
3,Mobile,RoundTrip,263,15,6,T,LHRBOM,India,0,0,1,7.86,0
4,Internet,RoundTrip,266,15,7,T,CDGSYD,France,1,0,1,4.19,1
4,Internet,RoundTrip,183,19,21,S,LTNPRG,USA,0,0,1,7.67,1
3,Internet,RoundTrip,55,2,0,W,JFKDXB,France,0,0,1,4.59,1
2,Internet,RoundTrip,9,13,6,F,AUHBOM,India,0,0,1,10.61,0
2,Mobile,RoundTrip,107,10,4,T,AUHBOM,United Kingdom,0,0,1,4.54,0
2,Internet,RoundTrip,93,7,4,M,LTNPRG,United Kingdom,1,0,1,2.44,0
2,Internet,RoundTrip,333,15,22,T,LTNPRG,France,1,1,0,14.75,1
2,Mobile,RoundTrip,306,12,17,T,AUHBOM,France,0,1,0,11.04,1
2,Internet,RoundTrip,119,9,21,S,AUHBOM,USA,1,0,1,12.08,0
3,Mobile,RoundTrip,139,14,18,S,LHRBOM,UAE,0,1,0,2.66,1
2,Internet,RoundTrip,271,12,19,W,AUHBOM,United Kingdom,0,0,1,10.57,0
2,Internet,RoundTrip,247,8,12,M,LHRBOM,USA,0,1,1,8.9,0
3,Internet,OneWay,323,7,12,T,JFKDXB,UAE,0,1,1,13.96,0
2,Internet,RoundTrip,267,6,7,S,AUHBOM,France,1,0,1,11.05,1
1,Internet,RoundTrip,252,6,1,W,LHRBOM,USA,0,0,0,4.68,1
1,Internet,RoundTrip,283,10,19,F,LHRBOM,India,1,1,0,4.09,1
4,Internet,RoundTrip,326,4,8,M,LHRBOM,France,1,0,0,4.95,1
4,Internet,OneWay,140,18,15,S,JFKDXB,India,1,0,1,9.9,0
3,Internet,RoundTrip,92,12,22,S,JFKDXB,USA,0,1,0,7.78,1
1,Internet,RoundTrip,332,13,8,T,LTNPRG,UAE,1,1,0,14.44,1
3,Mobile,RoundTrip,59,12,3,F,LTNPRG,France,1,1,1,11.77,1
2,Mobile,RoundTrip,107,18,9,S,CDGSYD,United Kingdom,1,0,0,3.55,1
2,Mobile,RoundTrip,50,17,21,T,LHRBOM,UAE,1,1,0,14.36,0
4,Internet,RoundTrip,305,10,0,T,AUHBOM,United Kingdom,1,1,0,11.85,0
4,Internet,RoundTrip,334,7,5,W,LHRBOM,France,1,0,0,2.36,0
3,Internet,RoundTrip,155,19,1,S,LHRBOM,USA,1,1,0,13.73,0
3,Mobile,RoundTrip,37,12,17,W,AUHBOM,UAE,1,0,1,10.53,1
3,Mobile,RoundTrip,86,16,3,T,JFKDXB,France,1,1,0,6.79,1
4,Internet,RoundTrip,211,3,6,W,AUHBOM,USA,1,1,0,2.73,1
3,Internet,RoundTrip,126,8,5,T,AUHBOM,USA,0,0,1,12.45,0
3,Mobile,OneWay,274,6,0,T,LHRBOM,India,1,1,0,4.77,1
1,Internet,RoundTrip,292,9,21,F,CDGSYD,UAE,0,0,1,8.13,1
4,Internet,RoundTrip,159,11,8,T,AUHBOM,France,0,0,0,14.42,1
4,Internet,RoundTrip,224,20,18,W,LHRBOM,United Kingdom,1,0,1,11.88,0
2,Mobile,RoundTrip,24,3,11,T,LHRBOM,UAE,1,0,1,9.23,0
2,Internet,RoundTrip,50,20,0,W,CDGSYD,UAE,1,1,0,6.91,0
4,Internet,RoundTrip,123,17,4,T,AUHBOM,USA,0,1,1,10.58,0
4,Internet,RoundTrip,46,9,0,M,JFKDXB,France,1,1,0,9.81,1
2,Internet,RoundTrip,6,6,5,W,LHRBOM,France,0,1,0,5.19,1
1,Mobile,RoundTrip,251,17,13,S,CDGSYD,UAE,1,1,1,12.42,0
4,Mobile,RoundTrip,9,3,2,T,CDGSYD,India,1,1,0,3.55,0
3,Internet,RoundTrip,88,19,8,T,JFKDXB,India,0,0,1,4.75,1
4,Internet,RoundTrip,263,19,0,F,CDGSYD,France,0,0,1,3.87,0
3,Mobile,OneWay,76,6,18,W,JFKDXB,France,0,1,1,9.91,1
3,Mobile,RoundTrip,83,12,8,W,LTNPRG,UAE,0,1,0,2.47,0
1,Internet,RoundTrip,273,11,22,T,JFKDXB,France,0,0,0,14.44,1
3,Internet,OneWay,9,16,7,S,AUHBOM,France,0,0,1,10.12,1
2,Internet,RoundTrip,118,16,11,T,AUHBOM,UAE,1,0,0,13.71,0
1,Mobile,RoundTrip,196,20,11,M,LTNPRG,USA,0,1,1,3.6,1
4,Internet,RoundTrip,25,2,4,T,AUHBOM,France,0,0,1,4.73,1
2,Internet,RoundTrip,238,17,17,W,JFKDXB,UAE,1,1,1,11.8,0
1,Mobile,RoundTrip,155,17,20,M,JFKDXB,UAE,0,1,1,12.97,0
4,Internet,RoundTrip,114,15,19,T,JFKDXB,France,1,1,0,5.5,0
4,Mobile,RoundTrip,208,5,9,M,LTNPRG,France,1,0,0,11.4,1
2,Internet,RoundTrip,15,15,17,T,JFKDXB,France,1,1,1,12.98,1
2,Internet,RoundTrip,219,10,9,F,LTNPRG,UAE,1,1,1,5.92,1
1,Mobile,RoundTrip,169,6,3,T,LTNPRG,UAE,1,1,1,6.54,1
3,Mobile,RoundTrip,22,8,16,T,JFKDXB,United Kingdom,0,1,1,7.31,0
3,Mobile,RoundTrip,286,9,9,S,AUHBOM,USA,1,1,0,11.89,0
3,Mobile,RoundTrip,166,15,8,S,CDGSYD,France,0,1,0,6.62,0
4,Internet,OneWay,25,5,1,M,LTNPRG,France,0,0,0,3.39,1
2,Internet,OneWay,131,5,5,T,CDGSYD,India,0,1,1,9.28,0
3,Internet,RoundTrip,272,8,9,M,AUHBOM,United Kingdom,1,1,1,2.7,1
3,Mobile,RoundTrip,164,10,17,T,LTNPRG,France,0,1,0,9.26,1
4,Internet,RoundTrip,142,19,9,W,JFKDXB,France,1,0,0,5.88,1
3,Mobile,RoundTrip,16,6,4,M,LHRBOM,UAE,0,1,1,10.95,0
1,Mobile,RoundTrip,24,19,9,S,LTNPRG,USA,0,0,0,4.38,1
3,Mobile,RoundTrip,108,2,0,F,LHRBOM,UAE,0,0,0,11.72,0
4,Mobile,OneWay,99,11,10,M,CDGSYD,France,0,1,1,14.07,1
3,Internet,RoundTrip,235,17,11,W,JFKDXB,India,1,0,1,11.66,0
3,Internet,RoundTrip,172,7,16,S,JFKDXB,France,0,0,1,5.91,1
3,Mobile,RoundTrip,46,5,0,T,CDGSYD,USA,0,0,1,9.07,1
3,Internet,RoundTrip,238,13,14,T,LHRBOM,USA,0,1,1,12.9,1
2,Internet,RoundTrip,350,5,18,M,LHRBOM,United Kingdom,1,0,0,12.25,1
4,Mobile,RoundTrip,313,1,18,S,LTNPRG,India,0,0,1,2.72,1
1,Internet,OneWay,362,1,22,M,CDGSYD,USA,1,0,1,2.8,1
4,Internet,RoundTrip,175,10,15,M,LHRBOM,India,0,1,1,3.44,1
1,Internet,OneWay,132,11,21,T,CDGSYD,UAE,0,1,1,7.97,0
1,Internet,RoundTrip,21,1,7,W,JFKDXB,India,1,1,0,4.34,0
3,Mobile,RoundTrip,248,6,3,W,AUHBOM,UAE,0,1,1,11.11,0
3,Internet,OneWay,161,16,0,F,LTNPRG,France,1,1,0,13.67,0
4,Internet,RoundTrip,232,12,21,F,CDGSYD,United Kingdom,1,1,0,2.29,0
2,Internet,OneWay,110,13,2,M,LTNPRG,UAE,1,1,0,11.67,1
1,Mobile,OneWay,61,15,2,M,AUHBOM,United Kingdom,1,0,1,2.49,0
2,Mobile,RoundTrip,252,19,16,W,AUHBOM,UAE,1,1,1,3.01,0
3,Internet,RoundTrip,142,1,8,W,LHRBOM,UAE,1,0,1,7.63,0
2,Internet,RoundTrip,193,10,11,S,LHRBOM,France,0,0,1,14.99,0
2,Internet,RoundTrip,357,5,1,S,JFKDXB,USA,0,1,0,5.86,0
4,Internet,OneWay,103,14,9,T,LTNPRG,United Kingdom,0,1,1,8.66,1
3,Internet,RoundTrip,47,8,18,F,LTNPRG,India,1,1,0,14.71,1
3,Internet,RoundTrip,260,4,13,T,JFKDXB,United Kingdom,0,0,0,10.18,1
3,Internet,RoundTrip,210,18,5,S,LHRBOM,United Kingdom,1,1,1,6.73,1
2,Internet,RoundTrip,145,11,3,F,LTNPRG,India,1,0,1,6.26,0
3,Internet,OneWay,219,3,15,M,CDGSYD,India,0,0,1,5.66,1
4,Internet,RoundTrip,337,5,16,M,CDGSYD,United Kingdom,1,1,1,3.07,0
3,Internet,RoundTrip,61,15,17,W,LHRBOM,France,0,0,0,3.35,0
2,Mobile,RoundTrip,288,10,2,T,CDGSYD,France,1,1,0,11.5,0
4,Internet,RoundTrip,195,20,8,T,LTNPRG,France,1,0,1,9.23,0
1,Internet,RoundTrip,294,2,1,M,JFKDXB,France,0,1,0,3.68,1
1,Mobile,RoundTrip,334,2,18,S,JFKDXB,India,1,1,0,7.24,1
2,Internet,RoundTrip,59,14,5,F,LTNPRG,UAE,1,1,0,5.04,0
3,Mobile,OneWay,43,7,7,S,LHRBOM,India,0,0,1,7.45,0
2,Internet,RoundTrip,2,18,13,W,JFKDXB,United Kingdom,1,0,1,10.11,0
2,Mobile,RoundTrip,70,16,3,T,LHRBOM,UAE,1,0,0,3.6,0
2,Internet,RoundTrip,127,1,17,F,CDGSYD,UAE,1,0,1,11.35,1
4,Internet,RoundTrip,94,19,10,W,CDGSYD,India,0,1,0,2.51,1
2,Mobile,RoundTrip,300,20,12,F,JFKDXB,France,0,1,0,2.14,0
4,Mobile,RoundTrip,274,5,16,T,LTNPRG,USA,0,0,0,13.01,1
2,Internet,RoundTrip,129,13,15,S,JFKDXB,USA,1,0,0,11.26,0
1,Mobile,OneWay,211,13,0,S,JFKDXB,India,1,0,0,3.09,0
1,Internet,RoundTrip,114,1,2,S,LTNPRG,United Kingdom,0,0,1,2.79,0
1,Mobile,OneWay,184,15,18,F,LHRBOM,France,0,1,1,12.77,0
4,Mobile,RoundTrip,106,20,20,M,JFKDXB,United Kingdom,0,1,0,3.17,1
2,Internet,OneWay,289,9,5,S,AUHBOM,USA,1,0,1,11.68,0
3,Mobile,RoundTrip,83,20,0,W,LTNPRG,United Kingdom,0,0,1,10.11,1
4,Mobile,RoundTrip,357,14,15,F,AUHBOM,India,0,1,0,12.93,0
1,Mobile,OneWay,340,15,22,F,JFKDXB,United Kingdom,0,1,1,7.89,1
1,Internet,OneWay,72,11,2,M,JFKDXB,France,0,0,1,9.51,1
4,Mobile,OneWay,208,14,2,T,JFKDXB,India,0,0,1,3.79,0
3,Internet,OneWay,296,19,8,S,JFKDXB,France,0,1,1,13.5,1
3,Internet,RoundTrip,308,12,14,T,LTNPRG,India,0,0,0,6.69,0
2,Mobile,RoundTrip,135,11,10,T,AUHBOM,UAE,0,1,0,4.95,1
4,Internet,OneWay,200,4,10,S,JFKDXB,UAE,1,0,0,2.39,1
3,Mobile,RoundTrip,54,11,10,S,AUHBOM,USA,0,1,0,7.89,0
2,Internet,OneWay,92,18,22,T,CDGSYD,USA,0,1,1,2.02,0
3,Internet,OneWay,94,14,6,W,CDGSYD,France,0,1,0,10.03,1
1,Mobile,RoundTrip,104,15,2,T,JFKDXB,United Kingdom,0,1,0,11.6,0
1,Internet,RoundTrip,146,4,12,T,CDGSYD,India,1,1,0,3.46,1
1,Internet,RoundTrip,251,17,10,S,JFKDXB,UAE,0,0,1,8.06,1
4,Internet,OneWay,328,11,6,W,CDGSYD,France,1,0,0,7.98,0
3,Internet,RoundTrip,212,10,22,M,AUHBOM,UAE,0,0,0,3.77,1
1,Internet,RoundTrip,175,2,3,M,CDGSYD,United Kingdom,0,0,1,8.62,0
4,Internet,RoundTrip,256,18,3,T,LHRBOM,UAE,0,0,0,10.56,0
4,Mobile,OneWay,224,13,3,S,AUHBOM,France,0,0,1,11.14,0
2,Mobile,RoundTrip,163,7,21,W,LTNPRG,India,0,0,0,3.67,0
1,Mobile,RoundTrip,13,11,20,S,CDGSYD,USA,0,1,1,11.47,1
2,Internet,RoundTrip,198,19,21,S,AUHBOM,India,0,0,0,10.62,0
3,Mobile,RoundTrip,24,17,3,S,CDGSYD,United Kingdom,0,1,1,3.97,1
3,Internet,OneWay,223,6,0,W,LHRBOM,France,0,0,1,4.57,1
2,Mobile,RoundTrip,342,16,9,F,AUHBOM,United Kingdom,0,0,1,6.2,0
1,Internet,RoundTrip,291,1,10,S,LTNPRG,UAE,0,0,1,11.55,1
3,Mobile,RoundTrip,306,9,5,T,AUHBOM,USA,1,0,1,6.26,1
3,Internet,RoundTrip,169,11,14,F,JFKDXB,France,0,1,1,11.83,0
2,Internet,RoundTrip,179,14,14,T,LHRBOM,UAE,0,0,0,10.71,0
3,Mobile,OneWay,192,1,15,T,JFKDXB,France,0,1,1,11.5,0
3,Internet,RoundTrip,73,7,7,W,AUHBOM,United Kingdom,0,1,0,2.96,1
3,Mobile,RoundTrip,357,6,0,W,JFKDXB,India,0,1,0,7.75,1
1,Mobile,RoundTrip,15,8,6,W,JFKDXB,UAE,0,1,0,4.22,1
2,Internet,OneWay,361,14,3,T,CDGSYD,France,1,0,0,3.02,1
2,Internet,RoundTrip,356,2,22,W,JFKDXB,United Kingdom,1,1,1,5.82,1
4,Internet,RoundTrip,343,15,19,T,JFKDXB,India,0,0,1,10.34,1
4,Mobile,RoundTrip,3,3,22,T,JFKDXB,United Kingdom,1,1,0,11.42,0
4,Mobile,OneWay,348,11,17,T,CDGSYD,United Kingdom,0,0,1,13.78,0
2,Internet,RoundTrip,87,17,3,S,LTNPRG,India,1,0,1,11.35,1
2,Mobile,RoundTrip,95,18,10,F,CDGSYD,UAE,0,1,1,3.1,1
2,Internet,RoundTrip,249,20,15,M,JFKDXB,India,0,0,0,11.19,0
4,Internet,RoundTrip,145,9,1,M,LTNPRG,UAE,1,0,0,3.1,1
3,Mobile,OneWay,342,10,20,S,AUHBOM,India,1,0,0,12.79,1
3,Mobile,RoundTrip,181,19,19,T,JFKDXB,UAE,0,1,0,2.49,1
2,Internet,RoundTrip,43,3,22,T,JFKDXB,USA,1,0,1,9.15,1
3,Internet,OneWay,88,19,6,W,LTNPRG,France,0,1,1,12.66,0
4,Internet,RoundTrip,282,2,6,T,AUHBOM,United Kingdom,1,1,0,6.73,0
3,Internet,RoundTrip,210,2,14,F,AUHBOM,India,1,0,1,7.41,1
2,Internet,RoundTrip,121,1,18,F,LTNPRG,France,0,1,1,10.56,1
4,Mobile,RoundTrip,80,5,6,S,JFKDXB,France,1,0,1,6.19,0
4,Internet,OneWay,248,18,7,S,LTNPRG,France,0,0,1,14.3,1
4,Internet,OneWay,98,5,7,S,CDGSYD,United Kingdom,0,1,0,4.57,0
4,Mobile,RoundTrip,36,9,14,F,LTNPRG,France,1,1,1,2.49,1
2,Internet,OneWay,203,17,2,F,JFKDXB,United Kingdom,0,1,0,14.22,1
2,Internet,RoundTrip,315,18,11,T,LHRBOM,UAE,1,1,1,8.0,0
1,Mobile,RoundTrip,113,9,5,S,AUHBOM,India,0,0,1,12.52,1
2,Internet,RoundTrip,258,8,16,T,AUHBOM,France,1,1,0,10.73,1
3,Internet,OneWay,163,10,17,M,LHRBOM,India,0,0,0,12.17,0
3,Internet,RoundTrip,348,12,20,S,JFKDXB,USA,0,0,0,6.59,0
1,Internet,RoundTrip,222,7,8,W,LHRBOM,India,1,0,1,14.3,0
4,Internet,RoundTrip,183,14,2,T,JFKDXB,India,0,0,0,5.45,1
1,Internet,RoundTrip,83,17,5,F,LHRBOM,United Kingdom,0,0,0,10.11,0
1,Internet,RoundTrip,324,2,5,F,AUHBOM,France,0,0,1,8.88,1
3,Mobile,RoundTrip,17,17,0,M,LHRBOM,United Kingdom,0,1,1,2.84,0
1,Internet,OneWay,197,14,13,W,LHRBOM,UAE,1,0,1,12.58,0
4,Internet,OneWay,97,2,15,S,LHRBOM,France,0,1,0,3.19,1
1,Internet,RoundTrip,187,16,8,S,JFKDXB,India,0,0,1,12.01,0
1,Mobile,OneWay,358,10,6,F,AUHBOM,UAE,1,0,0,7.84,0
4,Internet,OneWay,35,1,12,W,LHRBOM,UAE,0,1,1,10.95,1
2,Mobile,OneWay,20,2,3,W,LHRBOM,United Kingdom,0,0,1,7.04,0
3,Internet,RoundTrip,297,2,18,T,CDGSYD,UAE,1,1,1,10.65,1
3,Mobile,OneWay,255,9,5,T,AUHBOM,France,0,0,0,10.3,1
1,Internet,RoundTrip,151,11,16,S,JFKDXB,France,1,1,0,7.19,1
3,Internet,RoundTrip,81,5,15,T,LTNPRG,USA,1,0,0,13.1,0
3,Internet,OneWay,219,20,17,T,CDGSYD,USA,1,1,1,14.29,1
1,Internet,RoundTrip,94,1,12,S,LTNPRG,UAE,1,1,1,14.31,0
4,Mobile,OneWay,237,20,3,T,AUHBOM,USA,0,1,0,12.49,0
4,Internet,RoundTrip,148,4,0,S,AUHBOM,France,1,1,0,4.29,0
4,Internet,RoundTrip,283,3,0,T,LTNPRG,UAE,1,1,0,14.54,0
1,Internet,RoundTrip,240,10,3,T,LTNPRG,India,0,1,0,9.49,0
1,Mobile,OneWay,210,16,20,M,CDGSYD,France,0,1,0,4.8,0
4,Internet,RoundTrip,36,14,2,W,CDGSYD,United Kingdom,1,1,0,9.73,0
2,Mobile,OneWay,226,16,10,T,AUHBOM,India,1,1,1,9.86,1
3,Mobile,RoundTrip,255,10,11,M,LTNPRG,USA,1,0,0,7.6,1
2,Internet,RoundTrip,190,18,14,F,LTNPRG,UAE,1,0,1,3.44,0
1,Mobile,RoundTrip,216,16,2,T,JFKDXB,United Kingdom,0,0,1,10.65,1
3,Internet,OneWay,224,1,1,M,LTNPRG,United Kingdom,1,1,1,4.2,0
1,Internet,OneWay,86,11,19,S,AUHBOM,France,0,0,0,5.4,0
1,Internet,RoundTrip,162,20,16,T,CDGSYD,UAE,0,0,1,12.26,0
3,Internet,RoundTrip,46,15,14,F,CDGSYD,France,0,1,0,10.66,1
1,Internet,RoundTrip,283,17,2,F,CDGSYD,USA,1,0,1,3.96,0
1,Internet,OneWay,54,15,16,S,LHRBOM,USA,0,1,1,9.36,0
4,Mobile,RoundTrip,296,13,18,T,LHRBOM,UAE,0,0,0,5.42,0
3,Internet,RoundTrip,232,7,19,M,JFKDXB,India,0,1,0,11.38,1
3,Internet,RoundTrip,189,2,1,T,AUHBOM,UAE,0,0,1,6.55,1
1,Internet,OneWay,184,7,12,F,LHRBOM,UAE,0,0,0,4.59,0
1,Internet,RoundTrip,54,5,1,F,LTNPRG,UAE,1,0,0,6.41,1
2,Mobile,RoundTrip,238,15,7,W,LTNPRG,UAE,0,0,0,13.42,1
2,Internet,RoundTrip,136,7,7,S,LTNPRG,UAE,0,1,1,2.62,1
2,Internet,RoundTrip,286,8,3,F,AUHBOM,UAE,1,0,0,11.51,1
1,Internet,RoundTrip,306,18,4,W,LTNPRG,India,0,1,0,14.13,1
4,Mobile,OneWay,334,4,21,S,AUHBOM,India,0,1,1,5.34,0
2,Internet,RoundTrip,334,16,22,T,AUHBOM,France,0,0,1,4.11,1
4,Mobile,RoundTrip,278,8,11,M,LTNPRG,United Kingdom,1,1,0,14.2,1
2,Internet,RoundTrip,98,19,10,S,LTNPRG,France,1,1,0,7.29,0
2,Internet,RoundTrip,100,20,22,T,AUHBOM,France,1,1,1,4.68,1
1,Internet,RoundTrip,343,9,10,S,CDGSYD,France,1,1,1,6.1,1
3,Internet,OneWay,351,16,9,S,AUHBOM,France,0,1,0,8.73,1
1,Internet,RoundTrip,101,19,1,S,AUHBOM,USA,1,1,0,7.43,1
3,Internet,OneWay,236,13,3,S,LTNPRG,India,1,0,1,8.89,0
4,Internet,RoundTrip,335,18,11,M,LTNPRG,France,1,0,0,7.04,1
2,Internet,OneWay,309,14,7,T,CDGSYD,France,1,1,0,8.9,1
4,Internet,OneWay,341,1,1,S,LTNPRG,UAE,1,0,0,13.74,0
3,Internet,RoundTrip,128,13,16,S,AUHBOM,UAE,1,1,1,12.65,0
1,Internet,RoundTrip,184,5,14,S,AUHBOM,United Kingdom,1,0,0,9.74,0
1,Internet,OneWay,218,12,1,S,LHRBOM,USA,1,0,0,7.48,0
3,Internet,OneWay,347,16,22,W,JFKDXB,France,0,1,1,13.03,0
3,Mobile,RoundTrip,358,4,5,S,AUHBOM,France,1,1,0,6.61,1
1,Internet,OneWay,200,14,7,F,LHRBOM,France,0,0,1,13.44,0
3,Internet,OneWay,311,11,4,F,JFKDXB,France,0,1,1,4.45,1
4,Internet,RoundTrip,138,5,18,T,LHRBOM,UAE,1,0,0,5.51,1
1,Mobile,RoundTrip,220,16,21,M,JFKDXB,France,0,0,0,9.81,1
4,Internet,RoundTrip,295,16,22,W,CDGSYD,UAE,0,1,0,11.08,0
3,Internet,RoundTrip,323,1,2,T,AUHBOM,India,1,1,1,13.96,1
3,Internet,OneWay,40,7,22,F,LTNPRG,UAE,0,0,0,7.52,1
1,Internet,OneWay,27,2,1,W,JFKDXB,UAE,1,0,1,7.35,0
3,Mobile,RoundTrip,79,13,17,M,AUHBOM,India,1,1,1,2.88,1
2,Internet,RoundTrip,38,18,15,M,AUHBOM,USA,1,0,1,10.82,1
2,Internet,RoundTrip,78,19,20,S,CDGSYD,France,1,1,1,12.2,0
4,Internet,RoundTrip,346,8,12,M,LTNPRG,India,0,1,1,2.13,1
1,Mobile,RoundTrip,227,5,8,S,LTNPRG,UAE,1,0,1,10.33,0
1,Mobile,RoundTrip,36,7,15,T,JFKDXB,USA,1,0,1,5.88,1
2,Mobile,RoundTrip,259,2,13,S,LTNPRG,India,1,1,0,11.74,0
3,Mobile,RoundTrip,342,7,4,S,LHRBOM,UAE,1,1,0,2.93,0
1,Mobile,OneWay,305,14,15,M,CDGSYD,United Kingdom,0,0,0,8.39,0
4,Internet,RoundTrip,312,1,15,T,CDGSYD,India,1,0,0,13.34,0
3,Internet,RoundTrip,328,15,4,F,LHRBOM,USA,1,1,0,14.76,0
4,Internet,OneWay,274,17,14,F,JFKDXB,India,1,1,1,11.37,0
2,Internet,OneWay,319,7,7,S,LHRBOM,USA,1,1,1,3.1,0
1,Mobile,RoundTrip,291,16,12,T,CDGSYD,USA,1,1,0,9.05,1
1,Internet,RoundTrip,249,10,8,M,JFKDXB,United Kingdom,1,1,1,8.86,0
3,Internet,RoundTrip,73,20,15,S,LTNPRG,France,1,0,1,8.35,0
3,Internet,RoundTrip,333,11,1,F,CDGSYD,UAE,0,0,1,8.11,1
3,Internet,RoundTrip,33,12,4,S,CDGSYD,UAE,1,1,0,2.28,0
4,Internet,RoundTrip,101,17,10,T,LTNPRG,UAE,0,0,0,10.93,0
4,Internet,RoundTrip,263,6,15,M,CDGSYD,USA,1,1,0,9.81,1
3,Internet,RoundTrip,265,14,18,F,JFKDXB,USA,1,1,1,9.12,0
1,Internet,OneWay,322,18,4,S,AUHBOM,United Kingdom,0,1,0,11.29,1
3,Internet,RoundTrip,28,6,14,F,CDGSYD,United Kingdom,1,1,1,9.18,1
4,Internet,RoundTrip,287,17,22,M,LHRBOM,USA,0,1,0,7.55,0
4,Mobile,RoundTrip,46,6,14,S,AUHBOM,India,1,0,0,6.35,0
4,Internet,RoundTrip,222,13,1,T,CDGSYD,UAE,1,1,1,7.14,0
1,Internet,RoundTrip,83,7,13,T,JFKDXB,UAE,0,0,1,8.74,0
2,Mobile,RoundTrip,207,13,8,M,CDGSYD,USA,0,1,0,6.87,0
3,Mobile,OneWay,38,3,0,S,CDGSYD,France,1,0,0,7.73,0
1,Internet,OneWay,13,17,9,S,AUHBOM,France,1,1,1,10.3,1
2,Internet,OneWay,352,3,0,T,LTNPRG,France,1,1,0,9.21,1
1,Internet,RoundTrip,187,7,2,M,AUHBOM,United Kingdom,1,0,0,7.67,1
1,Mobile,OneWay,170,17,3,F,JFKDXB,India,1,1,0,13.33,1
1,Internet,RoundTrip,143,2,5,T,LHRBOM,UAE,1,0,0,6.46,0
4,Mobile,RoundTrip,331,17,21,S,LTNPRG,UAE,0,0,1,5.49,0
4,Mobile,RoundTrip,286,9,5,W,LTNPRG,France,0,1,0,6.42,1
2,Internet,RoundTrip,174,6,19,S,AUHBOM,UAE,1,1,0,10.12,0
1,Internet,RoundTrip,45,17,3,S,CDGSYD,USA,1,0,0,2.11,0
2,Mobile,OneWay,255,18,13,S,LHRBOM,United Kingdom,1,0,1,6.73,1
2,Mobile,RoundTrip,75,18,7,M,LTNPRG,USA,0,1,0,2.57,0
1,Mobile,OneWay,118,12,8,F,AUHBOM,UAE,1,1,0,12.24,1
3,Internet,RoundTrip,241,4,11,W,LTNPRG,United Kingdom,0,1,1,6.8,0
4,Mobile,RoundTrip,347,15,22,T,LTNPRG,United Kingdom,0,0,1,4.12,1
4,Mobile,RoundTrip,81,15,15,F,JFKDXB,UAE,1,0,0,8.45,0
4,Mobile,RoundTrip,13,18,1,S,CDGSYD,USA,0,0,0,6.74,0
4,Internet,OneWay,155,15,21,T,JFKDXB,France,0,1,0,14.05,0
1,Internet,RoundTrip,254,7,2,W,LHRBOM,France,1,0,0,10.7,0
3,Internet,RoundTrip,240,9,10,T,LTNPRG,France,0,0,1,8.21,1
3,Mobile,RoundTrip,346,14,14,S,CDGSYD,United Kingdom,1,1,1,14.59,0
1,Mobile,OneWay,76,16,12,W,AUHBOM,USA,0,1,0,11.5,0
1,Internet,RoundTrip,287,7,12,F,AUHBOM,France,0,0,1,4.53,0
3,Internet,RoundTrip,282,6,16,T,AUHBOM,USA,1,1,0,8.04,1
3,Internet,RoundTrip,302,19,22,S,AUHBOM,India,1,0,0,8.51,0
1,Internet,RoundTrip,329,20,5,F,AUHBOM,France,0,1,0,13.89,1
2,Mobile,RoundTrip,109,6,18,T,AUHBOM,United Kingdom,1,1,1,9.23,0
1,Internet,RoundTrip,113,2,0,S,CDGSYD,United Kingdom,0,0,0,10.92,1
1,Internet,RoundTrip,165,13,21,T,JFKDXB,United Kingdom,0,0,0,4.12,0
3,Mobile,RoundTrip,128,1,9,T,LTNPRG,USA,1,0,0,7.27,1
3,Internet,RoundTrip,50,4,16,M,CDGSYD,United Kingdom,0,0,1,4.35,1
4,Internet,RoundTrip,120,11,5,F,JFKDXB,United Kingdom,0,0,0,7.84,1
4,Internet,RoundTrip,138,8,21,S,AUHBOM,India,1,1,0,13.31,1
1,Internet,RoundTrip,277,1,12,F,CDGSYD,India,0,1,0,13.11,1
2,Internet,RoundTrip,4,8,15,W,JFKDXB,UAE,0,0,0,3.96,1
4,Internet,RoundTrip,274,14,5,F,LHRBOM,France,0,1,0,7.39,0
1,Internet,RoundTrip,284,16,12,T,JFKDXB,India,1,0,0,14.39,0
4,Internet,OneWay,49,16,17,T,JFKDXB,USA,1,1,0,3.66,1
4,Internet,OneWay,347,6,13,T,LHRBOM,USA,1,1,0,4.06,0
1,Internet,RoundTrip,264,14,3,S,LHRBOM,USA,0,0,1,3.2,0
1,Internet,RoundTrip,256,7,20,F,CDGSYD,India,1,1,0,8.78,0
3,Internet,RoundTrip,280,14,5,S,JFKDXB,India,1,1,0,14.96,0
2,Internet,OneWay,295,1,2,W,JFKDXB,United Kingdom,1,1,1,13.54,0
4,Mobile,RoundTrip,147,9,14,S,LTNPRG,USA,1,0,1,4.92,1
3,Internet,OneWay,187,7,13,F,LTNPRG,France,1,0,0,12.49,0
3,Internet,RoundTrip,223,14,10,S,LHRBOM,USA,0,0,0,2.36,1
1,Internet,RoundTrip,70,6,9,S,JFKDXB,UAE,1,1,0,9.81,0
2,Internet,OneWay,23,6,0,S,CDGSYD,France,0,0,1,13.35,0
1,Internet,RoundTrip,263,11,15,F,CDGSYD,USA,0,0,0,6.6,0
1,Internet,OneWay,91,14,4,S,AUHBOM,France,0,0,0,7.04,1
1,Internet,RoundTrip,109,9,13,M,LTNPRG,USA,1,1,1,10.49,1
4,Mobile,RoundTrip,38,18,20,T,AUHBOM,USA,1,0,0,13.36,1
1,Internet,RoundTrip,168,20,9,S,AUHBOM,France,1,1,0,9.05,0
3,Internet,RoundTrip,207,13,13,S,LHRBOM,France,1,1,0,14.21,0
3,Mobile,RoundTrip,328,11,15,T,LHRBOM,India,0,1,1,9.62,1
1,Internet,RoundTrip,179,11,13,S,AUHBOM,USA,0,0,0,6.47,1
4,Internet,RoundTrip,136,2,12,T,LTNPRG,France,0,0,1,12.97,1
3,Internet,RoundTrip,290,9,10,S,AUHBOM,USA,1,0,0,12.6,0
1,Internet,OneWay,106,17,4,W,CDGSYD,United Kingdom,1,0,1,10.39,1
1,Mobile,OneWay,5,14,15,T,CDGSYD,France,1,1,0,3.78,0
3,Internet,RoundTrip,12,2,14,S,JFKDXB,India,1,0,0,2.03,1
3,Internet,OneWay,308,3,9,S,AUHBOM,United Kingdom,0,0,0,2.68,0
2,Mobile,OneWay,256,17,0,S,CDGSYD,USA,0,0,1,5.27,1
2,Internet,RoundTrip,66,15,0,W,AUHBOM,France,1,1,1,5.09,1
1,Internet,OneWay,79,9,18,S,AUHBOM,France,0,0,1,10.03,0
1,Internet,RoundTrip,305,19,2,S,CDGSYD,United Kingdom,0,1,0,7.61,0
3,Internet,OneWay,233,2,20,S,LHRBOM,USA,1,0,0,2.34,0
2,Internet,RoundTrip,176,16,1,W,JFKDXB,United Kingdom,1,0,1,13.25,0
2,Internet,OneWay,134,20,1,T,LTNPRG,USA,0,0,1,9.72,1
2,Internet,RoundTrip,139,9,5,F,LTNPRG,India,0,0,0,7.1,1
3,Mobile,RoundTrip,287,10,5,W,LHRBOM,France,0,1,1,7.02,0
2,Internet,OneWay,72,5,7,S,LHRBOM,United Kingdom,0,1,1,3.37,1
2,Mobile,RoundTrip,324,18,2,S,LHRBOM,India,0,0,1,8.65,1
2,Internet,RoundTrip,87,15,2,M,LHRBOM,USA,1,0,1,14.88,1
3,Mobile,RoundTrip,86,9,17,W,JFKDXB,India,1,1,1,8.78,0
1,Internet,RoundTrip,138,5,21,T,LHRBOM,India,1,1,1,2.19,0
4,Mobile,RoundTrip,289,10,1,F,CDGSYD,USA,0,1,1,10.05,0
3,Mobile,RoundTrip,2,10,14,T,AUHBOM,UAE,0,1,0,2.1,1
1,Internet,RoundTrip,56,8,12,F,JFKDXB,UAE,0,0,0,13.86,1
4,Internet,RoundTrip,137,17,15,F,CDGSYD,UAE,0,1,1,8.71,0
4,Mobile,OneWay,52,8,8,T,AUHBOM,UAE,1,0,1,10.98,1
1,Mobile,RoundTrip,140,3,5,W,LHRBOM,UAE,0,0,0,13.37,0
1,Internet,RoundTrip,156,16,17,W,LHRBOM,USA,0,0,1,12.21,1
1,Mobile,RoundTrip,226,15,14,W,LHRBOM,UAE,0,1,1,9.08,0
1,Internet,OneWay,119,1,14,T,LHRBOM,UAE,0,0,0,7.25,1
3,Internet,RoundTrip,196,14,3,S,AUHBOM,United Kingdom,0,0,1,14.01,1
1,Internet,RoundTrip,360,10,12,M,LTNPRG,France,0,0,0,2.3,1
2,Mobile,OneWay,169,14,21,W,AUHBOM,United Kingdom,0,0,1,7.28,0
4,Internet,RoundTrip,293,6,11,W,JFKDXB,India,0,0,0,8.49,0
3,Internet,OneWay,100,4,20,F,JFKDXB,France,0,1,1,13.32,1
3,Internet,RoundTrip,325,12,17,T,LHRBOM,USA,1,0,1,4.15,1
1,Internet,OneWay,207,2,8,F,LHRBOM,France,0,1,0,11.09,0
4,Internet,RoundTrip,50,5,10,M,CDGSYD,United Kingdom,0,0,1,10.69,1
1,Internet,RoundTrip,330,1,7,M,LTNPRG,India,0,0,0,14.47,0
3,Mobile,RoundTrip,260,7,9,T,AUHBOM,France,0,0,1,13.29,1
3,Internet,RoundTrip,125,19,4,T,AUHBOM,United Kingdom,1,1,1,8.3,0
2,Internet,OneWay,220,11,0,F,LTNPRG,France,1,1,0,3.2,1
4,Internet,RoundTrip,345,15,16,S,LHRBOM,United Kingdom,1,0,1,12.92,0
4,Internet,RoundTrip,37,15,6,S,AUHBOM,USA,0,1,1,5.22,0
1,Internet,RoundTrip,15,3,20,T,LTNPRG,France,1,0,1,11.81,1
4,Internet,OneWay,289,19,8,T,JFKDXB,UAE,1,0,0,9.31,0
1,Internet,OneWay,105,4,14,T,LHRBOM,France,0,0,0,2.62,1
4,Internet,RoundTrip,311,5,13,F,AUHBOM,India,0,0,1,2.04,1
4,Internet,RoundTrip,281,14,5,T,LHRBOM,USA,1,0,1,3.65,0
3,Mobile,OneWay,333,10,15,F,LTNPRG,United Kingdom,1,1,1,5.55,0
4,Internet,OneWay,277,5,10,S,CDGSYD,United Kingdom,0,0,1,5.56,0
4,Internet,RoundTrip,343,7,22,F,LHRBOM,United Kingdom,0,1,1,4.88,1
3,Internet,RoundTrip,226,9,8,M,LHRBOM,UAE,0,0,1,13.31,0
1,Internet,OneWay,40,13,6,S,CDGSYD,UAE,1,0,1,8.94,1
2,Internet,RoundTrip,77,16,0,T,LTNPRG,USA,0,0,0,3.52,1
4,Internet,OneWay,322,8,12,F,JFKDXB,UAE,1,0,1,3.35,1
1,Internet,OneWay,107,8,11,F,LTNPRG,India,0,1,0,9.68,0
4,Internet,OneWay,345,2,17,T,AUHBOM,France,1,0,0,10.75,1
1,Internet,OneWay,319,20,4,S,AUHBOM,France,1,0,1,11.28,1
3,Internet,OneWay,252,13,7,S,AUHBOM,USA,1,1,1,10.5,1
3,Mobile,RoundTrip,50,6,5,F,JFKDXB,India,0,1,1,10.24,1
1,Internet,OneWay,67,1,12,F,JFKDXB,USA,1,1,1,12.17,0
2,Internet,RoundTrip,271,19,6,W,LHRBOM,USA,0,1,0,3.02,1
1,Internet,RoundTrip,146,1,9,T,LTNPRG,USA,0,0,1,10.46,0
2,Internet,RoundTrip,147,4,21,M,AUHBOM,UAE,1,1,0,4.38,0
4,Internet,RoundTrip,33,18,9,S,LTNPRG,UAE,0,1,0,4.55,1
1,Internet,RoundTrip,168,7,22,M,CDGSYD,India,0,1,0,12.07,1
4,Internet,RoundTrip,2,18,1,T,LTNPRG,France,0,1,0,14.97,0
3,Internet,RoundTrip,52,12,10,F,LTNPRG,USA,1,0,0,6.16,0
3,Internet,RoundTrip,335,12,0,F,CDGSYD,India,1,0,1,8.71,1
2,Internet,RoundTrip,275,19,12,M,LTNPRG,France,0,1,0,11.12,1
4,Internet,RoundTrip,354,1,6,S,LTNPRG,UAE,1,0,0,14.33,0
2,Mobile,RoundTrip,332,7,4,M,JFKDXB,USA,0,1,1,10.4,0
3,Internet,RoundTrip,335,7,20,F,LHRBOM,USA,0,0,0,11.18,1
1,Mobile,OneWay,149,15,15,S,JFKDXB,UAE,1,0,1,5.72,1
4,Mobile,RoundTrip,93,7,4,T,LTNPRG,India,0,0,0,6.82,0
3,Internet,RoundTrip,250,18,16,W,LTNPRG,India,1,1,0,13.67,1
1,Internet,RoundTrip,227,15,1,T,AUHBOM,USA,0,0,1,2.55,1
3,Mobile,RoundTrip,158,19,11,T,AUHBOM,France,0,0,0,9.22,1
1,Internet,RoundTrip,182,17,14,S,JFKDXB,UAE,1,0,0,3.77,0
2,Internet,OneWay,74,15,3,S,CDGSYD,India,0,0,0,2.57,0
3,Internet,RoundTrip,181,8,22,W,CDGSYD,India,0,1,1,3.85,1
4,Internet,OneWay,352,15,2,F,JFKDXB,United Kingdom,1,0,1,8.07,1
2,Mobile,RoundTrip,156,9,1,S,LHRBOM,United Kingdom,1,0,1,9.96,0
1,Mobile,RoundTrip,189,7,11,F,LTNPRG,India,0,1,1,4.12,1
2,Mobile,RoundTrip,343,5,17,M,JFKDXB,France,1,0,0,8.66,0
4,Mobile,OneWay,311,18,12,W,LHRBOM,UAE,0,1,0,14.64,1
4,Internet,OneWay,288,15,2,F,CDGSYD,USA,1,1,1,8.99,0
1,Internet,RoundTrip,2,1,2,S,JFKDXB,USA,0,0,1,2.81,1
1,Mobile,RoundTrip,309,7,3,T,LTNPRG,USA,1,1,0,5.19,0
4,Mobile,RoundTrip,28,12,22,T,CDGSYD,India,1,0,1,2.51,0
3,Mobile,RoundTrip,13,15,21,F,CDGSYD,India,0,1,0,9.64,1
3,Mobile,RoundTrip,129,7,1,M,LTNPRG,India,0,0,1,13.4,0
1,Internet,OneWay,150,15,16,S,LTNPRG,France,0,1,0,12.08,0
2,Internet,RoundTrip,44,6,18,S,JFKDXB,UAE,0,1,1,2.59,1
4,Mobile,RoundTrip,218,4,12,F,LTNPRG,United Kingdom,1,0,1,12.1,0
1,Internet,RoundTrip,336,2,3,W,CDGSYD,France,1,0,1,8.63,0
1,Internet,RoundTrip,240,18,3,T,AUHBOM,India,1,0,1,13.07,0
2,Internet,OneWay,350,14,15,T,AUHBOM,France,0,0,1,7.16,1
3,Internet,RoundTrip,326,17,12,S,LTNPRG,USA,1,1,1,7.29,0
4,Internet,RoundTrip,297,11,4,S,JFKDXB,India,1,1,1,14.84,1
3,Internet,RoundTrip,61,12,1,T,JFKDXB,USA,1,1,0,6.47,0
2,Internet,OneWay,233,6,9,F,LHRBOM,UAE,1,0,0,4.56,1
2,Internet,RoundTrip,33,2,9,T,LTNPRG,USA,0,0,0,14.67,0
1,Internet,RoundTrip,282,15,22,M,JFKDXB,UAE,1,1,1,13.75,1
2,Internet,RoundTrip,326,4,16,W,CDGSYD,France,1,1,1,3.44,1
1,Internet,OneWay,44,18,9,T,CDGSYD,India,1,1,0,4.8,0
1,Internet,RoundTrip,185,2,13,T,CDGSYD,India,1,0,0,13.13,1
3,Internet,OneWay,47,20,11,S,LHRBOM,UAE,1,0,0,4.85,0
2,Internet,OneWay,197,10,15,S,LTNPRG,USA,0,0,0,6.1,0
3,Internet,RoundTrip,165,6,13,F,AUHBOM,India,1,1,0,6.52,1
1,Mobile,RoundTrip,324,6,2,T,LHRBOM,India,0,1,1,6.41,0
3,Internet,OneWay,100,14,12,W,AUHBOM,United Kingdom,0,1,0,5.01,0
1,Internet,RoundTrip,273,17,17,T,AUHBOM,USA,0,1,1,4.33,0
3,Internet,OneWay,240,10,20,S,LTNPRG,United Kingdom,0,1,1,6.71,1
3,Internet,OneWay,266,9,21,M,CDGSYD,India,1,0,1,8.61,1
2,Mobile,RoundTrip,350,18,15,S,CDGSYD,USA,0,0,0,2.3,0
1,Mobile,RoundTrip,68,10,20,T,AUHBOM,India,1,0,0,2.54,0
4,Internet,RoundTrip,5,7,0,S,CDGSYD,United Kingdom,1,0,0,9.16,1
1,Mobile,RoundTrip,227,19,2,S,LTNPRG,France,1,1,0,4.3,0
1,Internet,RoundTrip,45,17,4,S,LTNPRG,United Kingdom,0,0,0,4.1,0
2,Internet,RoundTrip,164,12,2,S,JFKDXB,USA,0,0,1,2.85,0
4,Internet,RoundTrip,190,1,15,T,JFKDXB,United Kingdom,0,0,1,12.3,1
2,Internet,OneWay,223,8,11,T,LHRBOM,USA,0,0,1,5.71,1
2,Internet,RoundTrip,5,20,12,M,AUHBOM,France,1,1,1,8.58,0
3,Internet,RoundTrip,210,20,12,S,LHRBOM,India,0,1,1,8.82,0
2,Internet,RoundTrip,284,14,11,F,JFKDXB,United Kingdom,1,1,1,5.27,1
3,Internet,RoundTrip,10,10,19,M,CDGSYD,United Kingdom,1,1,1,12.6,0
2,Internet,RoundTrip,144,18,4,W,LHRBOM,UAE,0,1,1,14.62,1
3,Internet,OneWay,126,12,8,S,AUHBOM,UAE,0,1,0,7.65,1
2,Internet,RoundTrip,124,2,2,W,LHRBOM,France,1,0,1,14.85,0
2,Internet,RoundTrip,167,8,11,W,CDGSYD,United Kingdom,1,1,0,4.67,0
2,Internet,RoundTrip,52,7,8,T,LTNPRG,India,0,0,1,11.91,0
2,Internet,RoundTrip,183,14,4,T,LHRBOM,USA,1,1,0,8.78,1
4,Mobile,RoundTrip,29,5,12,T,LHRBOM,USA,1,1,1,9.07,1
2,Internet,RoundTrip,37,16,21,T,LHRBOM,USA,0,1,0,13.81,1
4,Internet,RoundTrip,196,5,17,F,CDGSYD,USA,1,0,1,14.41,0
3,Mobile,RoundTrip,328,13,2,T,LTNPRG,United Kingdom,0,1,0,2.03,0
3,Internet,RoundTrip,258,7,8,F,JFKDXB,France,0,1,1,5.09,1
2,Internet,RoundTrip,122,5,20,F,LHRBOM,India,0,1,0,5.82,0
2,Internet,RoundTrip,126,15,4,M,CDGSYD,India,0,0,0,8.12,1
4,Internet,OneWay,179,19,20,M,LTNPRG,France,0,1,0,9.7,1
1,Internet,RoundTrip,13,16,20,W,CDGSYD,USA,0,0,0,13.07,1
3,Internet,RoundTrip,242,11,1,W,CDGSYD,United Kingdom,1,0,1,14.85,1
4,Internet,OneWay,49,19,22,T,LHRBOM,UAE,0,1,0,7.96,0
3,Mobile,RoundTrip,262,17,17,F,CDGSYD,UAE,1,0,1,6.09,0
1,Internet,RoundTrip,137,19,11,S,LHRBOM,France,0,1,0,11.89,0
3,Internet,OneWay,138,1,7,S,AUHBOM,United Kingdom,0,1,1,11.16,1
1,Mobile,RoundTrip,161,17,10,W,LTNPRG,India,0,1,1,3.56,0
4,Internet,RoundTrip,47,11,5,T,LHRBOM,India,0,0,1,10.42,0
2,Mobile,RoundTrip,88,14,17,W,CDGSYD,United Kingdom,1,1,1,12.82,1
2,Internet,OneWay,76,19,9,T,LTNPRG,India,0,0,0,2.92,0
4,Internet,RoundTrip,309,11,10,T,CDGSYD,UAE,1,1,1,9.08,1
2,Mobile,RoundTrip,61,14,21,F,LTNPRG,UAE,1,1,0,2.21,0
1,Internet,RoundTrip,47,20,1,T,CDGSYD,USA,0,0,1,5.67,1
4,Mobile,RoundTrip,89,3,9,F,AUHBOM,France,0,1,0,2.68,0
3,Internet,RoundTrip,155,15,14,W,JFKDXB,United Kingdom,0,0,1,14.58,0
3,Mobile,RoundTrip,220,15,5,T,LTNPRG,India,0,1,0,9.84,1
1,Internet,RoundTrip,155,4,4,T,CDGSYD,United Kingdom,0,1,1,14.92,1
2,Internet,RoundTrip,196,1,12,T,JFKDXB,United Kingdom,0,1,1,13.48,0
2,Internet,RoundTrip,189,13,4,M,CDGSYD,United Kingdom,1,0,0,7.24,1
2,Mobile,RoundTrip,62,8,9,T,LTNPRG,USA,0,1,1,8.74,1
3,Internet,RoundTrip,3,7,1,T,CDGSYD,India,1,0,1,11.29,0
1,Internet,RoundTrip,249,5,0,W,AUHBOM,UAE,0,0,0,4.86,0
2,Mobile,RoundTrip,344,11,16,S,CDGSYD,India,1,1,1,2.8,1
4,Internet,RoundTrip,24,6,4,S,JFKDXB,USA,0,1,1,12.96,1
3,Internet,OneWay,335,2,0,F,CDGSYD,UAE,1,0,0,9.95,1
2,Internet,RoundTrip,332,1,0,S,JFKDXB,India,1,0,0,14.08,1
1,Internet,RoundTrip,288,6,13,F,LHRBOM,United Kingdom,0,0,0,11.19,0
1,Internet,OneWay,207,13,12,F,CDGSYD,UAE,0,1,0,5.65,0
2,Internet,RoundTrip,124,11,13,T,AUHBOM,UAE,0,0,0,5.46,1
1,Internet,RoundTrip,215,15,14,T,LHRBOM,United Kingdom,0,0,0,6.35,1
1,Internet,RoundTrip,5,12,15,W,AUHBOM,France,1,0,1,4.42,1
4,Internet,OneWay,105,6,16,S,LHRBOM,France,1,0,1,8.32,1
4,Internet,RoundTrip,144,19,19,F,AUHBOM,India,0,0,0,5.36,1
3,Mobile,RoundTrip,187,12,4,M,LTNPRG,UAE,1,1,0,13.2,0
4,Internet,RoundTrip,100,13,2,T,LTNPRG,United Kingdom,0,0,1,12.14,0
2,Internet,RoundTrip,156,10,18,S,JFKDXB,France,1,0,1,4.76,0
3,Internet,RoundTrip,264,9,1,T,JFKDXB,India,1,1,1,8.67,1
4,Internet,OneWay,347,20,9,T,JFKDXB,India,0,1,0,13.64,0
1,Mobile,OneWay,300,8,14,W,CDGSYD,India,1,0,1,3.61,1
2,Internet,RoundTrip,28,17,1,F,AUHBOM,USA,0,0,1,12.3,0
1,Mobile,OneWay,215,2,22,S,LTNPRG,India,0,1,1,5.17,0
4,Internet,OneWay,167,19,21,W,JFKDXB,India,1,0,0,6.45,1
4,Mobile,OneWay,191,16,19,M,AUHBOM,USA,1,1,0,9.22,0
3,Mobile,OneWay,289,17,15,W,JFKDXB,France,0,0,1,12.59,0
3,Internet,OneWay,119,7,18,M,CDGSYD,USA,1,0,0,4.53,1
2,Mobile,RoundTrip,199,14,12,T,LTNPRG,UAE,0,1,0,14.04,0
1,Mobile,RoundTrip,323,16,17,W,AUHBOM,United Kingdom,0,0,0,8.03,1
4,Internet,RoundTrip,206,2,0,M,LHRBOM,UAE,0,0,0,6.16,1
4,Internet,RoundTrip,203,13,4,M,AUHBOM,France,1,1,0,4.79,0
4,Internet,OneWay,332,18,0,W,LTNPRG,France,1,1,0,6.13,1
2,Internet,OneWay,11,17,2,M,LHRBOM,India,0,1,0,6.09,1
1,Internet,OneWay,137,16,12,T,AUHBOM,United Kingdom,0,1,0,12.55,1
3,Internet,OneWay,180,18,17,M,LTNPRG,USA,1,1,0,7.38,0
1,Internet,RoundTrip,1,6,20,T,AUHBOM,USA,0,1,1,6.21,0
1,Internet,RoundTrip,173,14,3,S,CDGSYD,United Kingdom,0,1,0,3.99,0
4,Internet,RoundTrip,337,6,14,S,LHRBOM,France,0,1,1,10.13,0
4,Internet,RoundTrip,287,18,17,F,AUHBOM,France,0,0,0,6.95,1
2,Internet,OneWay,13,11,0,M,AUHBOM,France,1,0,0,12.71,0
3,Mobile,RoundTrip,320,17,7,M,LTNPRG,India,1,0,1,3.92,1
3,Internet,RoundTrip,291,6,14,S,LTNPRG,France,0,0,0,9.63,1
1,Mobile,RoundTrip,320,7,3,S,JFKDXB,United Kingdom,1,0,1,2.8,0
1,Mobile,RoundTrip,51,20,8,T,LHRBOM,United Kingdom,1,1,0,3.64,0
2,Mobile,OneWay,327,19,10,S,CDGSYD,United Kingdom,1,0,0,14.75,1
4,Internet,OneWay,8,4,2,F,LTNPRG,India,1,1,1,11.08,1
2,Mobile,RoundTrip,13,8,1,T,JFKDXB,India,1,0,1,8.81,1
3,Mobile,OneWay,130,4,18,F,JFKDXB,USA,0,1,0,3.38,0
1,Mobile,RoundTrip,297,13,2,M,LHRBOM,UAE,0,0,1,2.17,0
4,Internet,RoundTrip,315,1,13,S,LHRBOM,UAE,1,0,0,5.36,0
4,Internet,RoundTrip,231,1,9,T,LHRBOM,UAE,1,1,1,8.33,0
2,Internet,OneWay,14,12,16,M,CDGSYD,USA,1,1,0,2.98,1
1,Internet,OneWay,319,18,20,F,CDGSYD,UAE,0,0,0,6.63,0
4,Internet,RoundTrip,96,15,3,M,AUHBOM,France,0,0,0,5.38,1
4,Mobile,RoundTrip,272,14,21,M,AUHBOM,UAE,0,1,1,14.0,1
3,Internet,OneWay,102,12,2,T,AUHBOM,USA,1,0,0,10.09,0
2,Internet,OneWay,206,4,20,S,AUHBOM,UAE,1,1,0,9.19,1
3,Mobile,RoundTrip,35,5,11,S,JFKDXB,India,1,1,1,8.34,0
2,Internet,RoundTrip,364,13,1,W,CDGSYD,India,0,1,0,3.97,0
3,Internet,RoundTrip,34,19,12,W,CDGSYD,USA,1,0,0,6.94,0
4,Mobile,OneWay,348,1,20,W,CDGSYD,France,0,1,0,9.93,0
2,Mobile,RoundTrip,331,8,13,F,AUHBOM,UAE,0,1,1,12.95,0
1,Internet,RoundTrip,55,4,2,F,CDGSYD,USA,0,0,0,14.42,0
3,Internet,OneWay,254,3,17,W,LHRBOM,USA,1,1,1,10.7,1
4,Internet,RoundTrip,126,8,19,T,JFKDXB,USA,0,0,0,11.79,1
1,Internet,RoundTrip,114,4,15,T,LHRBOM,India,0,1,0,8.68,1
4,Mobile,OneWay,120,5,9,W,LHRBOM,UAE,1,0,1,4.55,0
2,Mobile,RoundTrip,87,9,15,T,CDGSYD,USA,0,0,0,10.9,1
3,Internet,RoundTrip,350,15,7,M,LTNPRG,UAE,0,1,0,11.47,0
3,Internet,RoundTrip,16,11,4,T,LTNPRG,India,0,1,0,5.1,1
1,Internet,RoundTrip,129,11,19,S,CDGSYD,United Kingdom,1,0,0,13.59,1
1,Internet,RoundTrip,131,13,9,W,CDGSYD,India,0,1,1,8.63,1
4,Internet,RoundTrip,153,5,17,T,CDGSYD,USA,1,0,0,10.91,1
3,Internet,RoundTrip,110,2,13,T,LHRBOM,United Kingdom,0,0,1,8.78,1
3,Mobile,RoundTrip,242,1,20,S,AUHBOM,UAE,0,1,1,9.51,0
2,Internet,OneWay,334,18,11,T,JFKDXB,USA,1,0,0,11.58,0
1,Internet,RoundTrip,243,18,7,W,LHRBOM,India,1,1,0,4.93,1
2,Internet,OneWay,81,7,6,W,AUHBOM,France,1,1,0,12.22,1
3,Mobile,OneWay,363,16,11,S,AUHBOM,France,1,1,0,6.43,1
3,Mobile,RoundTrip,148,6,21,S,LTNPRG,UAE,0,0,1,9.25,0
2,Internet,RoundTrip,113,7,4,T,LTNPRG,France,1,1,0,9.89,0
1,Internet,RoundTrip,249,14,3,T,AUHBOM,USA,0,0,0,14.12,1
1,Mobile,RoundTrip,355,19,5,T,LHRBOM,UAE,1,1,0,4.3,1
4,Internet,RoundTrip,117,13,22,T,CDGSYD,USA,0,1,0,7.52,1
3,Internet,RoundTrip,74,20,14,T,LTNPRG,United Kingdom,0,1,1,3.38,1
4,Internet,OneWay,285,20,17,T,LTNPRG,USA,0,1,0,7.56,1
1,Mobile,RoundTrip,174,1,13,M,CDGSYD,France,0,0,1,11.45,1
2,Internet,RoundTrip,265,9,13,S,LTNPRG,France,0,1,1,6.14,0
2,Internet,OneWay,166,10,14,W,CDGSYD,United Kingdom,0,1,1,10.24,0
2,Internet,OneWay,13,4,2,T,CDGSYD,France,1,1,0,11.63,1
2,Internet,OneWay,132,5,14,T,AUHBOM,UAE,1,1,1,9.14,1
1,Internet,RoundTrip,312,20,12,S,LTNPRG,France,0,1,1,12.87,0
1,Mobile,RoundTrip,341,4,18,F,JFKDXB,India,0,1,0,2.83,1
4,Mobile,RoundTrip,133,10,2,W,LTNPRG,India,1,0,1,11.35,1
2,Internet,RoundTrip,253,10,11,S,LHRBOM,India,0,0,0,13.16,1
1,Internet,RoundTrip,35,14,21,W,LHRBOM,United Kingdom,1,1,0,11.87,0
2,Mobile,OneWay,80,11,18,T,LTNPRG,USA,0,1,0,7.31,1
4,Mobile,RoundTrip,255,1,6,W,AUHBOM,India,0,1,0,6.09,1
2,Internet,OneWay,16,10,16,M,LHRBOM,UAE,1,1,0,4.28,0
4,Internet,RoundTrip,272,7,9,T,JFKDXB,India,1,0,0,7.34,1
1,Internet,RoundTrip,351,3,18,S,CDGSYD,UAE,1,0,1,5.91,1
1,Internet,OneWay,26,20,14,W,LHRBOM,United Kingdom,0,1,0,10.39,1
3,Internet,RoundTrip,212,11,11,F,CDGSYD,USA,0,1,0,4.58,0
3,Internet,RoundTrip,129,20,0,W,CDGSYD,France,1,1,1,2.07,0
4,Internet,RoundTrip,235,19,17,S,AUHBOM,France,0,1,0,12.02,0
2,Mobile,RoundTrip,326,20,12,S,LHRBOM,France,0,1,1,11.83,1
1,Mobile,RoundTrip,30,5,12,T,JFKDXB,United Kingdom,0,0,1,5.17,0
3,Mobile,OneWay,244,17,16,F,JFKDXB,USA,0,0,1,10.37,1
2,Internet,RoundTrip,67,1,20,F,AUHBOM,United Kingdom,1,1,1,12.36,1
1,Internet,OneWay,195,11,4,S,LHRBOM,India,0,0,1,6.64,1
1,Internet,OneWay,161,18,20,S,LHRBOM,France,1,1,1,8.91,1
3,Internet,OneWay,184,12,3,S,LHRBOM,UAE,1,0,1,5.64,1
3,Internet,OneWay,279,5,14,M,LHRBOM,India,0,1,1,5.77,1
1,Internet,RoundTrip,222,2,11,W,LTNPRG,France,0,0,1,7.26,1
3,Mobile,RoundTrip,127,10,17,T,CDGSYD,USA,1,1,1,9.42,0
4,Mobile,OneWay,238,16,12,S,LTNPRG,India,0,1,1,11.67,0
4,Internet,RoundTrip,218,19,13,T,LHRBOM,France,0,0,1,6.16,1
2,Mobile,RoundTrip,26,15,10,T,CDGSYD,UAE,0,1,0,7.79,0
1,Internet,RoundTrip,224,9,15,T,AUHBOM,India,0,0,0,14.52,1
3,Internet,RoundTrip,122,15,6,F,LTNPRG,France,0,0,0,13.95,1
3,Internet,RoundTrip,54,16,6,F,AUHBOM,USA,0,1,0,3.44,0
4,Internet,OneWay,192,8,9,S,CDGSYD,France,1,1,0,11.69,1
3,Internet,RoundTrip,189,6,4,W,CDGSYD,UAE,1,1,1,10.06,0
3,Internet,RoundTrip,266,6,7,F,LHRBOM,UAE,1,0,1,10.11,1
3,Internet,RoundTrip,158,15,1,M,AUHBOM,India,1,1,1,10.23,0
3,Mobile,RoundTrip,271,17,5,T,LTNPRG,India,1,1,0,7.68,1
2,Internet,RoundTrip,103,4,9,W,LHRBOM,India,1,1,0,12.69,1
2,Internet,RoundTrip,221,20,10,M,AUHBOM,India,1,0,0,10.47,1
2,Internet,OneWay,351,1,14,T,LHRBOM,UAE,1,1,0,11.33,1
2,Internet,RoundTrip,214,9,9,S,AUHBOM,France,1,0,0,12.77,1
4,Internet,RoundTrip,249,10,14,T,LHRBOM,France,1,1,0,7.62,0
2,Internet,RoundTrip,134,2,10,M,CDGSYD,India,0,1,0,3.52,0
2,Mobile,RoundTrip,246,15,10,S,CDGSYD,United Kingdom,1,0,1,3.34,0
4,Internet,RoundTrip,304,19,0,M,CDGSYD,India,1,1,1,10.37,1
1,Internet,RoundTrip,318,5,17,F,LHRBOM,UAE,0,1,1,8.47,0
2,Internet,RoundTrip,334,14,15,M,CDGSYD,India,1,0,1,12.5,0
2,Mobile,RoundTrip,112,20,1,S,JFKDXB,UAE,0,0,0,2.59,1
2,Internet,RoundTrip,309,14,1,F,LTNPRG,France,0,0,0,2.72,1
2,Internet,RoundTrip,127,10,16,S,LTNPRG,USA,1,0,1,11.98,1
4,Mobile,RoundTrip,318,19,4,W,CDGSYD,United Kingdom,0,1,1,14.93,1
2,Internet,RoundTrip,3,9,20,S,LHRBOM,UAE,1,1,0,13.02,1
2,Internet,RoundTrip,331,14,18,S,JFKDXB,USA,1,1,1,7.45,1
2,Internet,RoundTrip,79,16,9,T,LHRBOM,United Kingdom,1,1,0,13.39,0
4,Internet,OneWay,74,13,22,F,AUHBOM,United Kingdom,1,1,0,2.47,0
4,Mobile,RoundTrip,204,7,12,W,AUHBOM,India,1,0,1,11.52,1
1,Internet,RoundTrip,188,15,22,S,LHRBOM,UAE,1,0,0,4.25,1
1,Internet,RoundTrip,58,7,1,F,LHRBOM,United Kingdom,0,0,1,5.7,0
1,Internet,OneWay,195,10,13,T,CDGSYD,USA,0,1,0,6.53,0
2,Internet,RoundTrip,292,11,18,W,CDGSYD,USA,0,0,1,4.32,1
3,Internet,OneWay,177,6,5,W,LTNPRG,USA,0,0,0,8.54,1
1,Mobile,OneWay,212,16,19,T,JFKDXB,United Kingdom,0,0,0,7.54,0
3,Internet,RoundTrip,309,6,19,F,LHRBOM,France,0,0,1,8.9,0
2,Mobile,RoundTrip,66,4,18,T,AUHBOM,United Kingdom,0,1,1,6.79,0
4,Mobile,RoundTrip,119,15,14,T,LTNPRG,India,1,1,0,3.2,0
3,Internet,OneWay,326,18,2,T,CDGSYD,France,0,1,1,12.47,0
2,Mobile,RoundTrip,59,5,22,W,LHRBOM,France,1,1,1,12.49,0
3,Mobile,OneWay,93,11,20,S,LHRBOM,France,0,1,1,11.4,0
1,Internet,RoundTrip,100,19,12,S,LHRBOM,India,1,0,1,10.56,0
2,Internet,OneWay,301,8,9,T,LTNPRG,India,0,0,1,8.2,0
2,Internet,RoundTrip,53,9,12,F,CDGSYD,UAE,0,0,0,11.63,0
1,Internet,RoundTrip,137,14,22,F,LHRBOM,France,0,0,1,13.29,1
2,Mobile,RoundTrip,148,13,1,S,JFKDXB,India,0,1,0,11.84,1
3,Internet,OneWay,30,3,11,S,LTNPRG,USA,1,0,0,5.32,0
3,Internet,RoundTrip,43,1,4,T,LTNPRG,United Kingdom,1,1,0,4.64,0
4,Internet,RoundTrip,137,8,18,T,JFKDXB,UAE,1,0,0,9.36,0
2,Internet,RoundTrip,32,9,15,T,CDGSYD,India,0,1,1,7.13,1
3,Mobile,RoundTrip,357,13,21,W,JFKDXB,France,1,1,0,6.51,0
3,Mobile,RoundTrip,165,8,22,S,LTNPRG,India,0,1,0,14.17,1
4,Mobile,OneWay,3,3,2,S,AUHBOM,United Kingdom,1,0,0,11.59,1
4,Internet,RoundTrip,219,16,10,S,AUHBOM,UAE,1,1,1,8.52,0
3,Internet,OneWay,275,9,21,S,CDGSYD,India,0,1,0,6.47,1
2,Mobile,OneWay,222,2,0,T,CDGSYD,India,1,1,1,5.43,0
3,Internet,OneWay,208,12,20,F,CDGSYD,UAE,1,0,1,14.96,0
3,Internet,RoundTrip,34,9,9,M,CDGSYD,USA,1,0,1,5.86,0
4,Internet,RoundTrip,266,11,12,T,AUHBOM,USA,0,1,0,13.0,1
1,Internet,RoundTrip,354,18,2,T,AUHBOM,India,0,0,1,3.72,0
4,Internet,RoundTrip,133,4,7,T,JFKDXB,France,1,0,1,11.95,0
4,Internet,RoundTrip,45,14,22,S,JFKDXB,UAE,0,1,1,8.4,0
1,Internet,OneWay,78,3,21,S,LTNPRG,UAE,1,1,0,7.88,0
2,Mobile,RoundTrip,241,16,3,M,LHRBOM,France,1,1,0,12.52,0
1,Internet,RoundTrip,234,8,12,F,LHRBOM,United Kingdom,0,1,1,2.71,1
3,Internet,RoundTrip,324,16,2,W,CDGSYD,France,0,1,0,2.12,1
1,Mobile,OneWay,148,1,22,T,CDGSYD,United Kingdom,1,1,0,3.37,0
2,Internet,RoundTrip,323,14,10,W,LHRBOM,UAE,1,0,1,2.6,1
1,Internet,OneWay,101,6,5,T,LTNPRG,United Kingdom,0,1,0,14.1,1
1,Mobile,RoundTrip,187,8,12,S,CDGSYD,India,1,0,1,3.54,0
2,Mobile,RoundTrip,240,5,4,W,LTNPRG,UAE,0,0,0,12.23,0
2,Internet,OneWay,101,8,16,T,AUHBOM,UAE,0,0,0,11.83,1
3,Mobile,RoundTrip,135,16,7,F,LTNPRG,United Kingdom,0,1,0,2.01,0
1,Internet,RoundTrip,302,2,8,T,LHRBOM,France,1,1,0,5.63,1
2,Internet,OneWay,211,13,17,T,JFKDXB,USA,1,0,0,12.5,0
4,Internet,RoundTrip,223,4,20,F,AUHBOM,USA,0,0,0,10.46,1
4,Internet,RoundTrip,228,8,4,T,LTNPRG,United Kingdom,1,0,1,12.08,1
2,Internet,OneWay,288,12,13,S,CDGSYD,USA,0,1,0,12.79,1
1,Internet,RoundTrip,354,2,7,F,AUHBOM,USA,0,0,1,2.41,1
4,Mobile,OneWay,146,18,1,W,CDGSYD,United Kingdom,1,1,0,10.73,1
3,Internet,OneWay,130,14,5,W,JFKDXB,France,1,0,1,2.45,1
2,Internet,RoundTrip,333,13,0,T,JFKDXB,United Kingdom,0,0,1,14.07,0
3,Mobile,RoundTrip,175,19,17,T,JFKDXB,France,0,0,0,7.55,0
1,Mobile,RoundTrip,339,8,10,T,JFKDXB,France,1,0,1,6.15,1
2,Internet,RoundTrip,321,3,12,T,LHRBOM,UAE,0,0,0,4.25,0
2,Mobile,RoundTrip,269,17,10,T,AUHBOM,India,0,1,0,10.81,1
3,Mobile,OneWay,263,13,6,S,AUHBOM,United Kingdom,1,0,1,12.66,0
1,Internet,OneWay,344,9,10,M,AUHBOM,United Kingdom,1,1,0,3.41,0
2,Internet,OneWay,100,2,3,S,LHRBOM,India,0,0,1,14.77,1
4,Internet,OneWay,166,6,1,T,LHRBOM,India,0,0,0,3.05,0
1,Internet,RoundTrip,199,12,3,W,LHRBOM,United Kingdom,1,0,1,12.19,1
1,Internet,RoundTrip,71,2,1,T,LHRBOM,USA,1,1,0,2.89,1
4,Internet,RoundTrip,189,11,12,F,LTNPRG,France,1,0,0,4.71,1
4,Mobile,RoundTrip,239,17,1,S,JFKDXB,UAE,0,1,1,4.05,0
2,Internet,OneWay,184,9,8,F,LHRBOM,USA,1,1,1,4.2,1
1,Internet,OneWay,238,13,16,M,JFKDXB,India,0,1,0,13.15,1
3,Mobile,OneWay,37,5,13,S,LTNPRG,India,1,0,0,10.62,1
2,Mobile,RoundTrip,179,12,13,S,JFKDXB,UAE,1,1,0,14.63,1
3,Mobile,RoundTrip,339,4,6,F,AUHBOM,France,0,0,1,4.89,0
1,Internet,RoundTrip,95,15,3,M,AUHBOM,India,1,1,1,4.47,1
4,Internet,RoundTrip,166,11,3,T,LTNPRG,France,0,1,0,4.15,0
3,Internet,RoundTrip,228,13,9,W,JFKDXB,France,1,1,1,12.85,0
3,Internet,OneWay,228,7,20,F,AUHBOM,United Kingdom,1,0,1,6.31,1
3,Internet,RoundTrip,66,8,21,S,LHRBOM,India,1,1,1,9.78,0
1,Mobile,RoundTrip,42,14,3,S,JFKDXB,United Kingdom,1,0,0,6.51,1
4,Internet,OneWay,275,13,1,S,CDGSYD,France,0,0,0,9.03,1
2,Internet,RoundTrip,195,14,10,S,CDGSYD,UAE,1,1,0,10.97,1
2,Internet,RoundTrip,331,3,4,M,CDGSYD,United Kingdom,0,0,1,3.54,0
4,Internet,OneWay,361,4,3,M,JFKDXB,UAE,1,1,0,13.74,0
1,Internet,OneWay,61,6,8,S,CDGSYD,USA,1,1,1,6.01,0
1,Mobile,RoundTrip,132,8,22,S,JFKDXB,United Kingdom,1,0,0,4.14,1
4,Internet,RoundTrip,299,11,5,S,JFKDXB,India,0,1,0,12.24,0
2,Mobile,RoundTrip,108,11,1,T,AUHBOM,France,0,1,1,14.95,0
3,Internet,RoundTrip,73,2,3,T,JFKDXB,UAE,1,1,0,6.31,0
3,Internet,RoundTrip,57,1,14,F,LTNPRG,United Kingdom,1,1,1,7.35,1
4,Mobile,RoundTrip,183,17,22,F,LHRBOM,India,1,1,0,4.44,1
3,Internet,RoundTrip,140,12,22,S,CDGSYD,USA,0,1,1,2.3,1
2,Internet,RoundTrip,339,1,17,W,CDGSYD,UAE,0,0,0,3.74,0
3,Internet,RoundTrip,352,18,12,S,JFKDXB,USA,0,1,0,14.43,1
3,Internet,RoundTrip,31,8,16,W,AUHBOM,France,1,1,0,13.49,1
2,Internet,OneWay,329,14,1,S,CDGSYD,USA,1,0,1,12.37,0
1,Internet,RoundTrip,33,10,21,M,LHRBOM,USA,0,0,0,14.23,0
2,Internet,RoundTrip,262,4,18,T,CDGSYD,UAE,0,0,0,10.22,1
4,Internet,RoundTrip,349,14,4,M,CDGSYD,UAE,0,0,1,7.12,0
1,Internet,RoundTrip,126,8,6,T,LHRBOM,France,0,1,0,5.39,1
1,Mobile,RoundTrip,58,4,20,T,AUHBOM,India,1,0,1,11.85,1
4,Mobile,OneWay,25,5,12,S,JFKDXB,United Kingdom,1,1,0,10.96,0
4,Internet,RoundTrip,125,17,22,M,LTNPRG,United Kingdom,0,1,1,8.35,1
1,Internet,RoundTrip,347,11,9,F,LHRBOM,France,1,0,1,10.09,1
1,Internet,RoundTrip,168,9,13,M,JFKDXB,United Kingdom,0,1,1,10.36,1
3,Internet,OneWay,153,16,0,T,AUHBOM,France,0,0,0,7.74,1
4,Internet,RoundTrip,3,6,20,M,LTNPRG,UAE,1,1,1,4.67,1
3,Mobile,RoundTrip,243,4,19,F,CDGSYD,France,0,0,1,4.84,0
4,Internet,RoundTrip,69,2,18,F,AUHBOM,India,0,1,1,3.66,1
3,Internet,OneWay,251,3,17,T,AUHBOM,USA,0,0,1,3.7,1
4,Internet,RoundTrip,302,19,7,F,JFKDXB,USA,0,0,0,7.16,1
3,Mobile,RoundTrip,282,19,0,W,AUHBOM,India,0,0,0,4.87,1
2,Internet,RoundTrip,189,9,7,S,LHRBOM,France,1,1,0,2.61,0
3,Internet,OneWay,237,10,15,T,LTNPRG,USA,1,1,1,6.45,0
2,Mobile,RoundTrip,144,8,15,S,LHRBOM,India,1,1,1,3.7,0
3,Internet,RoundTrip,259,11,19,F,CDGSYD,UAE,0,1,0,11.16,0
4,Internet,OneWay,249,4,12,S,CDGSYD,United Kingdom,0,0,1,8.56,1
4,Internet,RoundTrip,69,14,7,S,JFKDXB,UAE,0,0,0,2.46,1
3,Internet,RoundTrip,119,11,8,T,JFKDXB,USA,1,0,1,4.11,1
1,Internet,RoundTrip,283,19,22,W,CDGSYD,USA,0,1,0,2.29,0
3,Internet,RoundTrip,160,7,1,W,LTNPRG,UAE,0,0,0,5.33,0
2,Internet,RoundTrip,86,16,15,F,AUHBOM,India,0,0,1,4.13,1
1,Internet,RoundTrip,362,4,0,T,JFKDXB,India,0,1,1,3.33,1
4,Mobile,RoundTrip,316,2,10,T,LHRBOM,United Kingdom,0,0,1,4.6,1
2,Mobile,RoundTrip,282,16,2,M,LHRBOM,India,0,1,1,10.94,1
4,Mobile,RoundTrip,154,18,5,T,JFKDXB,France,0,1,0,2.29,1
2,Mobile,RoundTrip,202,18,9,T,LHRBOM,UAE,1,0,1,4.29,1
3,Mobile,RoundTrip,345,2,7,S,CDGSYD,USA,0,1,1,9.0,1
3,Internet,RoundTrip,192,8,0,S,JFKDXB,UAE,0,1,1,6.04,0
4,Internet,RoundTrip,301,10,18,T,AUHBOM,United Kingdom,0,0,1,8.12,1
1,Internet,RoundTrip,308,6,3,W,LTNPRG,UAE,1,0,0,14.84,1
3,Internet,RoundTrip,293,6,16,F,LHRBOM,India,0,0,0,5.5,1
2,Internet,OneWay,219,8,22,T,LTNPRG,United Kingdom,0,1,0,13.25,1
2,Internet,RoundTrip,126,1,5,T,JFKDXB,USA,0,0,1,2.09,1
4,Internet,RoundTrip,124,19,10,S,AUHBOM,USA,1,1,1,6.74,0
1,Internet,RoundTrip,296,7,14,S,LHRBOM,India,0,1,1,5.65,1
3,Mobile,OneWay,153,12,21,S,LTNPRG,UAE,1,1,0,10.51,0
2,Internet,RoundTrip,91,16,8,W,CDGSYD,United Kingdom,1,0,0,14.72,1
4,Internet,OneWay,67,4,4,S,JFKDXB,USA,0,0,0,9.78,1
1,Internet,OneWay,225,5,2,S,LTNPRG,UAE,1,1,0,8.7,0
1,Internet,RoundTrip,350,13,8,S,LTNPRG,India,0,1,1,11.33,0
1,Internet,OneWay,138,20,19,S,LHRBOM,UAE,0,0,0,2.07,0
2,Internet,RoundTrip,238,9,15,W,LTNPRG,UAE,0,1,0,11.87,1
1,Internet,RoundTrip,113,19,5,T,CDGSYD,India,0,0,0,3.32,1
3,Internet,RoundTrip,146,1,22,F,CDGSYD,UAE,1,0,1,14.03,0
1,Internet,RoundTrip,149,15,14,S,AUHBOM,India,1,0,1,13.73,1
2,Mobile,OneWay,131,20,16,M,AUHBOM,France,1,1,1,6.81,1
3,Mobile,RoundTrip,309,15,0,M,AUHBOM,UAE,0,1,1,2.08,1
3,Internet,RoundTrip,331,3,20,S,JFKDXB,India,1,1,0,5.44,0
1,Internet,RoundTrip,98,1,1,F,JFKDXB,UAE,1,0,1,12.56,1
1,Internet,RoundTrip,132,9,1,T,CDGSYD,United Kingdom,0,1,0,6.44,0
2,Mobile,RoundTrip,8,12,15,S,LHRBOM,India,0,0,1,7.28,1
3,Internet,OneWay,276,14,6,W,CDGSYD,USA,1,0,0,10.62,0
4,Mobile,OneWay,258,19,21,F,AUHBOM,UAE,0,0,1,5.66,0
1,Mobile,RoundTrip,305,12,20,S,CDGSYD,UAE,1,1,0,10.2,1
1,Internet,RoundTrip,204,6,12,S,LHRBOM,USA,0,1,1,7.79,1
3,Internet,OneWay,332,1,12,F,AUHBOM,India,0,1,0,14.99,1
4,Internet,RoundTrip,52,19,3,T,LHRBOM,India,0,0,0,14.59,1
4,Internet,RoundTrip,136,13,3,W,LTNPRG,UAE,0,0,1,8.63,0
3,Internet,OneWay,164,14,0,T,LTNPRG,India,1,1,1,7.4,1
1,Mobile,OneWay,279,15,3,M,LTNPRG,United Kingdom,0,0,1,2.27,1
3,Internet,OneWay,80,17,10,M,LTNPRG,India,1,0,1,6.35,0
2,Internet,RoundTrip,119,17,17,T,LHRBOM,India,1,1,0,11.46,0
2,Internet,RoundTrip,35,18,1,W,LHRBOM,United Kingdom,0,0,0,11.97,0
2,Mobile,RoundTrip,344,4,3,F,LHRBOM,India,1,0,0,4.12,0
3,Internet,RoundTrip,165,6,8,T,JFKDXB,USA,0,1,0,13.71,0
3,Internet,RoundTrip,5,1,11,F,JFKDXB,India,1,1,0,4.12,0
1,Internet,RoundTrip,86,3,9,T,LHRBOM,France,0,0,0,13.3,1
1,Internet,RoundTrip,208,19,4,T,AUHBOM,France,1,1,1,7.43,1
1,Mobile,RoundTrip,179,9,17,M,CDGSYD,United Kingdom,1,0,0,5.06,1
2,Mobile,RoundTrip,186,14,4,F,LTNPRG,UAE,0,1,0,11.21,0
3,Mobile,RoundTrip,23,12,2,S,JFKDXB,UAE,1,1,0,13.16,0
4,Mobile,RoundTrip,320,10,9,W,AUHBOM,India,1,0,0,14.53,0
2,Internet,RoundTrip,302,4,22,T,AUHBOM,India,1,0,1,11.95,1
3,Internet,OneWay,79,15,2,S,LHRBOM,France,1,0,0,14.49,0
4,Internet,RoundTrip,134,16,2,T,JFKDXB,UAE,0,1,0,7.11,0
3,Internet,OneWay,32,4,15,F,AUHBOM,India,0,1,1,13.76,1
3,Internet,RoundTrip,47,7,14,S,AUHBOM,India,1,0,0,8.14,1
2,Mobile,RoundTrip,309,20,3,S,JFKDXB,USA,1,0,1,3.61,1
1,Internet,RoundTrip,42,18,14,T,LTNPRG,India,0,1,0,14.55,0
4,Internet,RoundTrip,128,14,17,M,LHRBOM,India,0,1,1,3.98,1
3,Internet,RoundTrip,362,20,14,W,CDGSYD,United Kingdom,0,1,0,3.23,0
1,Mobile,RoundTrip,119,18,11,S,CDGSYD,UAE,1,0,0,6.04,1
2,Mobile,RoundTrip,251,13,10,T,AUHBOM,India,1,1,0,9.24,0
1,Internet,OneWay,39,12,7,S,LHRBOM,France,1,1,0,6.17,0
4,Mobile,RoundTrip,319,13,1,S,AUHBOM,United Kingdom,0,1,1,9.79,0
3,Mobile,RoundTrip,335,17,14,T,AUHBOM,UAE,0,0,0,9.78,1
4,Internet,OneWay,333,20,18,S,LTNPRG,USA,1,1,1,11.74,1
2,Mobile,RoundTrip,231,7,9,S,LHRBOM,India,1,0,0,14.6,0
1,Internet,RoundTrip,354,7,16,F,LTNPRG,UAE,0,1,1,10.14,1
3,Internet,RoundTrip,252,3,1,S,LTNPRG,USA,1,1,1,5.21,0
3,Internet,RoundTrip,137,1,2,T,LTNPRG,United Kingdom,0,1,1,2.35,0
1,Internet,RoundTrip,327,8,7,S,CDGSYD,India,1,1,0,10.1,1
3,Internet,OneWay,100,5,7,W,AUHBOM,France,0,1,1,6.73,1
1,Internet,RoundTrip,308,18,12,S,LHRBOM,India,1,0,1,6.72,0
3,Internet,RoundTrip,339,10,0,S,AUHBOM,USA,1,0,0,6.3,1
3,Internet,OneWay,165,14,2,S,CDGSYD,USA,0,1,0,7.52,0
1,Internet,RoundTrip,85,5,16,S,LTNPRG,USA,1,0,1,8.32,0
2,Internet,OneWay,59,10,16,T,JFKDXB,USA,0,0,0,10.73,0
1,Internet,OneWay,196,17,17,S,CDGSYD,France,0,0,1,11.99,1
3,Internet,RoundTrip,245,5,8,T,CDGSYD,India,0,1,0,7.96,0
1,Mobile,RoundTrip,215,8,15,T,CDGSYD,UAE,0,1,0,3.11,0
3,Mobile,RoundTrip,237,12,4,T,CDGSYD,India,0,1,1,7.74,1
2,Internet,RoundTrip,10,5,19,T,CDGSYD,India,1,1,0,13.67,0
1,Mobile,RoundTrip,18,12,0,S,AUHBOM,United Kingdom,0,0,0,13.78,1
4,Internet,RoundTrip,96,13,14,S,LHRBOM,France,0,1,1,14.55,0
3,Mobile,RoundTrip,328,11,1,T,JFKDXB,USA,1,1,1,12.29,0
2,Internet,RoundTrip,184,4,18,W,LTNPRG,UAE,0,0,0,11.14,0
4,Internet,OneWay,123,15,5,W,JFKDXB,France,0,1,1,9.09,0
3,Internet,RoundTrip,243,17,0,M,LHRBOM,UAE,0,0,0,6.35,0
4,Internet,RoundTrip,157,5,8,T,LHRBOM,UAE,1,0,0,12.57,1
1,Internet,RoundTrip,53,3,20,S,LTNPRG,UAE,0,0,0,4.32,0
1,Internet,RoundTrip,188,11,3,S,CDGSYD,UAE,1,1,0,11.58,1
1,Internet,RoundTrip,254,4,6,T,JFKDXB,USA,0,0,1,9.06,0
3,Internet,RoundTrip,332,7,12,S,LHRBOM,France,0,1,1,9.61,1
4,Mobile,RoundTrip,134,14,20,M,CDGSYD,India,0,1,0,7.08,0
4,Internet,RoundTrip,63,5,4,M,AUHBOM,India,0,1,0,9.33,1
4,Mobile,RoundTrip,316,8,8,S,LHRBOM,France,0,0,1,12.21,0
3,Internet,RoundTrip,135,7,21,M,AUHBOM,USA,0,0,0,8.27,0
3,Mobile,RoundTrip,58,15,16,F,CDGSYD,United Kingdom,1,1,0,12.48,1
2,Internet,OneWay,183,17,12,S,AUHBOM,India,1,0,0,2.3,1
1,Mobile,RoundTrip,22,18,8,S,LHRBOM,USA,0,1,0,12.43,1
1,Mobile,RoundTrip,362,3,18,W,LTNPRG,India,0,1,0,13.58,1
1,Mobile,OneWay,284,16,21,T,JFKDXB,United Kingdom,0,0,1,14.07,0
3,Mobile,RoundTrip,161,6,9,F,JFKDXB,UAE,0,1,0,7.99,0
3,Internet,RoundTrip,199,18,21,T,JFKDXB,France,1,0,0,7.71,0
4,Mobile,RoundTrip,146,11,4,S,JFKDXB,USA,1,1,1,6.87,0
1,Internet,RoundTrip,171,19,19,M,LHRBOM,USA,1,1,1,3.08,0
4,Internet,RoundTrip,341,9,10,S,AUHBOM,India,1,0,0,13.37,1
3,Mobile,RoundTrip,265,7,4,S,LTNPRG,India,1,1,0,5.29,0
4,Internet,OneWay,241,17,9,M,CDGSYD,India,0,1,1,3.97,0
3,Internet,RoundTrip,356,8,9,T,LHRBOM,UAE,0,0,1,11.95,0
2,Mobile,RoundTrip,60,16,14,F,LTNPRG,India,1,1,0,3.8,0
3,Internet,OneWay,331,2,18,S,CDGSYD,France,0,1,0,11.94,0
3,Internet,RoundTrip,64,14,20,S,LHRBOM,France,0,1,1,12.83,0
1,Internet,OneWay,95,19,3,T,CDGSYD,UAE,1,0,1,5.35,1
1,Mobile,OneWay,235,6,5,T,AUHBOM,France,1,0,0,3.31,0
3,Mobile,OneWay,50,20,19,S,LTNPRG,UAE,1,0,1,6.78,0
1,Internet,RoundTrip,171,1,2,F,JFKDXB,United Kingdom,1,1,1,3.74,0
1,Internet,RoundTrip,123,3,6,T,LTNPRG,UAE,1,0,0,9.61,1
1,Internet,OneWay,4,7,16,S,LHRBOM,UAE,0,0,1,13.7,1
3,Internet,RoundTrip,67,7,12,M,AUHBOM,France,0,0,0,8.74,0
4,Internet,RoundTrip,164,13,0,M,CDGSYD,United Kingdom,1,0,0,5.04,1
2,Mobile,RoundTrip,31,18,3,T,LHRBOM,India,1,0,0,9.75,0
1,Internet,RoundTrip,343,3,18,W,LTNPRG,France,1,1,1,3.18,0
3,Internet,OneWay,157,15,7,T,JFKDXB,UAE,1,0,1,5.98,1
2,Internet,OneWay,273,17,16,T,LHRBOM,UAE,0,1,1,13.89,1
3,Internet,RoundTrip,75,12,15,T,LHRBOM,USA,1,1,1,13.07,0
2,Internet,RoundTrip,204,20,18,M,AUHBOM,USA,1,1,1,12.01,1
3,Internet,RoundTrip,42,2,13,F,JFKDXB,UAE,0,1,1,10.86,1
2,Internet,RoundTrip,72,15,2,M,LTNPRG,USA,0,0,1,11.54,1
4,Mobile,RoundTrip,250,9,2,F,LHRBOM,USA,0,1,0,10.3,1
3,Internet,RoundTrip,123,9,4,W,CDGSYD,USA,0,0,0,9.38,0
2,Internet,RoundTrip,358,13,4,T,JFKDXB,India,0,0,0,2.67,0
1,Mobile,OneWay,363,16,12,F,AUHBOM,USA,1,0,0,3.29,0
3,Internet,RoundTrip,48,10,10,F,CDGSYD,UAE,1,1,1,5.01,1
2,Internet,RoundTrip,240,6,7,S,LHRBOM,UAE,0,0,0,9.12,1
1,Internet,OneWay,285,6,13,T,AUHBOM,India,0,0,0,4.86,1
2,Internet,RoundTrip,101,20,19,S,JFKDXB,India,1,0,1,8.07,1
2,Internet,RoundTrip,307,9,8,T,AUHBOM,India,1,1,0,9.57,0
4,Internet,RoundTrip,269,8,10,S,CDGSYD,United Kingdom,0,1,1,11.73,1
3,Internet,RoundTrip,119,12,20,T,LTNPRG,France,1,1,1,9.26,1
3,Internet,RoundTrip,34,14,9,S,JFKDXB,UAE,1,0,0,10.79,0
3,Internet,OneWay,162,1,1,T,CDGSYD,UAE,1,1,1,7.89,1
4,Internet,RoundTrip,135,1,4,M,JFKDXB,United Kingdom,1,0,0,13.99,1
1,Internet,RoundTrip,193,12,6,M,AUHBOM,UAE,0,0,0,11.93,0
2,Mobile,RoundTrip,84,13,12,W,JFKDXB,France,1,1,1,7.79,0
3,Internet,RoundTrip,114,10,9,M,AUHBOM,France,0,0,1,4.35,0
1,Internet,RoundTrip,327,6,7,S,AUHBOM,UAE,0,1,0,11.23,1
2,Internet,OneWay,307,16,19,M,LTNPRG,UAE,0,0,0,7.8,0
2,Internet,RoundTrip,268,3,10,S,CDGSYD,United Kingdom,0,1,1,4.92,1
4,Internet,OneWay,129,13,10,W,CDGSYD,UAE,1,1,0,9.81,1
4,Internet,OneWay,182,9,6,T,LTNPRG,UAE,1,1,0,7.03,0
1,Internet,OneWay,107,8,10,S,CDGSYD,United Kingdom,0,1,0,12.11,1
1,Internet,RoundTrip,149,3,14,F,JFKDXB,UAE,0,1,1,5.67,0
4,Mobile,RoundTrip,189,14,21,S,AUHBOM,UAE,0,1,0,8.1,0
1,Internet,RoundTrip,313,4,19,S,AUHBOM,United Kingdom,1,1,0,6.6,1
2,Mobile,RoundTrip,290,11,0,W,LTNPRG,UAE,1,0,0,13.03,1
4,Internet,RoundTrip,72,18,0,F,AUHBOM,USA,0,0,0,7.53,1
4,Internet,RoundTrip,345,15,19,F,AUHBOM,France,0,0,1,5.06,1
4,Internet,RoundTrip,28,2,5,S,JFKDXB,USA,1,1,1,13.21,1
1,Internet,RoundTrip,18,20,0,W,AUHBOM,USA,1,1,0,14.05,1
1,Mobile,OneWay,311,13,15,S,CDGSYD,India,0,0,0,6.8,1
1,Internet,RoundTrip,104,17,22,T,LHRBOM,USA,1,1,0,13.41,1
4,Internet,RoundTrip,312,2,16,F,LTNPRG,France,1,1,1,8.37,0
1,Internet,RoundTrip,26,19,3,S,LHRBOM,France,1,0,1,11.52,0
2,Internet,RoundTrip,89,15,6,M,LTNPRG,United Kingdom,1,0,1,5.54,0
4,Mobile,RoundTrip,301,18,6,T,JFKDXB,India,1,0,1,4.08,1
2,Internet,RoundTrip,72,20,6,S,AUHBOM,USA,1,1,1,8.75,1
4,Mobile,RoundTrip,190,17,14,T,LTNPRG,France,0,0,1,7.23,1
2,Mobile,RoundTrip,263,9,17,S,LHRBOM,India,0,1,0,2.0,1
2,Internet,RoundTrip,127,17,6,S,AUHBOM,UAE,1,1,0,2.59,0
4,Internet,RoundTrip,53,20,12,T,LTNPRG,USA,0,0,0,10.16,0
3,Internet,RoundTrip,304,19,11,F,LTNPRG,France,1,1,1,6.49,1
1,Internet,RoundTrip,227,13,8,S,LHRBOM,UAE,0,1,1,2.43,1
3,Internet,RoundTrip,332,20,4,W,LHRBOM,UAE,1,0,1,7.59,1
4,Mobile,OneWay,256,12,1,M,LHRBOM,India,0,1,0,3.61,0
4,Mobile,RoundTrip,271,9,21,T,JFKDXB,USA,1,1,1,3.96,1
1,Internet,RoundTrip,227,4,15,S,AUHBOM,UAE,0,1,1,11.88,0
1,Mobile,OneWay,244,10,19,S,LTNPRG,USA,1,0,1,3.01,1
3,Mobile,RoundTrip,156,20,6,S,LTNPRG,UAE,0,1,1,7.98,1
3,Internet,RoundTrip,338,3,4,F,JFKDXB,India,1,0,0,6.25,1
3,Mobile,OneWay,298,18,13,T,CDGSYD,USA,1,0,1,14.73,0
2,Internet,OneWay,89,13,16,F,LTNPRG,UAE,0,1,0,2.28,1
4,Internet,RoundTrip,339,3,16,S,CDGSYD,UAE,1,0,0,7.92,1
3,Internet,RoundTrip,86,5,12,S,JFKDXB,UAE,0,1,0,11.09,0
4,Internet,OneWay,257,1,10,M,CDGSYD,France,0,0,1,14.26,0
2,Mobile,RoundTrip,336,15,12,F,JFKDXB,USA,1,1,1,6.1,1
4,Internet,RoundTrip,153,8,5,S,CDGSYD,France,1,1,0,10.25,1
1,Mobile,OneWay,68,4,3,M,LTNPRG,UAE,0,0,1,5.32,0
3,Internet,OneWay,363,4,4,F,CDGSYD,India,0,0,0,10.19,1
3,Internet,RoundTrip,289,11,7,F,LTNPRG,India,0,1,0,3.14,0
2,Internet,RoundTrip,164,7,16,T,LHRBOM,France,0,0,0,5.72,0
1,Internet,RoundTrip,361,19,19,S,CDGSYD,USA,0,1,0,7.78,1
4,Internet,OneWay,43,20,20,S,LTNPRG,India,0,1,0,2.78,1
1,Internet,RoundTrip,192,5,9,F,AUHBOM,India,0,1,1,4.54,1
2,Internet,OneWay,67,18,22,M,AUHBOM,United Kingdom,1,0,1,3.37,0
1,Internet,RoundTrip,68,2,22,T,CDGSYD,UAE,1,0,1,14.29,0
2,Internet,OneWay,127,9,18,T,JFKDXB,France,0,1,1,8.66,0
4,Internet,RoundTrip,209,12,1,T,CDGSYD,UAE,0,1,1,9.63,0
3,Internet,RoundTrip,63,6,13,S,JFKDXB,UAE,0,0,0,12.64,1
1,Internet,OneWay,190,13,6,F,CDGSYD,India,1,1,0,6.46,0
2,Mobile,RoundTrip,284,12,19,M,LTNPRG,United Kingdom,0,0,1,3.3,1
1,Internet,RoundTrip,54,19,5,S,CDGSYD,India,0,1,1,4.2,0
3,Mobile,RoundTrip,6,19,8,M,JFKDXB,United Kingdom,1,1,0,10.94,0
1,Internet,OneWay,272,17,5,S,LHRBOM,USA,0,0,1,14.32,1
2,Internet,RoundTrip,148,16,20,F,JFKDXB,USA,1,0,0,7.85,1
1,Mobile,RoundTrip,70,7,13,S,JFKDXB,India,1,1,0,6.01,1
1,Mobile,RoundTrip,320,18,9,W,JFKDXB,UAE,1,0,1,13.46,0
1,Internet,OneWay,156,8,18,T,AUHBOM,USA,0,0,0,7.16,1
4,Internet,OneWay,43,16,13,T,LHRBOM,USA,1,0,0,3.68,1
4,Internet,RoundTrip,113,10,13,S,CDGSYD,UAE,0,1,1,5.36,0
4,Internet,RoundTrip,210,11,3,F,CDGSYD,France,0,0,0,12.15,1
3,Mobile,RoundTrip,106,17,8,T,CDGSYD,India,0,1,0,13.21,0
2,Internet,RoundTrip,340,3,11,W,AUHBOM,France,1,0,0,12.28,0
1,Internet,RoundTrip,229,18,9,S,LTNPRG,USA,1,0,1,14.8,1
4,Internet,RoundTrip,27,17,7,T,LHRBOM,France,1,1,0,3.74,1
4,Internet,RoundTrip,127,10,22,M,AUHBOM,UAE,1,0,0,8.38,0
2,Internet,RoundTrip,128,14,8,T,AUHBOM,United Kingdom,1,1,0,10.58,0
1,Internet,RoundTrip,54,6,13,T,LHRBOM,USA,1,0,1,14.7,0
2,Mobile,OneWay,14,16,13,T,LTNPRG,India,0,0,1,14.33,0
2,Internet,RoundTrip,41,3,4,W,JFKDXB,USA,1,0,0,6.64,0
4,Internet,OneWay,249,15,20,S,JFKDXB,France,0,0,1,13.55,0
1,Internet,OneWay,91,14,3,T,JFKDXB,UAE,0,1,0,8.7,1
3,Internet,RoundTrip,152,5,18,M,LTNPRG,UAE,1,1,1,3.25,1
4,Internet,RoundTrip,52,17,13,W,AUHBOM,United Kingdom,1,0,1,2.76,0
4,Internet,RoundTrip,345,6,8,S,LHRBOM,France,0,0,1,14.99,0
1,Mobile,RoundTrip,360,11,6,S,JFKDXB,India,1,0,0,14.25,0
2,Mobile,RoundTrip,252,18,16,M,AUHBOM,USA,0,1,1,10.22,0
2,Mobile,RoundTrip,121,2,10,M,AUHBOM,France,1,1,0,11.1,1
2,Mobile,RoundTrip,220,9,12,W,JFKDXB,France,1,0,0,9.59,1
1,Internet,OneWay,141,13,8,T,LTNPRG,France,1,1,0,12.34,0
1,Internet,RoundTrip,332,4,8,S,CDGSYD,UAE,1,1,0,5.68,1
1,Internet,RoundTrip,221,11,6,T,AUHBOM,USA,1,0,0,5.24,1
4,Mobile,RoundTrip,48,13,20,M,CDGSYD,UAE,1,1,1,8.52,0
2,Internet,OneWay,36,18,20,T,AUHBOM,India,1,1,1,4.65,0
1,Internet,OneWay,286,6,3,F,LTNPRG,France,1,1,1,8.72,1
4,Internet,RoundTrip,265,17,3,T,LTNPRG,UAE,0,1,1,14.42,1
2,Internet,OneWay,266,13,18,W,LHRBOM,UAE,1,1,0,5.99,1
2,Internet,RoundTrip,122,11,8,T,LHRBOM,India,1,1,1,9.84,0
1,Internet,RoundTrip,246,12,4,S,LTNPRG,France,0,1,1,13.67,1
2,Internet,OneWay,99,20,4,S,LTNPRG,USA,0,1,0,9.43,0
3,Internet,RoundTrip,233,14,20,T,JFKDXB,United Kingdom,0,1,1,3.36,1
3,Mobile,RoundTrip,120,9,6,W,CDGSYD,France,0,1,0,10.08,0
2,Internet,RoundTrip,46,20,16,M,AUHBOM,UAE,1,0,0,9.82,1
3,Internet,RoundTrip,303,14,10,W,AUHBOM,India,1,1,1,6.12,0
4,Internet,RoundTrip,297,6,10,F,JFKDXB,USA,0,1,1,10.01,1
4,Internet,RoundTrip,286,13,7,T,JFKDXB,USA,1,1,1,11.97,0
3,Mobile,RoundTrip,232,20,1,W,AUHBOM,France,1,0,0,12.54,1
1,Internet,RoundTrip,233,14,2,M,LTNPRG,UAE,0,0,1,12.18,1
1,Mobile,RoundTrip,281,16,4,S,CDGSYD,India,1,0,1,8.56,1
1,Internet,RoundTrip,206,14,6,W,LTNPRG,UAE,1,1,1,11.9,1
1,Internet,OneWay,319,18,3,S,JFKDXB,India,1,1,0,2.72,0
3,Mobile,RoundTrip,279,2,6,S,LTNPRG,UAE,0,0,1,11.49,1
1,Internet,RoundTrip,198,17,17,S,LHRBOM,UAE,0,1,1,5.3,1
1,Mobile,OneWay,214,19,0,W,LTNPRG,USA,0,1,0,3.12,0
3,Internet,OneWay,349,1,14,M,CDGSYD,United Kingdom,1,1,0,8.18,0
2,Internet,RoundTrip,184,16,11,T,LHRBOM,India,0,0,1,4.39,1
4,Internet,OneWay,40,11,5,F,CDGSYD,USA,0,1,1,14.72,0
1,Internet,RoundTrip,307,8,6,F,CDGSYD,India,0,1,1,4.44,1
2,Mobile,RoundTrip,2,3,8,M,LHRBOM,USA,0,1,1,14.15,0
1,Internet,RoundTrip,90,7,6,S,LHRBOM,India,0,1,0,12.91,0
3,Internet,RoundTrip,121,14,7,M,JFKDXB,France,0,0,0,13.01,1
1,Internet,RoundTrip,10,11,9,T,CDGSYD,France,1,0,1,7.72,0
1,Internet,OneWay,79,2,15,T,AUHBOM,United Kingdom,1,0,0,5.45,1
3,Internet,RoundTrip,65,7,14,T,LTNPRG,France,0,0,0,8.24,0
4,Mobile,OneWay,202,1,7,T,LTNPRG,United Kingdom,0,1,0,14.4,0
3,Internet,RoundTrip,321,8,6,W,CDGSYD,France,0,1,0,5.92,0
4,Internet,RoundTrip,103,19,17,T,CDGSYD,USA,0,0,0,3.74,0
4,Internet,RoundTrip,143,16,17,S,LHRBOM,United Kingdom,0,0,0,11.9,1
4,Internet,RoundTrip,251,19,15,S,LTNPRG,India,1,1,0,8.21,0
4,Internet,RoundTrip,246,4,15,W,LHRBOM,France,0,0,0,5.17,1
1,Mobile,RoundTrip,345,13,5,T,LHRBOM,USA,1,1,1,2.59,1
1,Internet,OneWay,191,7,15,W,CDGSYD,India,0,0,1,12.49,1
2,Mobile,RoundTrip,281,10,7,T,LTNPRG,UAE,1,0,1,5.35,0
3,Internet,RoundTrip,308,20,12,T,LHRBOM,UAE,0,0,0,2.16,1
4,Internet,RoundTrip,153,17,12,M,LTNPRG,France,0,0,0,14.78,0
1,Mobile,RoundTrip,305,14,18,T,AUHBOM,France,1,0,0,13.05,1
1,Mobile,RoundTrip,359,20,20,T,LTNPRG,India,1,0,0,10.08,1
2,Mobile,RoundTrip,44,10,9,S,LHRBOM,India,1,0,1,9.67,1
3,Internet,RoundTrip,281,2,2,F,AUHBOM,USA,0,0,1,4.73,0
4,Mobile,RoundTrip,227,19,0,S,JFKDXB,France,0,0,1,7.5,1
4,Mobile,RoundTrip,296,3,8,T,LTNPRG,United Kingdom,0,0,0,10.09,0
3,Mobile,RoundTrip,200,6,9,M,CDGSYD,United Kingdom,0,1,0,5.9,1
4,Internet,RoundTrip,75,19,13,F,JFKDXB,United Kingdom,1,0,0,10.87,1
2,Mobile,RoundTrip,157,18,8,T,CDGSYD,India,1,1,1,10.33,0
3,Internet,RoundTrip,251,2,7,S,LHRBOM,UAE,0,1,0,13.71,0
1,Mobile,RoundTrip,327,18,16,M,JFKDXB,United Kingdom,0,1,1,3.18,0
3,Internet,RoundTrip,26,15,6,T,LTNPRG,India,0,0,0,2.54,0
2,Mobile,RoundTrip,69,3,1,W,JFKDXB,USA,0,1,1,2.01,0
4,Mobile,OneWay,86,12,9,S,AUHBOM,India,1,1,0,14.74,0
2,Internet,OneWay,216,6,14,T,AUHBOM,USA,0,0,1,9.88,0
2,Internet,RoundTrip,6,11,4,S,LTNPRG,UAE,1,1,1,11.81,0
2,Internet,RoundTrip,347,4,0,M,LTNPRG,France,1,1,1,10.41,0
4,Mobile,OneWay,257,2,13,S,AUHBOM,India,0,1,0,5.0,1
4,Mobile,RoundTrip,330,14,4,F,AUHBOM,India,1,0,1,10.68,0
2,Mobile,OneWay,8,15,20,M,LTNPRG,India,0,0,0,10.57,1
4,Mobile,RoundTrip,100,4,7,S,LHRBOM,France,1,1,1,13.83,0
4,Internet,RoundTrip,164,13,20,M,LHRBOM,UAE,0,0,1,6.62,0
4,Internet,OneWay,281,10,2,W,AUHBOM,India,0,0,1,10.22,1
4,Internet,OneWay,237,19,10,S,CDGSYD,UAE,0,0,1,7.1,1
2,Mobile,RoundTrip,153,12,9,W,CDGSYD,India,1,0,0,4.27,1
3,Internet,RoundTrip,112,10,6,W,LTNPRG,India,1,1,1,11.99,1
2,Mobile,RoundTrip,121,1,8,W,CDGSYD,France,0,1,1,8.05,1
2,Mobile,RoundTrip,134,19,8,T,AUHBOM,United Kingdom,1,1,0,7.27,1
2,Internet,OneWay,251,14,1,F,LHRBOM,USA,1,0,0,7.98,1
1,Mobile,RoundTrip,317,4,5,T,LHRBOM,United Kingdom,1,0,0,13.83,1
1,Internet,RoundTrip,174,1,6,S,JFKDXB,India,0,0,1,9.86,0
4,Internet,RoundTrip,329,5,13,T,LHRBOM,India,0,0,1,4.91,1
1,Internet,OneWay,110,11,6,T,JFKDXB,United Kingdom,1,0,1,7.54,0
3,Internet,RoundTrip,313,19,3,T,LTNPRG,United Kingdom,1,0,1,3.31,0
4,Internet,RoundTrip,1,13,15,T,AUHBOM,USA,0,1,0,6.09,1
2,Internet,OneWay,273,2,7,M,JFKDXB,USA,0,0,0,6.47,0
2,Internet,OneWay,346,4,0,S,LTNPRG,India,0,1,1,3.84,1
4,Internet,RoundTrip,102,5,3,S,CDGSYD,India,1,1,1,13.35,0
4,Internet,RoundTrip,249,2,12,T,LTNPRG,United Kingdom,0,1,0,10.12,0
4,Internet,OneWay,28,3,4,T,LTNPRG,United Kingdom,1,1,1,2.21,1
3,Mobile,RoundTrip,310,2,21,T,LHRBOM,France,1,1,0,3.31,1
4,Internet,RoundTrip,178,15,15,T,JFKDXB,UAE,0,0,1,14.68,0
2,Internet,RoundTrip,155,14,6,M,CDGSYD,USA,1,0,0,3.28,1
3,Mobile,OneWay,337,16,22,S,JFKDXB,United Kingdom,0,0,0,10.94,1
3,Mobile,OneWay,337,4,16,W,LTNPRG,USA,0,0,0,11.84,0
4,Internet,RoundTrip,82,19,15,S,JFKDXB,France,1,0,0,13.51,0
2,Mobile,RoundTrip,350,8,1,F,JFKDXB,UAE,0,0,1,13.29,1
4,Internet,RoundTrip,77,3,5,W,JFKDXB,UAE,1,1,0,10.68,0
3,Mobile,RoundTrip,296,4,13,F,LHRBOM,USA,0,0,0,10.64,0
1,Internet,OneWay,284,7,9,T,LTNPRG,UAE,1,1,0,8.26,0
3,Internet,RoundTrip,184,2,19,T,CDGSYD,UAE,0,1,0,2.77,0
4,Internet,RoundTrip,216,7,14,S,LTNPRG,USA,1,1,0,9.83,1
2,Mobile,RoundTrip,144,14,1,S,CDGSYD,USA,0,0,0,6.93,1
3,Internet,RoundTrip,148,20,19,S,LHRBOM,UAE,0,1,0,8.42,1
4,Internet,RoundTrip,188,1,21,F,LTNPRG,India,1,1,1,10.45,1
4,Internet,RoundTrip,315,12,16,S,LHRBOM,UAE,1,1,1,10.11,1
2,Mobile,RoundTrip,176,5,17,W,AUHBOM,India,1,0,0,11.98,0
4,Internet,RoundTrip,213,7,3,M,AUHBOM,France,0,1,1,10.9,0
3,Internet,RoundTrip,258,13,16,T,CDGSYD,USA,0,1,0,13.02,1
3,Internet,RoundTrip,335,6,13,F,LHRBOM,India,0,1,1,14.77,0
3,Mobile,RoundTrip,314,9,2,F,CDGSYD,UAE,1,0,1,6.94,0
2,Internet,RoundTrip,135,7,4,T,LHRBOM,UAE,1,1,1,8.61,1
2,Mobile,RoundTrip,315,8,12,S,JFKDXB,USA,0,0,1,2.28,0
1,Internet,OneWay,162,15,8,S,LTNPRG,United Kingdom,0,0,0,5.31,1
4,Internet,RoundTrip,35,6,13,M,LHRBOM,France,1,0,0,8.74,0
2,Internet,RoundTrip,28,11,22,M,CDGSYD,USA,0,0,1,6.83,0
3,Internet,RoundTrip,75,16,14,F,AUHBOM,USA,1,1,1,7.68,0
3,Internet,RoundTrip,134,13,20,T,LHRBOM,UAE,0,1,0,8.72,0
3,Internet,RoundTrip,146,16,0,F,CDGSYD,UAE,0,1,0,12.75,1
4,Mobile,RoundTrip,66,10,5,F,CDGSYD,India,1,0,1,2.57,1
4,Internet,RoundTrip,65,10,20,M,JFKDXB,France,0,1,0,10.13,1
1,Internet,RoundTrip,12,1,16,S,LTNPRG,United Kingdom,1,0,1,9.52,1
4,Internet,RoundTrip,332,15,8,T,LHRBOM,France,1,0,0,6.65,0
1,Internet,RoundTrip,94,14,7,F,CDGSYD,UAE,1,1,0,11.83,1
3,Internet,RoundTrip,237,11,17,S,LTNPRG,France,0,1,0,14.89,1
3,Internet,RoundTrip,179,15,0,T,CDGSYD,United Kingdom,1,1,1,10.62,0
1,Internet,RoundTrip,132,14,1,W,LHRBOM,USA,1,0,0,10.72,0
2,Internet,RoundTrip,91,4,19,S,JFKDXB,United Kingdom,0,0,0,5.05,1
4,Mobile,OneWay,24,5,17,W,LHRBOM,UAE,1,0,1,13.35,1
1,Internet,OneWay,40,13,18,F,LHRBOM,India,0,1,1,3.46,0
1,Mobile,RoundTrip,247,2,10,T,CDGSYD,USA,1,0,1,12.16,0
1,Internet,OneWay,165,18,6,T,LTNPRG,India,1,0,1,13.62,1
1,Mobile,RoundTrip,353,7,9,M,AUHBOM,UAE,1,0,0,11.39,1
3,Internet,RoundTrip,54,13,17,S,JFKDXB,United Kingdom,0,0,0,6.09,1
4,Internet,OneWay,339,11,5,F,AUHBOM,UAE,0,1,1,8.84,1
3,Mobile,RoundTrip,32,14,0,T,LTNPRG,United Kingdom,1,1,0,13.26,0
2,Internet,RoundTrip,267,8,11,S,JFKDXB,United Kingdom,0,1,0,2.96,0
4,Internet,RoundTrip,350,15,12,F,JFKDXB,USA,0,0,1,5.22,1
2,Mobile,OneWay,57,4,9,W,LTNPRG,France,1,1,0,4.75,0
2,Internet,RoundTrip,174,7,22,W,LTNPRG,India,0,0,0,10.26,0
